generation_reconstructed,start_time,end_time,n_points,growth_mean,dry_mass_start,dry_mass_end,fold_change_mass,log_fold_change_mass,project,variant,lineage_seed,label,gene_id,run_type,step_scale
1,0.0,4080.0,205,0.00024683337761573313,266.9493849022739,731.3535496399188,2.739671229838781,1.0078379240907758,all_media_conditions1_seed100,0,100,baseline,,baseline,1.0
2,4083.0,6803.0,137,0.0002471352030844023,365.6225274423889,721.0952506405931,1.9722396639091557,0.6791697822183483,all_media_conditions1_seed100,0,100,baseline,,baseline,1.0
3,6809.0,9589.0,140,0.0002444054332729048,362.25794283155574,719.4829588845421,1.9861067869506739,0.6861763340418212,all_media_conditions1_seed100,0,100,baseline,,baseline,1.0
4,9603.0,12323.0,137,0.0002215935768304681,359.1144833835899,658.5962174118047,1.8339450172170357,0.6064693936776948,all_media_conditions1_seed100,0,100,baseline,,baseline,1.0
5,12342.0,15402.0,154,0.00026544877551068984,329.8626721101417,748.6702429011941,2.2696422062912647,0.8196222006963377,all_media_conditions1_seed100,0,100,baseline,,baseline,1.0
6,15411.0,18051.0,133,0.000235649370282205,374.377331240359,699.1438333292558,1.8674844200980456,0.6245922953383862,all_media_conditions1_seed100,0,100,baseline,,baseline,1.0
7,18066.0,20886.0,142,0.00021561619340986876,349.2474614956275,645.4324274937205,1.8480661956129958,0.6141397927148691,all_media_conditions1_seed100,0,100,baseline,,baseline,1.0
8,20906.0,24009.0,157,0.00020150573009376769,648.2312514711646,608.8275505194365,0.9392135123656856,-0.06271244291034438,all_media_conditions1_seed100,0,100,baseline,,baseline,1.0
1,0.0,4040.0,203,0.00023648005224839928,266.96500744305945,702.0132509962816,2.6296077441760337,0.96683468836507,gene_ko_metabolic_seed100,4,100,KO: EG10030,EG10030,KO,1.0
2,4047.0,6807.0,139,0.00025734046560434214,350.8616096707675,717.6059764195895,2.0452678681288563,0.7155287677768118,gene_ko_metabolic_seed100,4,100,KO: EG10030,EG10030,KO,1.0
3,6819.0,9599.0,140,0.0002337282411392884,359.84685598059446,691.919918059901,1.9228177391585,0.6537916826860316,gene_ko_metabolic_seed100,4,100,KO: EG10030,EG10030,KO,1.0
4,9615.0,12455.0,143,0.00022951673986940723,346.9360507243872,667.5917040194056,1.9242500242494358,0.654536294034309,gene_ko_metabolic_seed100,4,100,KO: EG10030,EG10030,KO,1.0
5,12467.0,15447.0,150,0.00024154363529547122,332.95578539187613,687.8909529661908,2.0660129156685763,0.7256206222115829,gene_ko_metabolic_seed100,4,100,KO: EG10030,EG10030,KO,1.0
6,15459.0,18359.0,146,0.0002200105763271727,344.97213145348144,657.4654191980842,1.9058508188124224,0.6449285329203461,gene_ko_metabolic_seed100,4,100,KO: EG10030,EG10030,KO,1.0
7,18369.0,21449.0,155,0.00023659317391941864,330.6505158719142,691.9888266924463,2.0928103646464766,0.7385078347945093,gene_ko_metabolic_seed100,4,100,KO: EG10030,EG10030,KO,1.0
8,21456.0,24336.0,145,0.0002142665779150307,347.17705594867095,647.3692950921511,1.8646661235236197,0.623082014830039,gene_ko_metabolic_seed100,4,100,KO: EG10030,EG10030,KO,1.0
1,0.0,4040.0,203,0.00024241483229630632,266.96266630637876,729.0625332050345,2.730953145217423,1.0046506857048536,gene_ko_metabolic_seed100,5,100,KO: EG10032,EG10032,KO,1.0
2,4052.0,6772.0,137,0.00019082847195989902,368.46189916313085,624.4575476933026,1.694768303348601,0.5275460372992954,gene_ko_metabolic_seed100,5,100,KO: EG10032,EG10032,KO,1.0
3,6777.0,9997.0,162,0.00021514000976822977,311.7398371951973,626.4978506232503,2.009681714919758,0.697976358745985,gene_ko_metabolic_seed100,5,100,KO: EG10032,EG10032,KO,1.0
4,10012.0,13292.0,165,0.00020413343897761745,313.9593627743533,614.2388162012967,1.9564277706945092,0.6711202443760785,gene_ko_metabolic_seed100,5,100,KO: EG10032,EG10032,KO,1.0
5,13303.0,16643.0,168,0.00018136428551180487,309.61194350672065,573.4654933690808,1.852207272348435,0.6163780480763285,gene_ko_metabolic_seed100,5,100,KO: EG10032,EG10032,KO,1.0
6,16662.0,20402.0,188,0.00020460120959957741,286.5945819755449,621.5674733483418,2.168803991561083,0.7741758596474543,gene_ko_metabolic_seed100,5,100,KO: EG10032,EG10032,KO,1.0
7,20408.0,23668.0,164,0.00018419422920172617,310.7775919353287,566.6982144730766,1.8234847980642175,0.6007493945519559,gene_ko_metabolic_seed100,5,100,KO: EG10032,EG10032,KO,1.0
8,23689.0,27409.0,187,0.0002040509979296945,285.0217946528586,613.0617074147376,2.1509292233648805,0.765899945683285,gene_ko_metabolic_seed100,5,100,KO: EG10032,EG10032,KO,1.0
1,0.0,4020.0,202,0.00024265870472765485,266.97210497198034,708.9535230768449,2.6555340796794185,0.9766457944185346,gene_ko_metabolic_seed100,6,100,KO: EG10043,EG10043,KO,1.0
2,4040.0,6800.0,139,0.00021016155394498176,357.3328661890441,641.2125393959209,1.794440422551819,0.5846932310275424,gene_ko_metabolic_seed100,6,100,KO: EG10043,EG10043,KO,1.0
3,6819.0,9979.0,159,0.0002146075748388569,321.4508526642858,637.5292472812855,1.983286844621013,0.6847554909278307,gene_ko_metabolic_seed100,6,100,KO: EG10043,EG10043,KO,1.0
4,9989.0,13189.0,161,0.00020835979635320506,318.27141309172737,621.6963149873934,1.9533526713824516,0.6695472148969525,gene_ko_metabolic_seed100,6,100,KO: EG10043,EG10043,KO,1.0
5,13209.0,16489.0,165,0.00022856167732507012,314.3894612682633,673.5075444007273,2.1422713779392066,0.7618666577163687,gene_ko_metabolic_seed100,6,100,KO: EG10043,EG10043,KO,1.0
6,16498.0,19518.0,152,0.0002117075254810949,336.08943176715104,638.8605483229203,1.9008647340197673,0.6423089058035578,gene_ko_metabolic_seed100,6,100,KO: EG10043,EG10043,KO,1.0
7,19537.0,22657.0,157,0.00018978657145482116,321.1887811586291,583.0789962111164,1.815377841367207,0.5962936231127984,gene_ko_metabolic_seed100,6,100,KO: EG10043,EG10043,KO,1.0
8,22671.0,26311.0,183,0.00018296769526508715,290.821744133264,566.6666161953078,1.9485015396085468,0.6670606359469674,gene_ko_metabolic_seed100,6,100,KO: EG10043,EG10043,KO,1.0
1,0.0,4100.0,206,0.00023425216118289335,266.96345602132226,699.1993367665248,2.619082578518462,0.9628240955815567,gene_ko_metabolic_seed100,7,100,KO: EG10071,EG10071,KO,1.0
2,4103.0,6923.0,142,0.00021949531302768442,349.51128490358667,651.9148121489961,1.8652182069852996,0.623378047316192,gene_ko_metabolic_seed100,7,100,KO: EG10071,EG10071,KO,1.0
3,6925.0,10025.0,156,0.00015585278592039444,325.5834680175228,528.8129045371472,1.6242007241862988,0.48501583273868754,gene_ko_metabolic_seed100,7,100,KO: EG10071,EG10071,KO,1.0
4,10036.0,14576.0,228,0.000102898315471178,263.48795101128314,422.1205362783338,1.6020487261683465,0.4712832640190376,gene_ko_metabolic_seed100,7,100,KO: EG10071,EG10071,KO,1.0
5,14589.0,22849.0,414,6.604885523012531e-05,210.2989819420228,363.99602869556304,1.730850170239592,0.5486127156827078,gene_ko_metabolic_seed100,7,100,KO: EG10071,EG10071,KO,1.0
6,22869.0,33671.0,542,3.861586317218827e-05,364.34366296129906,279.14970057464916,0.766171417133446,-0.2663493521184923,gene_ko_metabolic_seed100,7,100,KO: EG10071,EG10071,KO,1.0
1,0.0,4040.0,203,0.00024446109717883623,266.9767240713055,719.5962060898089,2.695351846094326,0.9915287509764216,gene_ko_metabolic_seed100,8,100,KO: EG10084,EG10084,KO,1.0
2,4044.0,6744.0,136,0.00021929744440086157,358.5991166378633,651.4161329099888,1.8165581081668731,0.5969435612491606,gene_ko_metabolic_seed100,8,100,KO: EG10084,EG10084,KO,1.0
3,6749.0,9869.0,157,0.00023864621320146543,326.45410626033254,691.1964984466038,2.117285355557468,0.7501347754910903,gene_ko_metabolic_seed100,8,100,KO: EG10084,EG10084,KO,1.0
4,9879.0,12779.0,146,0.00030155027414292243,346.5027963753673,837.5721986522053,2.417216274771016,0.8826165783847253,gene_ko_metabolic_seed100,8,100,KO: EG10084,EG10084,KO,1.0
5,12797.0,15137.0,118,0.0002499119202358083,420.99648447144057,759.4901986418311,1.8040297880286769,0.590022933715125,gene_ko_metabolic_seed100,8,100,KO: EG10084,EG10084,KO,1.0
6,15144.0,17704.0,129,0.00023792411680349863,380.7330377323166,703.9408250332522,1.8489092231816628,0.6145958561114464,gene_ko_metabolic_seed100,8,100,KO: EG10084,EG10084,KO,1.0
7,17720.0,20520.0,141,0.00021879063591377914,352.4020190115183,651.7316048534042,1.8493980445444107,0.614860204814898,gene_ko_metabolic_seed100,8,100,KO: EG10084,EG10084,KO,1.0
8,20540.0,23604.0,155,0.00021302207453450847,654.3287859643481,630.6029217557598,0.9637401491153699,-0.036933575567607346,gene_ko_metabolic_seed100,8,100,KO: EG10084,EG10084,KO,1.0
1,0.0,4060.0,204,0.0002412958150606589,266.9644008736259,713.2724888352641,2.671788772215023,0.9827482002348634,gene_ko_metabolic_seed100,10,100,KO: EG10107,EG10107,KO,1.0
2,4078.0,6838.0,139,0.00021283900174648852,359.04285720014434,650.0664012432201,1.8105537770964428,0.5936327526802232,gene_ko_metabolic_seed100,10,100,KO: EG10107,EG10107,KO,1.0
3,6845.0,9965.0,157,0.00022371267297653034,325.5964212566281,657.1176340023394,2.018196734061808,0.702204406803898,gene_ko_metabolic_seed100,10,100,KO: EG10107,EG10107,KO,1.0
4,9977.0,13077.0,156,0.0002281965972661977,329.671760690926,672.948385654501,2.0412679091595103,0.7135711388878148,gene_ko_metabolic_seed100,10,100,KO: EG10107,EG10107,KO,1.0
5,13096.0,16056.0,149,0.00022419849798770362,337.61321020506307,657.888393456077,1.9486452945857238,0.6671344104201183,gene_ko_metabolic_seed100,10,100,KO: EG10107,EG10107,KO,1.0
6,16067.0,19127.0,154,0.00023260627938632004,330.80259581331495,679.4833083201463,2.0540446686930043,0.7198108584427357,gene_ko_metabolic_seed100,10,100,KO: EG10107,EG10107,KO,1.0
7,19134.0,22114.0,150,0.00025124479060139893,338.126419921422,718.8570762156082,2.126000909312751,0.754242707630272,gene_ko_metabolic_seed100,10,100,KO: EG10107,EG10107,KO,1.0
8,22133.0,24893.0,139,0.000213145412698224,361.4486071444418,654.8181406161352,1.8116493677743164,0.5942376832528418,gene_ko_metabolic_seed100,10,100,KO: EG10107,EG10107,KO,1.0
1,0.0,4040.0,203,0.000269289907197872,266.9828490349621,793.1644055388335,2.97084403888044,1.08884610061603,gene_ko_metabolic_seed100,12,100,KO: EG10112,EG10112,KO,1.0
2,4047.0,6507.0,124,0.00024580658015985576,396.72282751075727,729.2599908072852,1.8382103076423328,0.6087924393912427,gene_ko_metabolic_seed100,12,100,KO: EG10112,EG10112,KO,1.0
3,6518.0,9218.0,136,0.00025693804729862147,364.47899843019763,732.8534982723233,2.0106878624796103,0.6984768836661384,gene_ko_metabolic_seed100,12,100,KO: EG10112,EG10112,KO,1.0
4,9231.0,11911.0,135,0.00023664595273942824,367.27617139959557,695.6357177988882,1.8940398859746288,0.6387120536628584,gene_ko_metabolic_seed100,12,100,KO: EG10112,EG10112,KO,1.0
5,11915.0,14755.0,143,0.00024023203128432176,347.5044534555217,689.7597319114707,1.9848946540184569,0.6855658417073898,gene_ko_metabolic_seed100,12,100,KO: EG10112,EG10112,KO,1.0
6,14776.0,17696.0,147,0.00022856715461828215,345.4425126384259,675.1806398822316,1.954538353502952,0.6701540292371339,gene_ko_metabolic_seed100,12,100,KO: EG10112,EG10112,KO,1.0
7,17708.0,20668.0,149,0.00021222030954710962,336.6742785730455,632.9062724331948,1.8798771177759521,0.6312064118204795,gene_ko_metabolic_seed100,12,100,KO: EG10112,EG10112,KO,1.0
8,20684.0,23884.0,161,0.0002010294911915377,317.6394127874157,606.3805550851769,1.9090217733496595,0.646590950309609,gene_ko_metabolic_seed100,12,100,KO: EG10112,EG10112,KO,1.0
1,0.0,4000.0,201,0.0002657141248315469,266.97364888911227,772.4048809171456,2.893187713960357,1.0623589094612143,gene_ko_metabolic_seed100,13,100,KO: EG10122,EG10122,KO,1.0
2,4017.0,6597.0,130,0.00024188301686936035,386.63332321429664,724.9736453511184,1.8750935364908838,0.628658544306574,gene_ko_metabolic_seed100,13,100,KO: EG10122,EG10122,KO,1.0
3,6610.0,9290.0,135,0.0002221294316227057,363.71907210668235,662.514278875241,1.8214999698473855,0.5996603209127539,gene_ko_metabolic_seed100,13,100,KO: EG10122,EG10122,KO,1.0
4,9299.0,12319.0,152,0.0002032155166924274,333.15259198496244,619.5411703421307,1.8596318481295053,0.6203785370209928,gene_ko_metabolic_seed100,13,100,KO: EG10122,EG10122,KO,1.0
5,12335.0,15615.0,165,0.000185420805449086,311.16050857667915,573.2472690167701,1.8422879935469223,0.6110082739002267,gene_ko_metabolic_seed100,13,100,KO: EG10122,EG10122,KO,1.0
6,15635.0,19315.0,185,0.00022249646539045665,287.6120336553955,655.2325908812188,2.2781821141263183,0.8233778065733541,gene_ko_metabolic_seed100,13,100,KO: EG10122,EG10122,KO,1.0
7,19329.0,22409.0,155,0.00023209558046958725,330.5456298278883,680.9824374415407,2.0601767985742883,0.722791803669399,gene_ko_metabolic_seed100,13,100,KO: EG10122,EG10122,KO,1.0
8,22429.0,25311.0,146,0.0002521643639907981,683.9600816234542,712.328356014817,1.0414765059446562,0.04063942356206193,gene_ko_metabolic_seed100,13,100,KO: EG10122,EG10122,KO,1.0
1,0.0,4000.0,201,0.0002502844577417139,266.97364888911227,725.7441578371056,2.7184112022177294,1.000047592813491,gene_ko_metabolic_seed100,14,100,KO: EG10124,EG10124,KO,1.0
2,4020.0,6760.0,138,0.00024552920150508874,366.05809124809,722.9634085819337,1.974996389553801,0.6805665702773894,gene_ko_metabolic_seed100,14,100,KO: EG10124,EG10124,KO,1.0
3,6774.0,9454.0,135,0.00022589372488991512,362.7502603173608,666.9194173847045,1.8385084460069965,0.6089546157149124,gene_ko_metabolic_seed100,14,100,KO: EG10124,EG10124,KO,1.0
4,9459.0,12479.0,152,0.00020351846162716645,335.6385475587074,627.0434778404617,1.8682105568663383,0.6249810512630083,gene_ko_metabolic_seed100,14,100,KO: EG10124,EG10124,KO,1.0
5,12495.0,15755.0,164,0.00022595467173763288,315.1995514778886,660.6785503687954,2.0960643734137494,0.7400614784937362,gene_ko_metabolic_seed100,14,100,KO: EG10124,EG10124,KO,1.0
6,15761.0,18821.0,154,0.00021908450161707994,332.2235934352666,653.183191785786,1.966095138011497,0.6760494122181732,gene_ko_metabolic_seed100,14,100,KO: EG10124,EG10124,KO,1.0
7,18833.0,21933.0,156,0.00021816890392915267,327.0752088829953,645.5880089332688,1.9738212845236314,0.6799714022236343,gene_ko_metabolic_seed100,14,100,KO: EG10124,EG10124,KO,1.0
8,21953.0,25078.0,158,0.00018664182774482462,648.3499661217286,581.5823987396434,0.8970192475192488,-0.10867795949552779,gene_ko_metabolic_seed100,14,100,KO: EG10124,EG10124,KO,1.0
1,0.0,4020.0,202,0.00023760205431497367,266.96266630637876,708.0267004809177,2.652156236963686,0.975372983470555,gene_ko_metabolic_seed100,16,100,KO: EG10138,EG10138,KO,1.0
2,4040.0,6800.0,139,0.00023164317630758124,358.1280994489541,684.2856221550587,1.9107286560534007,0.6474846646236192,gene_ko_metabolic_seed100,16,100,KO: EG10138,EG10138,KO,1.0
3,6817.0,9737.0,147,0.0002399823799465112,344.54406283090077,699.5926170156022,2.0304880927782993,0.7082762039449474,gene_ko_metabolic_seed100,16,100,KO: EG10138,EG10138,KO,1.0
4,9758.0,12598.0,143,0.0002272708571834492,350.5478233651186,670.5442575689108,1.912846729818359,0.648592566923355,gene_ko_metabolic_seed100,16,100,KO: EG10138,EG10138,KO,1.0
5,12605.0,15585.0,150,0.00023874934874786263,335.36700550442924,686.0691163201152,2.0457263387857463,0.7157529043243701,gene_ko_metabolic_seed100,16,100,KO: EG10138,EG10138,KO,1.0
6,15592.0,18552.0,149,0.00023059027578027072,342.3106531547147,679.4155342087156,1.9847922579892336,0.685514252737521,gene_ko_metabolic_seed100,16,100,KO: EG10138,EG10138,KO,1.0
7,18558.0,21498.0,148,0.00021464910803578976,340.75402084436973,643.4777357603227,1.888393669327277,0.6357265572840771,gene_ko_metabolic_seed100,16,100,KO: EG10138,EG10138,KO,1.0
8,21513.0,24653.0,158,0.0002129994046140271,323.82090202420284,635.6823602065872,1.9630677211784042,0.6745084135165761,gene_ko_metabolic_seed100,16,100,KO: EG10138,EG10138,KO,1.0
1,0.0,4080.0,205,0.00022672177851999927,266.9705593213504,675.8568453811733,2.531578190116648,0.9288428988229083,gene_ko_non_metabolic_seed100,1,100,KO: EG10001,EG10001,KO,1.0
2,4083.0,7043.0,149,0.00022242371027430196,338.28815169629286,656.9565423865731,1.942002813555153,0.6637198186606444,gene_ko_non_metabolic_seed100,1,100,KO: EG10001,EG10001,KO,1.0
3,7053.0,10133.0,155,0.00022926659961003913,329.33555457745206,670.5451842862849,2.0360546408255726,0.7110139356688159,gene_ko_non_metabolic_seed100,1,100,KO: EG10001,EG10001,KO,1.0
4,10151.0,13171.0,152,0.00022177643236429714,338.5858473502806,668.000002032571,1.9729117659826412,0.679510505301825,gene_ko_non_metabolic_seed100,1,100,KO: EG10001,EG10001,KO,1.0
5,13177.0,16157.0,150,0.00024566292242195317,334.2768292179709,698.9974561040947,2.0910736102749783,0.7376776232104101,gene_ko_non_metabolic_seed100,1,100,KO: EG10001,EG10001,KO,1.0
6,16163.0,19003.0,143,0.0002085877961038848,350.8060584797993,638.3310143012002,1.819612286821317,0.5986234491757002,gene_ko_non_metabolic_seed100,1,100,KO: EG10001,EG10001,KO,1.0
7,19019.0,22159.0,158,0.00022059213884572306,321.8514510303987,644.3953642606093,2.002151496280644,0.6942223504978663,gene_ko_non_metabolic_seed100,1,100,KO: EG10001,EG10001,KO,1.0
8,22173.0,25353.0,160,0.0002356936896366253,323.28128354519345,709.3943342934467,2.194356340441454,0.785888764545342,gene_ko_non_metabolic_seed100,1,100,KO: EG10001,EG10001,KO,1.0
1,0.0,4020.0,202,0.00025176916818692765,266.9669356937867,735.5771031764259,2.755311631625195,1.0135305511353423,gene_ko_non_metabolic_seed100,2,100,KO: EG10004,EG10004,KO,1.0
2,4039.0,6799.0,139,0.0002545946969895462,369.2035286986935,747.6962712075008,2.0251601436282445,0.7056487807047924,gene_ko_non_metabolic_seed100,2,100,KO: EG10004,EG10004,KO,1.0
3,6813.0,9473.0,134,0.00026446292307438123,376.5348015667356,766.4004606180602,2.035404051442576,0.7106943502633349,gene_ko_non_metabolic_seed100,2,100,KO: EG10004,EG10004,KO,1.0
4,9480.0,12040.0,129,0.00023902233216031637,383.0374608522519,710.0620972655709,1.8537667195414638,0.6172196337369312,gene_ko_non_metabolic_seed100,2,100,KO: EG10004,EG10004,KO,1.0
5,12054.0,14794.0,138,0.00022620211931902675,358.2622604329662,673.5032892597067,1.8799169313724706,0.6312275904254773,gene_ko_non_metabolic_seed100,2,100,KO: EG10004,EG10004,KO,1.0
6,14804.0,17804.0,151,0.00022995363843260466,337.43625272777945,674.9397791944332,2.000199367253312,0.6932468592185188,gene_ko_non_metabolic_seed100,2,100,KO: EG10004,EG10004,KO,1.0
7,17819.0,20779.0,149,0.00024237181441406558,341.34861448172444,706.8437769754378,2.070738672979971,0.7279053904728108,gene_ko_non_metabolic_seed100,2,100,KO: EG10004,EG10004,KO,1.0
8,20786.0,23586.0,141,0.0002127758787040679,354.0850310430625,644.549060110158,1.8203228140185639,0.5990138557003153,gene_ko_non_metabolic_seed100,2,100,KO: EG10004,EG10004,KO,1.0
1,0.0,4060.0,204,0.0002312972294720005,266.9595490750788,681.4591968984982,2.552668369644447,0.937139231523535,gene_ko_non_metabolic_seed100,6,100,KO: EG10016,EG10016,KO,1.0
2,4064.0,6984.0,147,0.00021437460613605525,341.34829862208494,639.903890925721,1.8746362396086653,0.6284146350588194,gene_ko_non_metabolic_seed100,6,100,KO: EG10016,EG10016,KO,1.0
3,7000.0,10140.0,158,0.00020366019230733134,321.02916496740625,610.472729798071,1.901611431036341,0.6427016483185714,gene_ko_non_metabolic_seed100,6,100,KO: EG10016,EG10016,KO,1.0
4,10161.0,13521.0,169,0.0002108178795387299,308.03872124159886,628.7387091077721,2.0411028411413383,0.7134902701826636,gene_ko_non_metabolic_seed100,6,100,KO: EG10016,EG10016,KO,1.0
5,13542.0,16802.0,164,0.00025039144572053165,316.6721897152287,721.2382344944469,2.277554701418616,0.8231023680495447,gene_ko_non_metabolic_seed100,6,100,KO: EG10016,EG10016,KO,1.0
6,16818.0,19498.0,135,0.00024002832878686076,361.55760999767494,691.7386586565372,1.9132183627969703,0.6487868307274379,gene_ko_non_metabolic_seed100,6,100,KO: EG10016,EG10016,KO,1.0
7,19509.0,22449.0,148,0.0002563050805397173,345.3553695782131,738.8788230596899,2.139473968399831,0.7605599896587797,gene_ko_non_metabolic_seed100,6,100,KO: EG10016,EG10016,KO,1.0
8,22464.0,25224.0,139,0.00024341300671744143,370.374681419147,728.0486018154115,1.9657083443873171,0.6758526609679343,gene_ko_non_metabolic_seed100,6,100,KO: EG10016,EG10016,KO,1.0
1,0.0,4080.0,205,0.0002627547492993313,266.973615174168,779.9690067285803,2.9215209383884053,1.0721043499859548,gene_ko_non_metabolic_seed100,7,100,KO: EG10017,EG10017,KO,1.0
2,4098.0,6718.0,132,0.00027399223337228756,392.14169023784154,808.6872423479838,2.062232255533706,0.7237890153011286,gene_ko_non_metabolic_seed100,7,100,KO: EG10017,EG10017,KO,1.0
3,6735.0,9055.0,117,0.0002571700707297826,405.6072323462763,740.2000668681874,1.824918314662253,0.6015352269435604,gene_ko_non_metabolic_seed100,7,100,KO: EG10017,EG10017,KO,1.0
4,9076.0,11736.0,134,0.00023996297463402505,372.2150345384888,708.7635031924674,1.9041775248849544,0.6440501698825395,gene_ko_non_metabolic_seed100,7,100,KO: EG10017,EG10017,KO,1.0
5,11743.0,14523.0,140,0.00021532393832319265,355.52263249925113,650.5347950285691,1.829798543219156,0.6042058751208648,gene_ko_non_metabolic_seed100,7,100,KO: EG10017,EG10017,KO,1.0
6,14537.0,17617.0,155,0.00018522883375387834,327.00668677416775,580.5011830014801,1.7751966748079886,0.5739112194979383,gene_ko_non_metabolic_seed100,7,100,KO: EG10017,EG10017,KO,1.0
7,17629.0,21249.0,182,0.00014652862281410115,291.22324058003437,497.8661051728402,1.7095685913707699,0.5362410529370778,gene_ko_non_metabolic_seed100,7,100,KO: EG10017,EG10017,KO,1.0
8,21263.0,26143.0,245,0.00014282739449504922,248.75727844875394,503.8033610034181,2.0252808848252686,0.7057083994950485,gene_ko_non_metabolic_seed100,7,100,KO: EG10017,EG10017,KO,1.0
1,0.0,4040.0,203,0.0002611843475012437,266.9615872270682,769.9576783268501,2.884151560246572,1.0592307701384818,gene_ko_non_metabolic_seed100,10,100,KO: EG10031,EG10031,KO,1.0
2,4043.0,6563.0,127,0.0002783604524951113,383.18520429608463,775.5733587907998,2.024016976896424,0.7050841391847176,gene_ko_non_metabolic_seed100,10,100,KO: EG10031,EG10031,KO,1.0
3,6574.0,9194.0,132,0.0002758140269680938,389.2661388397537,806.7832888892888,2.0725750544190316,0.7287918218077896,gene_ko_non_metabolic_seed100,10,100,KO: EG10031,EG10031,KO,1.0
4,9202.0,11602.0,121,0.00022368659925452386,403.83390249248976,692.258674514464,1.7142163405345547,0.5389560318923248,gene_ko_non_metabolic_seed100,10,100,KO: EG10031,EG10031,KO,1.0
5,11622.0,14422.0,141,0.00021412589669486605,348.1257420678621,635.0513132021563,1.8242009609227983,0.6011420615277326,gene_ko_non_metabolic_seed100,10,100,KO: EG10031,EG10031,KO,1.0
6,14439.0,17639.0,161,0.00019827522515675628,319.9795015712966,606.8431436969195,1.8965063096759183,0.6400134091520484,gene_ko_non_metabolic_seed100,10,100,KO: EG10031,EG10031,KO,1.0
7,17659.0,21039.0,170,0.00022203407474476083,304.6308292866338,648.4306237795197,2.12857846757656,0.7554543708057948,gene_ko_non_metabolic_seed100,10,100,KO: EG10031,EG10031,KO,1.0
8,21059.0,24201.0,159,0.00021537674578747838,651.5836053754842,646.6878308942671,0.9924863448975272,-0.007542024805082864,gene_ko_non_metabolic_seed100,10,100,KO: EG10031,EG10031,KO,1.0
1,0.0,4040.0,203,0.0002321831461749695,266.9790076918265,683.804533047426,2.5612670410279623,0.9405020739516546,gene_ko_non_metabolic_seed100,12,100,KO: EG10034,EG10034,KO,1.0
2,4049.0,6969.0,147,0.00019126124762186726,344.28725284651955,604.1400046979759,1.7547556573850167,0.5623296206636678,gene_ko_non_metabolic_seed100,12,100,KO: EG10034,EG10034,KO,1.0
3,6981.0,10361.0,170,0.00012895088223520152,301.5105666568644,468.9324830378109,1.5552771109726375,0.4416537361675925,gene_ko_non_metabolic_seed100,12,100,KO: EG10034,EG10034,KO,1.0
4,10370.0,16690.0,317,7.473863451948948e-05,234.7696067992556,378.3957937871321,1.6117750459525493,0.47733608468924965,gene_ko_non_metabolic_seed100,12,100,KO: EG10034,EG10034,KO,1.0
5,16706.0,27506.0,541,5.662919958908857e-05,189.27896780441233,347.8049232839137,1.8375254647590376,0.6084198103810937,gene_ko_non_metabolic_seed100,12,100,KO: EG10034,EG10034,KO,1.0
1,0.0,4040.0,203,0.0002638295589140541,266.96009748592985,776.5227513271407,2.908759618534629,1.0677267423876866,gene_ko_non_metabolic_seed100,13,100,KO: EG10035,EG10035,KO,1.0
2,4057.0,6577.0,127,0.00024207294919043797,391.7046070082297,728.2100292207601,1.8590795619757938,0.6200815060891107,gene_ko_non_metabolic_seed100,13,100,KO: EG10035,EG10035,KO,1.0
3,6582.0,9322.0,138,0.0002644173208839584,365.6945367753193,761.0234321046582,2.0810358251871475,0.732865762634361,gene_ko_non_metabolic_seed100,13,100,KO: EG10035,EG10035,KO,1.0
4,9327.0,11987.0,134,0.00028293054681394604,381.52624135976043,815.307837890979,2.136963987025427,0.7593861240777574,gene_ko_non_metabolic_seed100,13,100,KO: EG10035,EG10035,KO,1.0
5,12007.0,14447.0,123,0.00028324166355467686,409.8590129069596,822.8276846563915,2.007587142760182,0.6969335744945028,gene_ko_non_metabolic_seed100,13,100,KO: EG10035,EG10035,KO,1.0
6,14468.0,16848.0,120,0.00023371210510280332,412.05801446124246,721.5408914745437,1.7510662725925714,0.5602249010127076,gene_ko_non_metabolic_seed100,13,100,KO: EG10035,EG10035,KO,1.0
7,16857.0,19517.0,134,0.0002324449679599869,360.81300811804,673.4972730528948,1.866610288153913,0.6241241058421915,gene_ko_non_metabolic_seed100,13,100,KO: EG10035,EG10035,KO,1.0
8,19537.0,22497.0,149,0.00021269946887760835,337.6333097515777,635.4957526359658,1.8822069217742408,0.63244498292715,gene_ko_non_metabolic_seed100,13,100,KO: EG10035,EG10035,KO,1.0
1,0.0,4060.0,204,0.00024875687040696204,266.97680238229475,735.4148937066213,2.754602224404319,1.0132730490242994,gene_ko_non_metabolic_seed100,14,100,KO: EG10039,EG10039,KO,1.0
2,4073.0,6673.0,131,0.00021473015486524283,367.86545353855365,646.348467012953,1.7570240988807972,0.5636215250362234,gene_ko_non_metabolic_seed100,14,100,KO: EG10039,EG10039,KO,1.0
3,6691.0,9791.0,156,0.0001998038928577327,325.98819222155487,610.2651327487536,1.8720467406806947,0.6270323460560341,gene_ko_non_metabolic_seed100,14,100,KO: EG10039,EG10039,KO,1.0
4,9799.0,13179.0,170,0.00020975701805139946,303.09040557938056,614.8681888819251,2.028662661579661,0.7073767885587436,gene_ko_non_metabolic_seed100,14,100,KO: EG10039,EG10039,KO,1.0
5,13189.0,16549.0,169,0.00021029421816286438,307.61153678991377,623.6483194455457,2.027389238887592,0.7067488761132632,gene_ko_non_metabolic_seed100,14,100,KO: EG10039,EG10039,KO,1.0
6,16568.0,19868.0,166,0.00021744497101181312,312.4977561124173,644.2209301125565,2.061521778994169,0.7234444377435838,gene_ko_non_metabolic_seed100,14,100,KO: EG10039,EG10039,KO,1.0
7,19874.0,22994.0,157,0.00019378622051234852,323.0266501811841,594.940244537499,1.8417683005529106,0.6107261430336104,gene_ko_non_metabolic_seed100,14,100,KO: EG10039,EG10039,KO,1.0
8,23005.0,26505.0,176,0.00019212892716527588,299.1985221682547,588.9307859694334,1.9683612796665062,0.6772013588481681,gene_ko_non_metabolic_seed100,14,100,KO: EG10039,EG10039,KO,1.0
1,0.0,4000.0,201,0.00025237298049479777,266.97329523820224,732.9558252774596,2.7454274953736197,1.0099367988554326,gene_ko_non_metabolic_seed100,17,100,KO: EG10046,EG10046,KO,1.0
2,4015.0,6635.0,132,0.00022357105462181406,366.77740549207124,659.9667747151232,1.7993659501181838,0.5874343529131957,gene_ko_non_metabolic_seed100,17,100,KO: EG10046,EG10046,KO,1.0
3,6651.0,9671.0,152,0.0002051855712380773,332.3361455525627,620.9196473817863,1.8683482242035596,0.6250547379599665,gene_ko_non_metabolic_seed100,17,100,KO: EG10046,EG10046,KO,1.0
4,9686.0,12986.0,166,0.00021874333457718974,310.38635253573887,641.0702116990383,2.065394326979062,0.7253211655578058,gene_ko_non_metabolic_seed100,17,100,KO: EG10046,EG10046,KO,1.0
5,12992.0,16112.0,157,0.00019692154676010875,318.4959492145697,589.7263510523401,1.8515976498496793,0.6160488609203812,gene_ko_non_metabolic_seed100,17,100,KO: EG10046,EG10046,KO,1.0
6,16125.0,19665.0,178,0.00022692826265084855,296.03506106641544,665.0736053947553,2.2466041792446543,0.8094198224767193,gene_ko_non_metabolic_seed100,17,100,KO: EG10046,EG10046,KO,1.0
7,19679.0,22679.0,151,0.00022152466599528972,333.08294272744763,649.9469741558485,1.951306689059973,0.6684992451147715,gene_ko_non_metabolic_seed100,17,100,KO: EG10046,EG10046,KO,1.0
8,22699.0,25804.0,157,0.00022680332383741427,652.9485921987878,661.3331257012626,1.0128410315952134,0.012759284615593402,gene_ko_non_metabolic_seed100,17,100,KO: EG10046,EG10046,KO,1.0
1,0.0,4040.0,203,0.00024490466607436347,266.97432946622814,720.4929778943217,2.69873504068661,0.9927831597788486,gene_ko_non_metabolic_seed100,19,100,KO: EG10051,EG10051,KO,1.0
2,4060.0,6780.0,137,0.0002497826914942362,362.34176096144404,720.2506728288047,1.987766110419287,0.6870114506184728,gene_ko_non_metabolic_seed100,19,100,KO: EG10051,EG10051,KO,1.0
3,6798.0,9598.0,141,0.000250063994626959,361.2675998783993,729.4143089771019,2.0190415891782676,0.7026229380181337,gene_ko_non_metabolic_seed100,19,100,KO: EG10051,EG10051,KO,1.0
4,9608.0,12308.0,136,0.00022199272221192778,364.7786736468016,667.3200482745413,1.8293833946023843,0.6039789672351094,gene_ko_non_metabolic_seed100,19,100,KO: EG10051,EG10051,KO,1.0
5,12328.0,15310.0,151,0.00023058827808047487,670.381344854761,675.9957670922356,1.0083749678903893,0.008340092432074654,gene_ko_non_metabolic_seed100,19,100,KO: EG10051,EG10051,KO,1.0
6,15329.0,18249.0,147,0.00020470000099961374,340.59487162854316,622.3932147787073,1.8273710693374643,0.6028783598588703,gene_ko_non_metabolic_seed100,19,100,KO: EG10051,EG10051,KO,1.0
7,18265.0,21545.0,165,0.00021814454665544766,311.9646539788383,639.6663672062498,2.0504450073040665,0.7180568463262628,gene_ko_non_metabolic_seed100,19,100,KO: EG10051,EG10051,KO,1.0
8,21557.0,24757.0,161,0.0002158987048287005,319.5965295057848,640.924434548567,2.005417379029975,0.6958522081866103,gene_ko_non_metabolic_seed100,19,100,KO: EG10051,EG10051,KO,1.0
1,0.0,4060.0,204,0.0002480862883159398,266.9764925372041,736.3120278789243,2.757965770249666,1.0144933682171036,gene_ko_non_metabolic_seed100,20,100,KO: EG10054,EG10054,KO,1.0
2,4068.0,6688.0,132,0.0002357370735652718,370.24082542162614,711.2513585512863,1.9210505965713565,0.6528722221024243,gene_ko_non_metabolic_seed100,20,100,KO: EG10054,EG10054,KO,1.0
3,6705.0,9605.0,146,0.0002220644999946171,358.6415401867955,687.5254593326324,1.917026842385688,0.6507754662532634,gene_ko_non_metabolic_seed100,20,100,KO: EG10054,EG10054,KO,1.0
4,9620.0,12460.0,143,0.00020565308252454867,344.2052960441623,616.07776394498,1.789855563018228,0.5821349255456963,gene_ko_non_metabolic_seed100,20,100,KO: EG10054,EG10054,KO,1.0
5,12473.0,15773.0,166,0.0001893988955348194,308.3647930003352,575.727272916608,1.8670330919262306,0.6243505890550127,gene_ko_non_metabolic_seed100,20,100,KO: EG10054,EG10054,KO,1.0
6,15787.0,19427.0,183,0.00018601971444606814,289.7905287321481,573.4087532102656,1.9787008075072885,0.6824404715160822,gene_ko_non_metabolic_seed100,20,100,KO: EG10054,EG10054,KO,1.0
7,19437.0,23117.0,185,0.00021754993245153595,287.5597025656788,668.0811700861473,2.3232781371150475,0.8429791784828219,gene_ko_non_metabolic_seed100,20,100,KO: EG10054,EG10054,KO,1.0
8,23136.0,26136.0,151,0.00023240081165065701,335.88831546827225,677.9197942418916,2.018289303385808,0.7022502730960924,gene_ko_non_metabolic_seed100,20,100,KO: EG10054,EG10054,KO,1.0
1,0.0,2220.0,112,0.00027473061753751857,411.091894484102,756.914661372909,1.8412298357835437,0.6104337373612365,gene_ko_trial40_seed101,4,101,KO: EG10030,EG10030,KO,1.0
2,2235.0,4915.0,135,0.0002512916471438691,380.7044264402566,751.8355718190251,1.9748537700204793,0.6804943551159925,gene_ko_trial40_seed101,4,101,KO: EG10030,EG10030,KO,1.0
3,4917.0,7497.0,130,0.00024847411076388883,375.579597123039,716.1481310841111,1.9067812430969266,0.645416607451466,gene_ko_trial40_seed101,4,101,KO: EG10030,EG10030,KO,1.0
4,7508.0,10288.0,140,0.00024274343374220254,357.68579730161275,705.0951112572584,1.9712695236336106,0.6786777634355947,gene_ko_trial40_seed101,4,101,KO: EG10030,EG10030,KO,1.0
5,10299.0,13139.0,143,0.0002495677223133839,353.90668758557706,722.5380434275487,2.041606075196966,0.7137367898677492,gene_ko_trial40_seed101,4,101,KO: EG10030,EG10030,KO,1.0
6,13158.0,15898.0,138,0.0002509561774041382,362.59972382151534,724.3044149824314,1.9975316234354334,0.6919122300400763,gene_ko_trial40_seed101,4,101,KO: EG10030,EG10030,KO,1.0
7,15906.0,18666.0,139,0.000254834865885212,362.867544989989,737.7543735071954,2.0331230601721324,0.709573064133561,gene_ko_trial40_seed101,4,101,KO: EG10030,EG10030,KO,1.0
8,18686.0,21371.0,136,0.0002681228795623584,741.8648793964942,770.0579296365597,1.0380029450416908,0.03729862196673438,gene_ko_trial40_seed101,4,101,KO: EG10030,EG10030,KO,1.0
1,0.0,2220.0,112,0.00026444663000330516,411.0543724014915,741.7773883072855,1.804572431558434,0.5903236837013119,gene_ko_trial40_seed101,5,101,KO: EG10032,EG10032,KO,1.0
2,2235.0,4935.0,136,0.0002405225237175725,371.7595430904971,713.4499969964252,1.9191168330620383,0.6518650974349699,gene_ko_trial40_seed101,5,101,KO: EG10032,EG10032,KO,1.0
3,4946.0,7746.0,141,0.00023044657944951713,357.24599978728656,684.3896515252811,1.915737760346608,0.6501028018862591,gene_ko_trial40_seed101,5,101,KO: EG10032,EG10032,KO,1.0
4,7752.0,10652.0,146,0.00024637285806894215,343.3103370923434,704.9231917694076,2.0533118744391254,0.7194540380625429,gene_ko_trial40_seed101,5,101,KO: EG10032,EG10032,KO,1.0
5,10671.0,13511.0,143,0.00023201132271528788,353.9985876939386,688.1483104460253,1.9439295363544986,0.6647114586500937,gene_ko_trial40_seed101,5,101,KO: EG10032,EG10032,KO,1.0
6,13519.0,16419.0,146,0.00022321181555796276,346.5007951060478,666.1897666888424,1.9226211774923998,0.6536894516166886,gene_ko_trial40_seed101,5,101,KO: EG10032,EG10032,KO,1.0
7,16429.0,19469.0,153,0.00020136455766181272,334.7238976246547,620.1326435436172,1.8526691638820718,0.6166273905545352,gene_ko_trial40_seed101,5,101,KO: EG10032,EG10032,KO,1.0
8,19488.0,22768.0,165,0.00018223288833378018,310.7230238568801,568.2641065523053,1.8288445429587779,0.6036843701478306,gene_ko_trial40_seed101,5,101,KO: EG10032,EG10032,KO,1.0
1,0.0,2220.0,112,0.00029639415632802464,411.06549395216064,807.7819647748261,1.9650930974732579,0.675539622047916,gene_ko_trial40_seed101,6,101,KO: EG10043,EG10043,KO,1.0
2,2235.0,4815.0,130,0.0002716542530381981,406.4966028368756,825.2282528328749,2.0300987685351792,0.7080844463209338,gene_ko_trial40_seed101,6,101,KO: EG10043,EG10043,KO,1.0
3,4835.0,7175.0,118,0.0002462977284359129,416.82469500920115,747.1067950236124,1.7923765169602548,0.5835424023935992,gene_ko_trial40_seed101,6,101,KO: EG10043,EG10043,KO,1.0
4,7194.0,9774.0,130,0.00023782214174101056,377.3172998935929,701.2623440885595,1.8585480821746636,0.6197955819161574,gene_ko_trial40_seed101,6,101,KO: EG10043,EG10043,KO,1.0
5,9781.0,12601.0,142,0.000235523701147229,353.2924996475642,695.1150403430652,1.9675341000346585,0.6767810328159812,gene_ko_trial40_seed101,6,101,KO: EG10043,EG10043,KO,1.0
6,12607.0,15487.0,145,0.00023007020758470894,350.171250435792,685.0667580308968,1.9563763649309407,0.671093968711982,gene_ko_trial40_seed101,6,101,KO: EG10043,EG10043,KO,1.0
7,15504.0,18384.0,145,0.00022071513082051305,343.89587790506084,651.5909027089763,1.894733099676352,0.6390779841169048,gene_ko_trial40_seed101,6,101,KO: EG10043,EG10043,KO,1.0
8,18404.0,21489.0,156,0.00024155589826061,654.3758831392045,695.8156612981845,1.0633271781963956,0.06140283958185438,gene_ko_trial40_seed101,6,101,KO: EG10043,EG10043,KO,1.0
1,0.0,2220.0,112,0.0002607318947757176,411.04969636914313,734.7248625118816,1.7874356045067163,0.5807819694863054,gene_ko_trial40_seed101,7,101,KO: EG10071,EG10071,KO,1.0
2,2235.0,4955.0,137,0.0002515883921461886,369.26954025968837,747.7056200240095,2.024823437909843,0.7054825056014996,gene_ko_trial40_seed101,7,101,KO: EG10071,EG10071,KO,1.0
3,4976.0,7576.0,131,0.0001992436667941873,377.026050935445,636.4930136816697,1.688193725877714,0.5236591561038261,gene_ko_trial40_seed101,7,101,KO: EG10071,EG10071,KO,1.0
4,7589.0,10689.0,156,0.00013055238642019953,318.9471303944315,479.1973588041326,1.502435084496684,0.40708718149997547,gene_ko_trial40_seed101,7,101,KO: EG10071,EG10071,KO,1.0
5,10693.0,16573.0,295,8.38446634138957e-05,238.9660201089887,392.14181807225634,1.6409940538550483,0.49530218861269204,gene_ko_trial40_seed101,7,101,KO: EG10071,EG10071,KO,1.0
6,16585.0,27385.0,541,5.131056277972448e-05,196.26300772230212,340.20221145243886,1.7333995611327848,0.5500845445351891,gene_ko_trial40_seed101,7,101,KO: EG10071,EG10071,KO,1.0
1,0.0,2220.0,112,0.00025849644889918154,411.0470863804371,735.3476567448965,1.788962094878612,0.5816356164198418,gene_ko_trial40_seed101,8,101,KO: EG10084,EG10084,KO,1.0
2,2235.0,4915.0,135,0.0002510849714647716,368.6767356240524,725.7511727746169,1.9685298871548025,0.6772870139914041,gene_ko_trial40_seed101,8,101,KO: EG10084,EG10084,KO,1.0
3,4919.0,7639.0,137,0.00025842000357646734,362.86934511424647,736.1603938100036,2.0287202645300044,0.7074051826992014,gene_ko_trial40_seed101,8,101,KO: EG10084,EG10084,KO,1.0
4,7655.0,10355.0,136,0.00023865728344733424,370.76539727851366,711.7192387209332,1.9195945574885993,0.6521139957659062,gene_ko_trial40_seed101,8,101,KO: EG10084,EG10084,KO,1.0
5,10364.0,13104.0,138,0.00023113408720699122,357.4077855822834,676.5451661671323,1.8929222962082795,0.6381218234228776,gene_ko_trial40_seed101,8,101,KO: EG10084,EG10084,KO,1.0
6,13117.0,16057.0,148,0.00022280661102908706,339.4688092543522,658.2696827338189,1.9391168342673868,0.6622326293536602,gene_ko_trial40_seed101,8,101,KO: EG10084,EG10084,KO,1.0
7,16077.0,19162.0,156,0.00023497207211103198,661.5891296887501,687.4522857136608,1.0390924742628076,0.038347711296880395,gene_ko_trial40_seed101,8,101,KO: EG10084,EG10084,KO,1.0
8,19182.0,22106.0,148,0.00022251521180615932,690.97822231756,673.2596312967855,0.9743572366704324,-0.025977269822038757,gene_ko_trial40_seed101,8,101,KO: EG10084,EG10084,KO,1.0
1,0.0,2220.0,112,0.00027305124331169497,411.0743045318309,754.8167628290546,1.8362051690112549,0.6077010337824562,gene_ko_trial40_seed101,10,101,KO: EG10107,EG10107,KO,1.0
2,2235.0,4895.0,134,0.0002641444837830677,378.7241407509266,768.5402195394086,2.0292876446047576,0.7076848174811707,gene_ko_trial40_seed101,10,101,KO: EG10107,EG10107,KO,1.0
3,4914.0,7414.0,126,0.00021880165691901348,385.3949413796146,669.1563112076074,1.7362872195784413,0.5517490516188936,gene_ko_trial40_seed101,10,101,KO: EG10107,EG10107,KO,1.0
4,7418.0,10398.0,150,0.00019035657896077218,334.6514256853619,592.5793535353378,1.7707360795542486,0.5713953242931489,gene_ko_trial40_seed101,10,101,KO: EG10107,EG10107,KO,1.0
5,10410.0,13930.0,177,0.00019919644075692234,297.7917007278338,602.1088179898907,2.0219126876883213,0.7040439385029006,gene_ko_trial40_seed101,10,101,KO: EG10107,EG10107,KO,1.0
6,13935.0,17395.0,174,0.0002031337145024301,300.61522225092745,607.1868574740636,2.0198140763718104,0.70300546577695,gene_ko_trial40_seed101,10,101,KO: EG10107,EG10107,KO,1.0
7,17415.0,20775.0,169,0.00019553428670963498,304.4775543922974,589.23393762777,1.9352294746449012,0.660225910998076,gene_ko_trial40_seed101,10,101,KO: EG10107,EG10107,KO,1.0
8,20795.0,24339.0,179,0.00021044607374335597,591.6856589443375,628.2337419928904,1.0617694251940473,0.05993678549389299,gene_ko_trial40_seed101,10,101,KO: EG10107,EG10107,KO,1.0
1,0.0,2220.0,112,0.0002707627450445511,410.985293452835,752.3983887138738,1.8307185213191082,0.6047085243931408,gene_ko_trial40_seed101,12,101,KO: EG10112,EG10112,KO,1.0
2,2235.0,4895.0,134,0.00025613668571931837,376.7045281847743,746.9541010636619,1.9828646729122394,0.6845426035943531,gene_ko_trial40_seed101,12,101,KO: EG10112,EG10112,KO,1.0
3,4910.0,7510.0,131,0.00024218642603733402,376.2231699848372,710.3952678835792,1.888228382936144,0.63563902594578,gene_ko_trial40_seed101,12,101,KO: EG10112,EG10112,KO,1.0
4,7530.0,10292.0,140,0.00022608571299969452,713.8357882251075,667.7362379666679,0.9354199508922602,-0.06675970518971021,gene_ko_trial40_seed101,12,101,KO: EG10112,EG10112,KO,1.0
5,10306.0,13326.0,152,0.00021015920675866378,333.0889019453874,631.5401680317882,1.8960108377772797,0.6397521199437504,gene_ko_trial40_seed101,12,101,KO: EG10112,EG10112,KO,1.0
6,13335.0,16535.0,161,0.00022910773170426024,315.9232611102285,660.0216022829661,2.0891833034500062,0.7367732257090933,gene_ko_trial40_seed101,12,101,KO: EG10112,EG10112,KO,1.0
7,16543.0,19623.0,155,0.00019880590839785052,331.9058478182037,614.1915865796302,1.850499443191625,0.6154555719478517,gene_ko_trial40_seed101,12,101,KO: EG10112,EG10112,KO,1.0
8,19643.0,22983.0,168,0.0002506051449967328,307.5159381533367,711.5010534349765,2.3137046414817064,0.8388499808157155,gene_ko_trial40_seed101,12,101,KO: EG10112,EG10112,KO,1.0
1,0.0,2220.0,112,0.00027974627806311717,411.0518877619877,767.4075575461752,1.866935976682654,0.6242985718894637,gene_ko_trial40_seed101,13,101,KO: EG10122,EG10122,KO,1.0
2,2235.0,4875.0,133,0.0002599352395778336,387.2935673197517,775.2306806795868,2.001661649183944,0.6939776602082112,gene_ko_trial40_seed101,13,101,KO: EG10122,EG10122,KO,1.0
3,4885.0,7385.0,126,0.00027393040436182416,389.52460252110257,777.5871319085788,1.9962465191565222,0.6912686768544051,gene_ko_trial40_seed101,13,101,KO: EG10122,EG10122,KO,1.0
4,7400.0,9920.0,127,0.00024246752594733913,391.46417265274283,725.6776150141561,1.8537523117291372,0.6172118615247294,gene_ko_trial40_seed101,13,101,KO: EG10122,EG10122,KO,1.0
5,9936.0,12636.0,136,0.0002454691228110558,364.96497784078997,710.763604946937,1.9474844111124439,0.6665384941671577,gene_ko_trial40_seed101,13,101,KO: EG10122,EG10122,KO,1.0
6,12643.0,15463.0,142,0.0002360205962292884,355.64006866010413,694.3795080004932,1.9524782756245964,0.669099476229137,gene_ko_trial40_seed101,13,101,KO: EG10122,EG10122,KO,1.0
7,15469.0,18309.0,143,0.00022682270521034038,349.3784990545987,668.959797035885,1.9147136954508013,0.6495681051634198,gene_ko_trial40_seed101,13,101,KO: EG10122,EG10122,KO,1.0
8,18320.0,21320.0,151,0.0002492758658860744,336.39461751816157,714.6977272249223,2.124581339909033,0.7535747664526812,gene_ko_trial40_seed101,13,101,KO: EG10122,EG10122,KO,1.0
1,0.0,2220.0,112,0.00027314235011905406,411.0518877619877,755.3739902572083,1.8376609200602778,0.608493523813349,gene_ko_trial40_seed101,14,101,KO: EG10124,EG10124,KO,1.0
2,2235.0,4875.0,133,0.00022707456074114624,382.8886800449744,703.5118368803571,1.8373795662951489,0.608340407804574,gene_ko_trial40_seed101,14,101,KO: EG10124,EG10124,KO,1.0
3,4889.0,7669.0,140,0.00023719317235130973,352.99230890435524,684.6775772372139,1.9396387965572648,0.6625017683986059,gene_ko_trial40_seed101,14,101,KO: EG10124,EG10124,KO,1.0
4,7678.0,10598.0,147,0.0002180655423576761,345.17946959758217,658.8141616116366,1.908613401543541,0.6463770106380753,gene_ko_trial40_seed101,14,101,KO: EG10124,EG10124,KO,1.0
5,10612.0,13672.0,154,0.0002329518345050421,330.039561898319,676.8504660232909,2.0508161571000385,0.7182378393340754,gene_ko_trial40_seed101,14,101,KO: EG10124,EG10124,KO,1.0
6,13679.0,16679.0,151,0.0002695385187085805,339.1945869806369,764.7368372703854,2.254566749067964,0.8129578254790739,gene_ko_trial40_seed101,14,101,KO: EG10124,EG10124,KO,1.0
7,16699.0,19321.0,133,0.00025836258341419287,768.8897654053537,754.0736264820591,0.9807304771243982,-0.019457600158002727,gene_ko_trial40_seed101,14,101,KO: EG10124,EG10124,KO,1.0
8,19332.0,21972.0,133,0.0002324269980345097,379.47713785795986,705.88576652301,1.8601536063741118,0.6206590683873362,gene_ko_trial40_seed101,14,101,KO: EG10124,EG10124,KO,1.0
1,0.0,2220.0,112,0.0002523051061467635,411.0543724014915,721.4559270269335,1.7551350270573494,0.5625457924524312,gene_ko_trial40_seed101,16,101,KO: EG10138,EG10138,KO,1.0
2,2235.0,4995.0,139,0.00020878584613090814,359.7749782755857,641.7492559064065,1.7837517744628422,0.5787188846018787,gene_ko_trial40_seed101,16,101,KO: EG10138,EG10138,KO,1.0
3,5002.0,8122.0,157,0.00021199912275953684,323.3818148693041,629.601403536574,1.9469289075238496,0.6662532118681765,gene_ko_trial40_seed101,16,101,KO: EG10138,EG10138,KO,1.0
4,8138.0,11378.0,163,0.00022062336036573764,316.87294114286874,653.6420484438436,2.0627890980099037,0.7240589981360547,gene_ko_trial40_seed101,16,101,KO: EG10138,EG10138,KO,1.0
5,11398.0,14518.0,157,0.00024240126069506246,326.430439442133,697.7383926235939,2.13747956169781,0.7596273600042618,gene_ko_trial40_seed101,16,101,KO: EG10138,EG10138,KO,1.0
6,14535.0,17355.0,142,0.00020699520191968873,349.5150027001629,626.298103946423,1.791906210342859,0.5832799752047436,gene_ko_trial40_seed101,16,101,KO: EG10138,EG10138,KO,1.0
7,17361.0,20621.0,164,0.00019491731058195085,314.50526533643654,597.0281145938804,1.8983088055941448,0.6409633874772268,gene_ko_trial40_seed101,16,101,KO: EG10138,EG10138,KO,1.0
8,20637.0,24117.0,175,0.0001961250951990529,298.88747157107616,595.3647253169913,1.9919360359519525,0.6891070481809671,gene_ko_trial40_seed101,16,101,KO: EG10138,EG10138,KO,1.0
1,0.0,2220.0,112,0.0002665206402466604,411.07964224218665,744.6674822391999,1.8114919974569812,0.5941508137097737,gene_ko_trial40_seed101,21,101,KO: EG10001,EG10001,KO,1.0
2,2235.0,4915.0,135,0.0002338657210783833,372.7794010520023,701.925754883908,1.8829520968783093,0.6328408095629475,gene_ko_trial40_seed101,21,101,KO: EG10001,EG10001,KO,1.0
3,4926.0,7706.0,140,0.0002241036364225808,351.0593276399454,657.1002928542823,1.8717642321933106,0.6268814257825656,gene_ko_trial40_seed101,21,101,KO: EG10001,EG10001,KO,1.0
4,7709.0,10809.0,156,0.00025894675242609856,329.5223309796896,739.3740707601216,2.24377531125711,0.8081598539739375,gene_ko_trial40_seed101,21,101,KO: EG10001,EG10001,KO,1.0
5,10823.0,13543.0,137,0.00022673639515288828,370.8015253986921,691.6428049229448,1.8652641846046312,0.6234026970073083,gene_ko_trial40_seed101,21,101,KO: EG10001,EG10001,KO,1.0
6,13560.0,16380.0,142,0.00020277273555061045,347.3704603141874,618.454638872078,1.7803892660092688,0.5768320291643427,gene_ko_trial40_seed101,21,101,KO: EG10001,EG10001,KO,1.0
7,16391.0,19691.0,166,0.00022309355145250337,310.0367174370431,651.2576158454292,2.100582218871142,0.7422145533850034,gene_ko_trial40_seed101,21,101,KO: EG10001,EG10001,KO,1.0
8,19712.0,22832.0,157,0.00023871716728853266,326.3105670877493,690.4866556896404,2.1160413585501794,0.7495470594336688,gene_ko_trial40_seed101,21,101,KO: EG10001,EG10001,KO,1.0
1,0.0,2220.0,112,0.0002871656214329735,411.05218571554303,778.7519555906943,1.8945330608936535,0.6389724023106088,gene_ko_trial40_seed101,22,101,KO: EG10004,EG10004,KO,1.0
2,2235.0,4835.0,131,0.0002448794045478655,389.3078249849741,739.3421303440323,1.8991196243552728,0.6413904231875275,gene_ko_trial40_seed101,22,101,KO: EG10004,EG10004,KO,1.0
3,4845.0,7465.0,132,0.00023724528421241496,372.2481198025913,697.4030675451368,1.8734898323058824,0.6278029121249926,gene_ko_trial40_seed101,22,101,KO: EG10004,EG10004,KO,1.0
4,7477.0,10317.0,143,0.00022322074096853191,351.02574525845364,665.4244767207604,1.8956571867138146,0.6395655787897219,gene_ko_trial40_seed101,22,101,KO: EG10004,EG10004,KO,1.0
5,10337.0,13317.0,150,0.00023467877584211995,333.99479194226603,673.4496754833528,2.016347834548763,0.7012878723048827,gene_ko_trial40_seed101,22,101,KO: EG10004,EG10004,KO,1.0
6,13337.0,16241.0,147,0.00020298776095634732,676.3099375546549,617.6019225455448,0.9131936235901225,-0.09080734684088473,gene_ko_trial40_seed101,22,101,KO: EG10004,EG10004,KO,1.0
7,16261.0,19601.0,168,0.0002379528430449245,310.718582080984,690.0253278092418,2.2207404629228047,0.7978406821285878,gene_ko_trial40_seed101,22,101,KO: EG10004,EG10004,KO,1.0
8,19619.0,22499.0,145,0.00023508513042394178,347.15015261148255,686.0563307712757,1.9762524245209947,0.681202336369885,gene_ko_trial40_seed101,22,101,KO: EG10004,EG10004,KO,1.0
1,0.0,2220.0,112,0.00025687208569957396,411.13416945930896,730.8248665771314,1.7775824070722563,0.5752542428426958,gene_ko_trial40_seed101,26,101,KO: EG10016,EG10016,KO,1.0
2,2235.0,4935.0,136,0.0002539628402571743,365.34899817267126,728.4116149121589,1.9937419249960473,0.6900132373840934,gene_ko_trial40_seed101,26,101,KO: EG10016,EG10016,KO,1.0
3,4946.0,7666.0,137,0.0002280664594089953,362.8023885110432,679.2775562820154,1.872307288465768,0.6271715144057498,gene_ko_trial40_seed101,26,101,KO: EG10016,EG10016,KO,1.0
4,7670.0,10610.0,148,0.0002325981118053048,339.9309135542243,676.5374414463408,1.9902204079430468,0.6882453903635382,gene_ko_trial40_seed101,26,101,KO: EG10016,EG10016,KO,1.0
5,10630.0,13572.0,149,0.0002393456808562408,679.6502619672481,695.2128988473098,1.0228980076238265,0.02263978270673744,gene_ko_trial40_seed101,26,101,KO: EG10016,EG10016,KO,1.0
6,13584.0,16504.0,147,0.00024854405198011104,349.53431301593173,726.7682810778542,2.0792473128231284,0.7320059593878655,gene_ko_trial40_seed101,26,101,KO: EG10016,EG10016,KO,1.0
7,16510.0,19290.0,140,0.00022216570795109233,366.13988870756486,685.0217427666557,1.8709290189187258,0.6264351090622727,gene_ko_trial40_seed101,26,101,KO: EG10016,EG10016,KO,1.0
8,19310.0,22150.0,143,0.00022319419374770589,343.87542499743245,649.4679521903538,1.888672190503881,0.6358740374644314,gene_ko_trial40_seed101,26,101,KO: EG10016,EG10016,KO,1.0
1,0.0,2220.0,112,0.00027553399885680137,411.080910936358,760.5279010170964,1.8500686380322788,0.6152227400410543,gene_ko_trial40_seed101,27,101,KO: EG10017,EG10017,KO,1.0
2,2235.0,4855.0,132,0.00026465470847641904,381.0017806240834,764.7429192494712,2.0071898824116188,0.6967356754095131,gene_ko_trial40_seed101,27,101,KO: EG10017,EG10017,KO,1.0
3,4872.0,7472.0,131,0.00023222791846564148,384.27086388267674,705.106716774156,1.8349211013547853,0.6070014840452542,gene_ko_trial40_seed101,27,101,KO: EG10017,EG10017,KO,1.0
4,7492.0,10232.0,138,0.00021920524033555415,351.1493206785294,640.8468762059506,1.82499819440811,0.6015789976685462,gene_ko_trial40_seed101,27,101,KO: EG10017,EG10017,KO,1.0
5,10252.0,13435.0,161,0.0002058401030193439,643.6132354156182,627.8125598946017,0.9754500456927162,-0.024856329156163023,gene_ko_trial40_seed101,27,101,KO: EG10017,EG10017,KO,1.0
6,13453.0,16633.0,160,0.00019602010291485953,314.62367449729777,590.0374973118815,1.875375393331849,0.6288088491600576,gene_ko_trial40_seed101,27,101,KO: EG10017,EG10017,KO,1.0
7,16653.0,20196.0,179,0.00021207028212834027,592.676821217347,633.41114037849,1.0687293946766394,0.06647046124825116,gene_ko_trial40_seed101,27,101,KO: EG10017,EG10017,KO,1.0
8,20204.0,23364.0,159,0.00017573689907391242,315.2361277147214,547.1848628814687,1.7357936314223903,0.5514647332630962,gene_ko_trial40_seed101,27,101,KO: EG10017,EG10017,KO,1.0
1,0.0,2220.0,112,0.00028277594944074464,411.0605536009459,772.1416797650406,1.878413467312724,0.6304275201919122,gene_ko_trial40_seed101,30,101,KO: EG10031,EG10031,KO,1.0
2,2235.0,4895.0,134,0.0002892559916405464,386.2678709331211,860.5465124483892,2.2278490581407566,0.8010365720774004,gene_ko_trial40_seed101,30,101,KO: EG10031,EG10031,KO,1.0
3,4916.0,7216.0,116,0.00026514595526642884,433.49077360152603,803.5919610087385,1.8537694685687067,0.6172211166771392,gene_ko_trial40_seed101,30,101,KO: EG10031,EG10031,KO,1.0
4,7222.0,9622.0,121,0.0002181903866130714,404.4534328640218,687.7168118629513,1.7003609216346134,0.530840535372152,gene_ko_trial40_seed101,30,101,KO: EG10031,EG10031,KO,1.0
5,9642.0,12482.0,143,0.0002305474697504018,343.6726891360954,663.4058885235186,1.9303421816588047,0.6576972833979529,gene_ko_trial40_seed101,30,101,KO: EG10031,EG10031,KO,1.0
6,12502.0,15545.0,154,0.00020943330568292981,666.4121992577054,637.4552982931825,0.9565480629004436,-0.04442424264450128,gene_ko_trial40_seed101,30,101,KO: EG10031,EG10031,KO,1.0
7,15557.0,18737.0,160,0.00022021658531810954,319.9804894337442,647.8192247341676,2.024558515678833,0.7053516598406282,gene_ko_trial40_seed101,30,101,KO: EG10031,EG10031,KO,1.0
8,18746.0,21886.0,158,0.0002196312994307393,324.77313133559164,649.2796613429643,1.9991791151961291,0.692736653903472,gene_ko_trial40_seed101,30,101,KO: EG10031,EG10031,KO,1.0
1,0.0,2220.0,112,0.00025662773440366206,411.0356551497878,729.6974630098966,1.7752656098507649,0.5739500510850716,gene_ko_trial40_seed101,32,101,KO: EG10034,EG10034,KO,1.0
2,2235.0,4995.0,139,0.00022028559022073944,367.48469819080265,678.421921409333,1.8461229127344176,0.6130877171438418,gene_ko_trial40_seed101,32,101,KO: EG10034,EG10034,KO,1.0
3,5006.0,7866.0,144,0.00016804408227391308,340.4544526716858,570.2031961571427,1.6748296040263955,0.5157114311628248,gene_ko_trial40_seed101,32,101,KO: EG10034,EG10034,KO,1.0
4,7879.0,11659.0,190,0.00012126294588373933,285.0893053999621,455.2340700556972,1.596812161778685,0.4680092428904251,gene_ko_trial40_seed101,32,101,KO: EG10034,EG10034,KO,1.0
5,11678.0,18358.0,335,7.642313496661546e-05,227.94463234181364,388.14446720858757,1.7028015234267362,0.5322748496312769,gene_ko_trial40_seed101,32,101,KO: EG10034,EG10034,KO,1.0
6,18374.0,28534.0,509,5.963211975571342e-05,194.2135795144365,357.22806945862396,1.8393568068296176,0.6094159490043868,gene_ko_trial40_seed101,32,101,KO: EG10034,EG10034,KO,1.0
7,28549.0,39349.0,541,4.154915783277822e-05,179.04898550704917,280.40848391621637,1.5660992611721705,0.44858798072727063,gene_ko_trial40_seed101,32,101,KO: EG10034,EG10034,KO,1.0
1,0.0,2220.0,112,0.0002738787172140778,410.9999472340397,754.0211504217584,1.8346015747597864,0.6068273324598797,gene_ko_trial40_seed101,33,101,KO: EG10035,EG10035,KO,1.0
2,2235.0,4915.0,135,0.000247848930511562,378.0157851457011,739.4876207458403,1.9562347653308043,0.6710215875856784,gene_ko_trial40_seed101,33,101,KO: EG10035,EG10035,KO,1.0
3,4920.0,7540.0,132,0.00021844496514872473,369.17361818629445,657.3381209563906,1.7805663475787183,0.5769314864947962,gene_ko_trial40_seed101,33,101,KO: EG10035,EG10035,KO,1.0
4,7549.0,10589.0,153,0.00022258868849784824,331.18346581108153,657.429734604872,1.9850922599496335,0.6856653916231058,gene_ko_trial40_seed101,33,101,KO: EG10035,EG10035,KO,1.0
5,10602.0,13702.0,156,0.00023069710268644656,330.36899506824034,678.2269895942768,2.0529377747878055,0.7192718281706405,gene_ko_trial40_seed101,33,101,KO: EG10035,EG10035,KO,1.0
6,13722.0,16685.0,150,0.00023841561802238198,681.6852512099701,698.5584131744449,1.0247521300109184,0.024450758966549635,gene_ko_trial40_seed101,33,101,KO: EG10035,EG10035,KO,1.0
7,16705.0,19565.0,144,0.0002569691282573835,350.9316523369873,737.1233103076047,2.1004754213500556,0.742163710225849,gene_ko_trial40_seed101,33,101,KO: EG10035,EG10035,KO,1.0
8,19573.0,22233.0,134,0.00022419410567448093,369.3424680895632,673.5230629624609,1.8235732989122058,0.6007979272847243,gene_ko_trial40_seed101,33,101,KO: EG10035,EG10035,KO,1.0
1,0.0,2220.0,112,0.0002723764048265879,411.03186756698153,752.6800766857702,1.8311964012452486,0.6049695244103224,gene_ko_trial40_seed101,34,101,KO: EG10039,EG10039,KO,1.0
2,2235.0,4915.0,135,0.0002397837791617524,376.47291266277546,718.1722891884815,1.9076333649315755,0.6458633978171648,gene_ko_trial40_seed101,34,101,KO: EG10039,EG10039,KO,1.0
3,4925.0,7625.0,136,0.00021188894041077977,358.7051541205998,638.391681886384,1.779711483241613,0.5764512630997939,gene_ko_trial40_seed101,34,101,KO: EG10039,EG10039,KO,1.0
4,7630.0,10810.0,160,0.00021797940763466347,320.6555452927089,647.1483440749419,2.018204124566739,0.7022080687320315,gene_ko_trial40_seed101,34,101,KO: EG10039,EG10039,KO,1.0
5,10820.0,13960.0,158,0.00018992820957834764,322.2432216120718,586.623081029353,1.8204357506565378,0.5990758958691449,gene_ko_trial40_seed101,34,101,KO: EG10039,EG10039,KO,1.0
6,13972.0,17532.0,179,0.0001871707949454567,292.951471124569,572.011526545944,1.9525811710387788,0.6691521747427508,gene_ko_trial40_seed101,34,101,KO: EG10039,EG10039,KO,1.0
7,17552.0,21255.0,187,0.0001897011970279516,574.3045363022738,577.4132931216757,1.0054130807313797,0.005398482666518012,gene_ko_trial40_seed101,34,101,KO: EG10039,EG10039,KO,1.0
8,21276.0,24896.0,182,0.0001550557041056032,290.2643779969801,510.2720768906793,1.757956248065645,0.5641519116186174,gene_ko_trial40_seed101,34,101,KO: EG10039,EG10039,KO,1.0
1,0.0,2220.0,112,0.00026663639795183885,411.05386752725803,745.2405051694618,1.8129996188882544,0.5949827215621317,gene_ko_trial40_seed101,37,101,KO: EG10046,EG10046,KO,1.0
2,2235.0,4915.0,135,0.0002600373337352172,376.4545429977346,772.8422703852984,2.052949777763604,0.7192776748849721,gene_ko_trial40_seed101,37,101,KO: EG10046,EG10046,KO,1.0
3,4919.0,7459.0,128,0.00024723814758444515,387.23950907425194,730.7225784478774,1.8870041959168058,0.634990489975253,gene_ko_trial40_seed101,37,101,KO: EG10046,EG10046,KO,1.0
4,7465.0,10145.0,135,0.00025020768486312114,363.61831645266136,713.5947585203189,1.9624829834808946,0.6742104997990738,gene_ko_trial40_seed101,37,101,KO: EG10046,EG10046,KO,1.0
5,10152.0,12972.0,142,0.00025663842207726106,357.5598262813305,741.5540812411302,2.073930085919861,0.7294453994608747,gene_ko_trial40_seed101,37,101,KO: EG10046,EG10046,KO,1.0
6,12992.0,15672.0,135,0.00023809697565336277,373.3006992244418,710.3503215510282,1.902890412546321,0.6433739999749747,gene_ko_trial40_seed101,37,101,KO: EG10046,EG10046,KO,1.0
7,15692.0,18455.0,140,0.0002477303607000747,713.8151271395213,712.3129659939095,0.9978955879631867,-0.002106629423232945,gene_ko_trial40_seed101,37,101,KO: EG10046,EG10046,KO,1.0
8,18466.0,21266.0,141,0.0002477721048230207,358.5240596145745,721.8917317340508,2.01350986739944,0.6998794019178951,gene_ko_trial40_seed101,37,101,KO: EG10046,EG10046,KO,1.0
1,0.0,2220.0,112,0.00027944999227925727,411.0811268753139,764.5755830077003,1.8599140972959476,0.620530302409094,gene_ko_trial40_seed101,39,101,KO: EG10051,EG10051,KO,1.0
2,2235.0,4895.0,134,0.0002577195664533292,383.2016450651263,763.2621031331907,1.9918027831103702,0.6890401497984756,gene_ko_trial40_seed101,39,101,KO: EG10051,EG10051,KO,1.0
3,4897.0,7497.0,131,0.0002519755484061596,383.3590022438626,743.3456698548641,1.9390327747723177,0.6621892790430449,gene_ko_trial40_seed101,39,101,KO: EG10051,EG10051,KO,1.0
4,7510.0,10110.0,131,0.00024457451350271963,372.0396716582426,705.959868127836,1.897539219355978,0.6405578990363551,gene_ko_trial40_seed101,39,101,KO: EG10051,EG10051,KO,1.0
5,10122.0,12942.0,142,0.0002294002255549788,354.55772246053743,680.7993926754041,1.9201369750201327,0.65239652465135,gene_ko_trial40_seed101,39,101,KO: EG10051,EG10051,KO,1.0
6,12952.0,15872.0,147,0.00020838541104738786,340.4431503584034,627.2827444868828,1.8425477023888057,0.6111492347808434,gene_ko_trial40_seed101,39,101,KO: EG10051,EG10051,KO,1.0
7,15888.0,19128.0,163,0.00020046062123507016,313.87430894439456,603.3895999776666,1.9223924443098086,0.6535704750900182,gene_ko_trial40_seed101,39,101,KO: EG10051,EG10051,KO,1.0
8,19148.0,22572.0,173,0.0001821495479629523,605.706807927962,565.8388965659924,0.9341795224353642,-0.06808665104801094,gene_ko_trial40_seed101,39,101,KO: EG10051,EG10051,KO,1.0
1,0.0,2220.0,112,0.00027624647862811567,411.0605306391079,759.699984555775,1.8481462654042948,0.614183118033506,gene_ko_trial40_seed101,40,101,KO: EG10054,EG10054,KO,1.0
2,2235.0,4895.0,134,0.00024787241813976495,380.69863737214257,739.0789878697299,1.9413754484948718,0.6633967159271972,gene_ko_trial40_seed101,40,101,KO: EG10054,EG10054,KO,1.0
3,4912.0,7532.0,132,0.00024061911201690397,373.55702905232,728.5498645673292,1.9503042585374275,0.6679853904234316,gene_ko_trial40_seed101,40,101,KO: EG10054,EG10054,KO,1.0
4,7539.0,10159.0,132,0.00021374502463035407,363.5916666524846,638.9320956467366,1.7572792620063489,0.5637667390942014,gene_ko_trial40_seed101,40,101,KO: EG10054,EG10054,KO,1.0
5,10177.0,13337.0,159,0.00021381569338332893,321.245188068585,634.1937520438655,1.974173545934848,0.6801498530206991,gene_ko_trial40_seed101,40,101,KO: EG10054,EG10054,KO,1.0
6,13349.0,16589.0,163,0.00024340591376920413,318.68248349303303,704.5033473050053,2.2106748371703553,0.793297825103631,gene_ko_trial40_seed101,40,101,KO: EG10054,EG10054,KO,1.0
7,16600.0,19340.0,138,0.00021236472625523552,354.4542269289917,639.1425482061247,1.8031737235684455,0.5895482920856464,gene_ko_trial40_seed101,40,101,KO: EG10054,EG10054,KO,1.0
8,19360.0,22522.0,160,0.0001965775072956196,641.869975998218,596.9688740212239,0.930046421150693,-0.07252077886475941,gene_ko_trial40_seed101,40,101,KO: EG10054,EG10054,KO,1.0
1,0.0,2520.0,127,0.00024620129068180803,379.9502144867157,705.9430835697949,1.8579883801973138,0.6194943864416893,all_media_conditions1,0,0,baseline,,baseline,1.0
2,2530.0,5330.0,141,0.00023746958347663344,354.5204318467306,691.3110038152893,1.9499891733014783,0.667823820407154,all_media_conditions1,0,0,baseline,,baseline,1.0
3,5335.0,8215.0,145,0.00022709747320750432,347.42599377688407,674.9532908833733,1.9427253659000145,0.6640918150113879,all_media_conditions1,0,0,baseline,,baseline,1.0
4,8235.0,11157.0,148,0.00021052220723617013,678.019085346388,629.0983904331185,0.9278476137758324,-0.07488776897304271,all_media_conditions1,0,0,baseline,,baseline,1.0
5,11161.0,14421.0,164,0.00022114766224615954,315.4730569361067,652.9973828760467,2.0698990564138713,0.7274998410707721,all_media_conditions1,0,0,baseline,,baseline,1.0
6,14435.0,17575.0,158,0.00023089527334261062,326.3786555067304,676.2672491824137,2.07203270732411,0.7285301096607327,all_media_conditions1,0,0,baseline,,baseline,1.0
7,17584.0,20544.0,149,0.00023091076790827123,339.8542172749645,678.602898806831,1.9967470294999943,0.6915193711467922,all_media_conditions1,0,0,baseline,,baseline,1.0
8,20551.0,23471.0,147,0.0002071081257348071,339.29602795968526,622.7525958370181,1.8354255414714518,0.6072763573304948,all_media_conditions1,0,0,baseline,,baseline,1.0
1,0.0,2520.0,127,0.00027350933894287075,380.00703558226746,757.9210403818763,1.994492126232738,0.6903894446156161,gene_knockout_metabolic1,4,0,KO: EG10030,EG10030,KO,1.0
2,2530.0,5250.0,137,0.0002476808290815341,379.37634974925743,748.3367238422868,1.9725444781597157,0.6793243226140653,gene_knockout_metabolic1,4,0,KO: EG10030,EG10030,KO,1.0
3,5256.0,7876.0,132,0.0002434343359828867,374.9357276306024,712.948045701469,1.9015206958454656,0.6426539322845943,gene_knockout_metabolic1,4,0,KO: EG10030,EG10030,KO,1.0
4,7888.0,10608.0,137,0.00020317784837751486,357.0052247364358,624.658271348156,1.7497174496796757,0.5594543175738859,gene_knockout_metabolic1,4,0,KO: EG10030,EG10030,KO,1.0
5,10628.0,13871.0,164,0.00021701141816793097,627.2089103471988,634.0319778549699,1.010878460741245,0.010819715938556641,gene_knockout_metabolic1,4,0,KO: EG10030,EG10030,KO,1.0
6,13881.0,17101.0,162,0.00020669712719550848,317.3982304322026,620.526365069358,1.9550404053116002,0.6704108609023234,gene_knockout_metabolic1,4,0,KO: EG10030,EG10030,KO,1.0
7,17112.0,20392.0,165,0.00019883435818864454,310.06884058501805,597.5708992986354,1.9272200914196242,0.6560785974507872,gene_knockout_metabolic1,4,0,KO: EG10030,EG10030,KO,1.0
8,20412.0,23876.0,175,0.00018482682491003513,599.7720869159841,570.8293154225742,0.9517437171138905,-0.049459485145164704,gene_knockout_metabolic1,4,0,KO: EG10030,EG10030,KO,1.0
1,0.0,2520.0,127,0.00024923203899211976,380.0046490148935,713.257538307075,1.876970558534194,0.6296590720973346,gene_knockout_metabolic1,5,0,KO: EG10032,EG10032,KO,1.0
2,2530.0,5290.0,139,0.0002517888758855388,356.0193403021465,716.8761332292224,2.0135876119000278,0.6999180126051194,gene_knockout_metabolic1,5,0,KO: EG10032,EG10032,KO,1.0
3,5306.0,8126.0,142,0.00025329327518010123,358.28788854923414,734.1121502292956,2.0489449230389423,0.7173249889730617,gene_knockout_metabolic1,5,0,KO: EG10032,EG10032,KO,1.0
4,8144.0,10784.0,133,0.00024384103258054773,368.0622306011859,703.3038835680527,1.9108287270315387,0.6475370364543309,gene_knockout_metabolic1,5,0,KO: EG10032,EG10032,KO,1.0
5,10805.0,13625.0,142,0.00023788825452369014,353.3807927554318,694.1447088665241,1.964296654195715,0.6751342444504855,gene_knockout_metabolic1,5,0,KO: EG10032,EG10032,KO,1.0
6,13634.0,16514.0,145,0.00023417588741597335,348.3580261436498,687.4108126801902,1.9732882870243609,0.6797013324458141,gene_knockout_metabolic1,5,0,KO: EG10032,EG10032,KO,1.0
7,16529.0,19429.0,146,0.00023016157541212766,342.82494302081204,670.5641998739002,1.9559959493180514,0.6708995007096896,gene_knockout_metabolic1,5,0,KO: EG10032,EG10032,KO,1.0
8,19440.0,22420.0,150,0.0002097036230037798,337.79009214584335,636.9753811126684,1.88571363081203,0.6343063332403007,gene_knockout_metabolic1,5,0,KO: EG10032,EG10032,KO,1.0
1,0.0,2520.0,127,0.00023976314952207025,379.890541557525,694.2546235327384,1.827512263628208,0.602955623222951,gene_knockout_metabolic1,6,0,KO: EG10043,EG10043,KO,1.0
2,2530.0,5390.0,144,0.00021872934392451544,347.6182209575737,650.9641635730031,1.8726410882024862,0.6273497810754224,gene_knockout_metabolic1,6,0,KO: EG10043,EG10043,KO,1.0
3,5393.0,8513.0,157,0.00025319398105321146,325.82096347660433,722.1326283203753,2.216347961822377,0.7958607790413198,gene_knockout_metabolic1,6,0,KO: EG10043,EG10043,KO,1.0
4,8534.0,11274.0,138,0.0002528304146674563,364.8570569952569,735.4595015981331,2.01574695486209,0.7009898239094434,gene_knockout_metabolic1,6,0,KO: EG10043,EG10043,KO,1.0
5,11279.0,13979.0,136,0.00025971337711474087,366.83600002020046,742.897698881746,2.0251493823965943,0.7056434669224353,gene_knockout_metabolic1,6,0,KO: EG10043,EG10043,KO,1.0
6,13993.0,16713.0,137,0.0002528164702342627,372.5434021540889,746.0253618955228,2.002519324142954,0.6944060499227821,gene_knockout_metabolic1,6,0,KO: EG10043,EG10043,KO,1.0
7,16721.0,19341.0,132,0.00022615118436244676,372.0834784222393,675.5769106883963,1.8156595223014806,0.596448774881633,gene_knockout_metabolic1,6,0,KO: EG10043,EG10043,KO,1.0
8,19354.0,22334.0,150,0.00021766196837536477,340.74150670108384,657.780694425587,1.9304390028498242,0.6577474396675846,gene_knockout_metabolic1,6,0,KO: EG10043,EG10043,KO,1.0
1,0.0,2520.0,127,0.00026664584980346407,380.01198797165364,743.7357398763843,1.9571375730700948,0.6714829838839288,gene_knockout_metabolic1,7,0,KO: EG10071,EG10071,KO,1.0
2,2530.0,5210.0,135,0.00025911624065727876,372.6409872495775,751.0285817300603,2.0154212967105964,0.700828253797814,gene_knockout_metabolic1,7,0,KO: EG10071,EG10071,KO,1.0
3,5215.0,7855.0,133,0.00019223265925381983,374.6846958278302,625.137063861169,1.6684350090146816,0.5118860667063804,gene_knockout_metabolic1,7,0,KO: EG10071,EG10071,KO,1.0
4,7858.0,11058.0,161,0.000133094932683276,312.8576356910131,480.59041201560535,1.5361313172175532,0.42926712405134176,gene_knockout_metabolic1,7,0,KO: EG10071,EG10071,KO,1.0
5,11069.0,16489.0,272,9.858643549619245e-05,240.9950764239279,412.38951369290635,1.7111947671805674,0.5371918207990126,gene_knockout_metabolic1,7,0,KO: EG10071,EG10071,KO,1.0
6,16509.0,25412.0,447,6.480828183350406e-05,413.0657416171804,383.42829680238196,0.9282500536143089,-0.07445412816646943,gene_knockout_metabolic1,7,0,KO: EG10071,EG10071,KO,1.0
7,25418.0,36218.0,541,4.8852694370381485e-05,192.70534740428923,327.7519281703471,1.7007931154226603,0.5310946807508465,gene_knockout_metabolic1,7,0,KO: EG10071,EG10071,KO,1.0
1,0.0,2520.0,127,0.00023931188827147216,379.9413316141827,696.5136288956335,1.8332136331061741,0.6060705104057673,gene_knockout_metabolic1,8,0,KO: EG10084,EG10084,KO,1.0
2,2530.0,5390.0,144,0.00021896546158560107,348.6500900548647,654.428712589533,1.8770358340838234,0.62969384856962,gene_knockout_metabolic1,8,0,KO: EG10084,EG10084,KO,1.0
3,5397.0,8497.0,156,0.00022014187674788396,327.44936702732275,649.6268401661187,1.9839001249677575,0.6850646673575432,gene_knockout_metabolic1,8,0,KO: EG10084,EG10084,KO,1.0
4,8501.0,11621.0,157,0.00021450612485202864,324.3999888975411,635.6205505705905,1.9593729109878164,0.6726244786760621,gene_knockout_metabolic1,8,0,KO: EG10084,EG10084,KO,1.0
5,11625.0,14845.0,162,0.00023277507971142887,316.80535569889435,672.8831890963866,2.1239640586629607,0.7532841817030757,gene_knockout_metabolic1,8,0,KO: EG10084,EG10084,KO,1.0
6,14860.0,17880.0,152,0.00022604423281254106,336.723774100677,668.6028948636613,1.9856123810959536,0.685927370891933,gene_knockout_metabolic1,8,0,KO: EG10084,EG10084,KO,1.0
7,17893.0,20873.0,150,0.00021173285309043815,336.4777407919554,634.8761904512339,1.886829687327753,0.6348980065249602,gene_knockout_metabolic1,8,0,KO: EG10084,EG10084,KO,1.0
8,20894.0,24134.0,163,0.0002234317048159155,319.8531399465361,663.0149564732637,2.072873058504561,0.7289355959320459,gene_knockout_metabolic1,8,0,KO: EG10084,EG10084,KO,1.0
1,0.0,2520.0,127,0.00024382901919263109,379.8795585221235,703.0551973042616,1.8507318478504469,0.6155811542964553,gene_knockout_metabolic1,10,0,KO: EG10107,EG10107,KO,1.0
2,2530.0,5370.0,143,0.000264071801255583,350.7537953184557,745.5107805698087,2.125453211113357,0.7539850554543763,gene_knockout_metabolic1,10,0,KO: EG10107,EG10107,KO,1.0
3,5377.0,8097.0,137,0.00028375092968250696,373.28799599424633,809.1410442114841,2.167605315183925,0.7736230168123357,gene_knockout_metabolic1,10,0,KO: EG10107,EG10107,KO,1.0
4,8117.0,10537.0,122,0.0002438586181243181,405.3267822179057,732.4484309372856,1.8070565851321359,0.591699325526079,gene_knockout_metabolic1,10,0,KO: EG10107,EG10107,KO,1.0
5,10546.0,13166.0,132,0.0002013487829289795,368.3418206034445,629.5629793588478,1.7091813748638471,0.5360145277378658,gene_knockout_metabolic1,10,0,KO: EG10107,EG10107,KO,1.0
6,13175.0,16395.0,162,0.00016647665367723388,315.0259890279765,542.5717466471524,1.722307890600633,0.5436651882812429,gene_knockout_metabolic1,10,0,KO: EG10107,EG10107,KO,1.0
7,16409.0,20449.0,203,0.00016829481882495165,271.8195393372523,537.2663246242705,1.976555202522335,0.6813555327965772,gene_knockout_metabolic1,10,0,KO: EG10107,EG10107,KO,1.0
8,20467.0,24607.0,208,0.00015467081352482664,269.05044308851234,513.5939908075995,1.9089133803754308,0.6465341693691826,gene_knockout_metabolic1,10,0,KO: EG10107,EG10107,KO,1.0
1,0.0,2520.0,127,0.00025716469251613286,380.01867064879366,739.5413610485471,1.946065859832497,0.6658098268871699,gene_knockout_metabolic1,12,0,KO: EG10112,EG10112,KO,1.0
2,2530.0,5230.0,136,0.00023600561374090024,370.280963439008,702.1430323614304,1.8962439382252663,0.6398750549584309,gene_knockout_metabolic1,12,0,KO: EG10112,EG10112,KO,1.0
3,5247.0,8107.0,144,0.0002497542104185396,352.47839353734093,723.4883447180016,2.0525750173148034,0.7190951109163946,gene_knockout_metabolic1,12,0,KO: EG10112,EG10112,KO,1.0
4,8111.0,10851.0,138,0.00020672584706223212,359.152507073347,634.1226052565437,1.7656081825068302,0.5684952103554223,gene_knockout_metabolic1,12,0,KO: EG10112,EG10112,KO,1.0
5,10861.0,14061.0,161,0.00021350679449625492,316.43377809583274,628.9458249572481,1.9876064709083312,0.686931136379857,gene_knockout_metabolic1,12,0,KO: EG10112,EG10112,KO,1.0
6,14078.0,17298.0,162,0.00019493586407378927,315.1612076734755,591.351384479085,1.8763457242864672,0.6293261216042685,gene_knockout_metabolic1,12,0,KO: EG10112,EG10112,KO,1.0
7,17310.0,20830.0,177,0.00020148734230295814,297.6039623510412,608.6745589735451,2.0452501847256253,0.7155201217310041,gene_knockout_metabolic1,12,0,KO: EG10112,EG10112,KO,1.0
8,20850.0,24252.0,172,0.0001781965590580108,611.3681352208494,561.8419326921082,0.9189911942158215,-0.08447873859202877,gene_knockout_metabolic1,12,0,KO: EG10112,EG10112,KO,1.0
1,0.0,2520.0,127,0.00028219874279133956,379.9601610392789,778.691304077842,2.04940250037778,0.7175482874363031,gene_knockout_metabolic1,13,0,KO: EG10122,EG10122,KO,1.0
2,2530.0,5110.0,130,0.00027038388413484565,390.2180703920328,788.0180253781953,2.019429865425024,0.7028152267354453,gene_knockout_metabolic1,13,0,KO: EG10122,EG10122,KO,1.0
3,5121.0,7581.0,124,0.00022768064887629996,394.25698210523717,691.832384686149,1.7547752255189775,0.5623407720879543,gene_knockout_metabolic1,13,0,KO: EG10122,EG10122,KO,1.0
4,7596.0,10476.0,145,0.0002307353400241066,348.2954174142501,680.866721027952,1.954854089332314,0.6703155560394007,gene_knockout_metabolic1,13,0,KO: EG10122,EG10122,KO,1.0
5,10481.0,13381.0,146,0.00020322186164008227,342.53383508293166,622.1810682356322,1.8164076202428134,0.5968607154777463,gene_knockout_metabolic1,13,0,KO: EG10122,EG10122,KO,1.0
6,13399.0,16659.0,164,0.00019788713193862555,312.2916096318446,599.2171940290348,1.918774554127285,0.6516867292107917,gene_knockout_metabolic1,13,0,KO: EG10122,EG10122,KO,1.0
7,16670.0,20150.0,175,0.00021201085145250388,302.09387947768084,638.4901302172138,2.113548713138978,0.7483683893226032,gene_knockout_metabolic1,13,0,KO: EG10122,EG10122,KO,1.0
8,20159.0,23359.0,161,0.00026937290906063225,319.49317237964567,760.846041857797,2.3814156533952557,0.867695123203582,gene_knockout_metabolic1,13,0,KO: EG10122,EG10122,KO,1.0
1,0.0,2520.0,127,0.00024789104677421637,379.9624214847852,709.9136344253184,1.868378540307164,0.6250709639810356,gene_knockout_metabolic1,14,0,KO: EG10124,EG10124,KO,1.0
2,2530.0,5310.0,140,0.00022309614960032236,355.3503425439411,661.1050470043199,1.8604317144356501,0.6208085653283153,gene_knockout_metabolic1,14,0,KO: EG10124,EG10124,KO,1.0
3,5321.0,8281.0,149,0.00020993888610714532,330.8378163047188,616.5250591203551,1.863526564183653,0.6224706948308271,gene_knockout_metabolic1,14,0,KO: EG10124,EG10124,KO,1.0
4,8300.0,11640.0,168,0.0002182539865846302,309.6290969738925,645.2057342748797,2.083802008857335,0.7341941140310584,gene_knockout_metabolic1,14,0,KO: EG10124,EG10124,KO,1.0
5,11652.0,14792.0,158,0.00023564592252586612,320.81967299225323,675.3015086216467,2.1049254938862587,0.7442800716795523,gene_knockout_metabolic1,14,0,KO: EG10124,EG10124,KO,1.0
6,14800.0,17780.0,150,0.00021898404944348859,339.5115120436393,658.2080561635696,1.9386914222778002,0.6620132208820964,gene_knockout_metabolic1,14,0,KO: EG10124,EG10124,KO,1.0
7,17800.0,20803.0,152,0.000212860295770357,660.9976025406843,625.4551524360338,0.946229078641079,-0.05527058423333985,gene_knockout_metabolic1,14,0,KO: EG10124,EG10124,KO,1.0
8,20821.0,24081.0,164,0.00022769164959072794,314.3951434422182,664.0625213352082,2.1121907738923276,0.747725690312141,gene_knockout_metabolic1,14,0,KO: EG10124,EG10124,KO,1.0
1,0.0,2520.0,127,0.00024508592861018655,379.9491815529042,705.2186880991685,1.8560868725044846,0.6184704395749234,gene_knockout_metabolic1,16,0,KO: EG10138,EG10138,KO,1.0
2,2530.0,5310.0,140,0.00024150753917809,350.99359727743763,688.9306011879146,1.9628010497392627,0.6743725600507001,gene_knockout_metabolic1,16,0,KO: EG10138,EG10138,KO,1.0
3,5330.0,8230.0,146,0.0002428323824876173,346.3228311149471,704.7160237914882,2.0348529189448317,0.7104235405797584,gene_knockout_metabolic1,16,0,KO: EG10138,EG10138,KO,1.0
4,8245.0,11045.0,141,0.00024159862634651257,353.47672154877387,696.4605577106024,1.9703152011228058,0.6781935305211233,gene_knockout_metabolic1,16,0,KO: EG10138,EG10138,KO,1.0
5,11050.0,13870.0,142,0.00023037515462413595,348.4743261549869,669.9290175645056,1.9224630547575805,0.6536072049217619,gene_knockout_metabolic1,16,0,KO: EG10138,EG10138,KO,1.0
6,13890.0,16873.0,151,0.000228364885956383,673.1430513111586,671.5792343276612,0.9976768430121185,-0.0023258597037769764,gene_knockout_metabolic1,16,0,KO: EG10138,EG10138,KO,1.0
7,16891.0,19851.0,149,0.00019409595455626634,337.8922257947405,602.3317275203412,1.7826149332190906,0.5780813498919407,gene_knockout_metabolic1,16,0,KO: EG10138,EG10138,KO,1.0
8,19870.0,23310.0,173,0.00017854245808949072,302.9875937452117,563.3219570501803,1.8592244985578155,0.6201594645237817,gene_knockout_metabolic1,16,0,KO: EG10138,EG10138,KO,1.0
1,0.0,2520.0,127,0.00025380416125372673,379.89713408537375,724.5982990604773,1.9073539493920988,0.6457169147403131,gene_knockout_non_metabolic1,1,0,KO: EG10001,EG10001,KO,1.0
2,2530.0,5250.0,137,0.00022368781501600155,364.0661978762183,673.4695523634127,1.8498546591034821,0.6151070733572607,gene_knockout_non_metabolic1,1,0,KO: EG10001,EG10001,KO,1.0
3,5268.0,8248.0,150,0.00023443853296316186,337.5969078208326,682.4657205652618,2.0215402000288933,0.7038596961383546,gene_knockout_non_metabolic1,1,0,KO: EG10001,EG10001,KO,1.0
4,8251.0,11131.0,145,0.00021772206128473632,341.2462019207434,639.0379965289319,1.8726596601867898,0.6273596985616545,gene_knockout_non_metabolic1,1,0,KO: EG10001,EG10001,KO,1.0
5,11145.0,14325.0,160,0.0002224547401526578,319.62392071702095,649.2001214133177,2.0311374691761164,0.7085959657710659,gene_knockout_non_metabolic1,1,0,KO: EG10001,EG10001,KO,1.0
6,14334.0,17454.0,157,0.00020645634318608888,325.9401052763254,623.5831126952112,1.913183135798984,0.6487684181285508,gene_knockout_non_metabolic1,1,0,KO: EG10001,EG10001,KO,1.0
7,17464.0,20764.0,166,0.00021164766902632122,313.7798201637703,634.9115806704413,2.0234302522675405,0.7047942158825603,gene_knockout_non_metabolic1,1,0,KO: EG10001,EG10001,KO,1.0
8,20781.0,23981.0,161,0.00020207437632159168,320.0655956019086,615.5329293524701,1.9231461856901921,0.6539624833169833,gene_knockout_non_metabolic1,1,0,KO: EG10001,EG10001,KO,1.0
1,0.0,2520.0,127,0.00026178871270049627,379.890034588455,735.3894046527496,1.935795461045501,0.6605183329865859,gene_knockout_non_metabolic1,2,0,KO: EG10004,EG10004,KO,1.0
2,2530.0,5250.0,137,0.0002341260218202473,368.7919131647916,699.7676988406313,1.8974594449091022,0.6405158571523151,gene_knockout_non_metabolic1,2,0,KO: EG10004,EG10004,KO,1.0
3,5264.0,8084.0,142,0.00025323457522850873,352.4076666962526,725.208985476912,2.057869490398983,0.7216712196570602,gene_knockout_non_metabolic1,2,0,KO: EG10004,EG10004,KO,1.0
4,8098.0,10798.0,136,0.00022832844847686993,362.84619519869216,674.9610028652232,1.8601848711562734,0.6206758758807142,gene_knockout_non_metabolic1,2,0,KO: EG10004,EG10004,KO,1.0
5,10807.0,13767.0,149,0.00021214364640852792,338.11696609778164,636.4073472539419,1.8822106284660565,0.6324469522580046,gene_knockout_non_metabolic1,2,0,KO: EG10004,EG10004,KO,1.0
6,13777.0,16957.0,160,0.00023345492795184708,318.733438814288,671.3420482987478,2.106280567223163,0.7449236276414356,gene_knockout_non_metabolic1,2,0,KO: EG10004,EG10004,KO,1.0
7,16973.0,19993.0,152,0.00023581802723467233,336.8844565666817,688.9156256128047,2.0449611496885525,0.715378791606997,gene_knockout_non_metabolic1,2,0,KO: EG10004,EG10004,KO,1.0
8,20012.0,22892.0,145,0.0002342297260366276,347.00957259586676,688.7736387633345,1.9848836837867063,0.685560314833687,gene_knockout_non_metabolic1,2,0,KO: EG10004,EG10004,KO,1.0
1,0.0,2520.0,127,0.0002450795536776285,379.87808527090215,705.3228870327339,1.8567085451369156,0.6188053207457452,gene_knockout_non_metabolic1,6,0,KO: EG10016,EG10016,KO,1.0
2,2530.0,5390.0,144,0.0002552264902799124,353.90780938129535,738.7042152046351,2.0872786517371407,0.7358611370247747,gene_knockout_non_metabolic1,6,0,KO: EG10016,EG10016,KO,1.0
3,5399.0,8119.0,137,0.00026290609235693176,371.7028725002041,764.9251138539,2.057894007406359,0.7216831333675489,gene_knockout_non_metabolic1,6,0,KO: EG10016,EG10016,KO,1.0
4,8135.0,10695.0,129,0.0002578972171862408,383.59992407839195,744.9469727602564,1.9419893644400723,0.663712893252732,gene_knockout_non_metabolic1,6,0,KO: EG10016,EG10016,KO,1.0
5,10704.0,13284.0,130,0.0002297405465619515,373.1398864111974,677.6462828187248,1.8160649866092407,0.5966720651165888,gene_knockout_non_metabolic1,6,0,KO: EG10016,EG10016,KO,1.0
6,13293.0,16313.0,152,0.00021235490204317425,339.8634485166035,650.275493275223,1.9133434210518074,0.6488521939761953,gene_knockout_non_metabolic1,6,0,KO: EG10016,EG10016,KO,1.0
7,16331.0,19391.0,154,0.00021181754463122,326.9938316195221,628.9784387207662,1.9235177483489114,0.6541556702791127,gene_knockout_non_metabolic1,6,0,KO: EG10016,EG10016,KO,1.0
8,19402.0,22662.0,164,0.00023493843873710922,315.6899564516141,683.3435695436287,2.1646034521480417,0.7722371816979466,gene_knockout_non_metabolic1,6,0,KO: EG10016,EG10016,KO,1.0
1,0.0,2520.0,127,0.0002621198286387448,379.89883438247546,736.7071990391205,1.9392194246571883,0.6622855336832368,gene_knockout_non_metabolic1,7,0,KO: EG10017,EG10017,KO,1.0
2,2530.0,5270.0,138,0.0002524964364628897,369.59743860737706,743.2613772970722,2.0110025115369856,0.6986333596892804,gene_knockout_non_metabolic1,7,0,KO: EG10017,EG10017,KO,1.0
3,5277.0,7857.0,130,0.00020083082418570296,372.08081100020524,628.2675732626685,1.6885245212560074,0.5238550832467747,gene_knockout_non_metabolic1,7,0,KO: EG10017,EG10017,KO,1.0
4,7870.0,11090.0,162,0.0002234467586010155,317.8704420688299,659.4018268214304,2.0744358063926156,0.7296892161773304,gene_knockout_non_metabolic1,7,0,KO: EG10017,EG10017,KO,1.0
5,11100.0,14180.0,155,0.0002646702012965074,331.7707316976946,755.7778812375684,2.2780125219913128,0.8233033619331979,gene_knockout_non_metabolic1,7,0,KO: EG10017,EG10017,KO,1.0
6,14196.0,16856.0,134,0.00024418628586182376,379.35671821019537,728.8765845524704,1.9213488243764587,0.6530274520892265,gene_knockout_non_metabolic1,7,0,KO: EG10017,EG10017,KO,1.0
7,16863.0,19523.0,134,0.00023365701465554497,365.6738889413439,684.396459313811,1.8716033055988637,0.626795446197114,gene_knockout_non_metabolic1,7,0,KO: EG10017,EG10017,KO,1.0
8,19543.0,22489.0,149,0.00024395260917823905,687.9710156214228,709.4196740851814,1.0311766890998812,0.03070056678209463,gene_knockout_non_metabolic1,7,0,KO: EG10017,EG10017,KO,1.0
1,0.0,2520.0,127,0.00024291755574946012,380.0181065348155,707.0890993818066,1.8606721290976864,0.6209377821803462,gene_knockout_non_metabolic1,10,0,KO: EG10031,EG10031,KO,1.0
2,2530.0,5350.0,142,0.00027524082665458517,354.91440430506464,774.0940255052817,2.1810724392011815,0.7798167004236274,gene_knockout_non_metabolic1,10,0,KO: EG10031,EG10031,KO,1.0
3,5367.0,7947.0,130,0.0002569771346641047,388.56191401087585,757.7553233435842,1.9501533630040093,0.6679080171774514,gene_knockout_non_metabolic1,10,0,KO: EG10031,EG10031,KO,1.0
4,7967.0,10527.0,129,0.00023119940756145073,380.3573372168587,689.8902390905691,1.813795006923271,0.5954213392010284,gene_knockout_non_metabolic1,10,0,KO: EG10031,EG10031,KO,1.0
5,10547.0,13409.0,145,0.00020832009921396962,693.0860495265558,631.4721616450638,0.9111021092928069,-0.09310030315930017,gene_knockout_non_metabolic1,10,0,KO: EG10031,EG10031,KO,1.0
6,13417.0,16637.0,162,0.00020126461706754302,316.38710787651553,608.0642844509509,1.9218996896936638,0.6533141186001017,gene_knockout_non_metabolic1,10,0,KO: EG10031,EG10031,KO,1.0
7,16655.0,20055.0,171,0.00020063007778627342,303.84488947945465,602.1907020589374,1.9819016969171577,0.6840568367550529,gene_knockout_non_metabolic1,10,0,KO: EG10031,EG10031,KO,1.0
8,20062.0,23502.0,173,0.00018409514328662451,302.6830144618457,573.4678871524084,1.8946153558434846,0.6390158394847668,gene_knockout_non_metabolic1,10,0,KO: EG10031,EG10031,KO,1.0
1,0.0,2520.0,127,0.00025811061874422733,380.0046490148935,730.0430474931791,1.9211424107197344,0.6529200146772488,gene_knockout_non_metabolic1,12,0,KO: EG10034,EG10034,KO,1.0
2,2530.0,5250.0,137,0.00023356153006082975,365.8181745217622,694.3057849148681,1.8979532272351998,0.6407760566992616,gene_knockout_non_metabolic1,12,0,KO: EG10034,EG10034,KO,1.0
3,5258.0,8038.0,140,0.0001615917886635683,346.23448244051156,544.4918920502273,1.5726102386228369,0.4527368111879627,gene_knockout_non_metabolic1,12,0,KO: EG10034,EG10034,KO,1.0
4,8051.0,12211.0,209,0.00011204482057855184,272.4620833443687,435.34154939875896,1.5978059921406553,0.4686314333032681,gene_knockout_non_metabolic1,12,0,KO: EG10034,EG10034,KO,1.0
5,12219.0,18879.0,334,8.142172442401125e-05,216.8955987021747,394.6141038109612,1.8193734966139936,0.5984922091973782,gene_knockout_non_metabolic1,12,0,KO: EG10034,EG10034,KO,1.0
6,18899.0,28803.0,497,5.91958015501139e-05,395.17156783117946,364.2938446569939,0.9218624878716558,-0.08135921202426319,gene_knockout_non_metabolic1,12,0,KO: EG10034,EG10034,KO,1.0
7,28823.0,39625.0,542,4.2359116310666006e-05,364.6111276999792,287.0625545332223,0.7873115566824722,-0.23913123001913397,gene_knockout_non_metabolic1,12,0,KO: EG10034,EG10034,KO,1.0
1,0.0,2520.0,127,0.00024298075830841642,380.0166900893604,704.7814399539748,1.8546065431711602,0.6176725674545256,gene_knockout_non_metabolic1,13,0,KO: EG10035,EG10035,KO,1.0
2,2530.0,5310.0,140,0.00021070767289419092,353.71135345957396,637.8848321229248,1.803405024701389,0.5896765583176656,gene_knockout_non_metabolic1,13,0,KO: EG10035,EG10035,KO,1.0
3,5328.0,8488.0,159,0.00024157080554314275,319.37028138647815,685.6209837857275,2.146790179753889,0.7639737869453868,gene_knockout_non_metabolic1,13,0,KO: EG10035,EG10035,KO,1.0
4,8509.0,11389.0,145,0.0002358326350607371,343.6462607504179,680.8660725072496,1.9812992320080745,0.6837528072977893,gene_knockout_non_metabolic1,13,0,KO: EG10035,EG10035,KO,1.0
5,11401.0,14341.0,148,0.0002674666933037256,341.31146801556497,753.7193236511896,2.208303541728101,0.7922245925749597,gene_knockout_non_metabolic1,13,0,KO: EG10035,EG10035,KO,1.0
6,14356.0,17056.0,136,0.0002314725478722075,376.90240955356865,708.3337372040742,1.8793558206302727,0.6309290695234939,gene_knockout_non_metabolic1,13,0,KO: EG10035,EG10035,KO,1.0
7,17073.0,19793.0,137,0.00020831054668548954,356.458306311055,632.8936395342732,1.775505377007524,0.5740851018433497,gene_knockout_non_metabolic1,13,0,KO: EG10035,EG10035,KO,1.0
8,19810.0,23030.0,162,0.00023508757254522567,317.9676041521619,680.879694814405,2.14134926301666,0.7614361270909564,gene_knockout_non_metabolic1,13,0,KO: EG10035,EG10035,KO,1.0
1,0.0,2520.0,127,0.0002591101192610572,380.0046490148935,728.9012616580553,1.9181377479134143,0.6513547923982776,gene_knockout_non_metabolic1,14,0,KO: EG10039,EG10039,KO,1.0
2,2530.0,5330.0,141,0.0002474642190674521,365.5757950561191,734.19070381766,2.0083132246350046,0.6972951780286091,gene_knockout_non_metabolic1,14,0,KO: EG10039,EG10039,KO,1.0
3,5345.0,7985.0,133,0.00021044622649285172,370.74283248031236,652.0272398890038,1.7587049101579828,0.5645776916809914,gene_knockout_non_metabolic1,14,0,KO: EG10039,EG10039,KO,1.0
4,7992.0,11072.0,155,0.00021152637069208873,325.23249624304333,626.0869636990615,1.9250443019420553,0.6549489814708025,gene_knockout_non_metabolic1,14,0,KO: EG10039,EG10039,KO,1.0
5,11077.0,14337.0,164,0.00020733748135340815,315.045774158417,623.6965500461288,1.9797013678796735,0.6829460090281197,gene_knockout_non_metabolic1,14,0,KO: EG10039,EG10039,KO,1.0
6,14358.0,17618.0,164,0.00021969982102637074,311.67467091478636,638.0062837245971,2.0470264133174676,0.7163882100240757,gene_knockout_non_metabolic1,14,0,KO: EG10039,EG10039,KO,1.0
7,17638.0,20800.0,160,0.0002156055223999111,640.7839169232816,632.1914685241161,0.9865907239987826,-0.013499992214552836,gene_knockout_non_metabolic1,14,0,KO: EG10039,EG10039,KO,1.0
8,20816.0,24036.0,162,0.00023868949124495492,316.3412242961522,686.0517996073695,2.1687081762227165,0.7741316797882742,gene_knockout_non_metabolic1,14,0,KO: EG10039,EG10039,KO,1.0
1,0.0,2520.0,127,0.0002451923865918724,379.9488713897355,709.022682546148,1.8661002464693797,0.6238508236345428,gene_knockout_non_metabolic1,17,0,KO: EG10046,EG10046,KO,1.0
2,2530.0,5370.0,143,0.00024542944589855834,357.6103072530675,722.6829577247634,2.0208672486985884,0.7035267503158183,gene_knockout_non_metabolic1,17,0,KO: EG10046,EG10046,KO,1.0
3,5380.0,8100.0,137,0.00023824503744971522,361.5711344748173,694.0551970930219,1.9195536670844542,0.6520926939553198,gene_knockout_non_metabolic1,17,0,KO: EG10046,EG10046,KO,1.0
4,8111.0,10931.0,142,0.00021680145526416122,347.82563678325425,643.9887797435758,1.8514701380245704,0.6159799927103112,gene_knockout_non_metabolic1,17,0,KO: EG10046,EG10046,KO,1.0
5,10952.0,14072.0,157,0.00021326284070756035,325.03341239098177,635.8522172636101,1.9562672421466174,0.6710381891443494,gene_knockout_non_metabolic1,17,0,KO: EG10046,EG10046,KO,1.0
6,14092.0,17274.0,161,0.00022344892665358048,638.6309060356057,650.9345922528755,1.019265723128946,0.01908248877331923,gene_knockout_non_metabolic1,17,0,KO: EG10046,EG10046,KO,1.0
7,17293.0,20413.0,157,0.00021247364264400737,326.49796914792,636.2076118605441,1.9485806099219873,0.6671012151856991,gene_knockout_non_metabolic1,17,0,KO: EG10046,EG10046,KO,1.0
8,20434.0,23614.0,160,0.0001922771644899016,318.86307751400045,587.5432518155685,1.8426192721851624,0.6111880768723196,gene_knockout_non_metabolic1,17,0,KO: EG10046,EG10046,KO,1.0
1,0.0,2520.0,127,0.00025858713618074876,380.0012663366084,735.0232597386384,1.9342652902833972,0.6597275594353873,gene_knockout_non_metabolic1,19,0,KO: EG10051,EG10051,KO,1.0
2,2530.0,5230.0,136,0.00020762995915539443,370.8275051759001,653.8069135470591,1.7631025326369176,0.5670750597716516,gene_knockout_non_metabolic1,19,0,KO: EG10051,EG10051,KO,1.0
3,5241.0,8281.0,153,0.0002308609757479249,327.5572744330984,662.5132512419218,2.0225875074474526,0.7043776359848317,gene_knockout_non_metabolic1,19,0,KO: EG10051,EG10051,KO,1.0
4,8291.0,11331.0,153,0.00021996991713296843,333.18215757192945,656.2461058287299,1.9696315991562525,0.6778465197577472,gene_knockout_non_metabolic1,19,0,KO: EG10051,EG10051,KO,1.0
5,11350.0,14430.0,155,0.00022365793007557194,329.4144829039898,659.5590788031116,2.0022163961605317,0.6942547650420023,gene_knockout_non_metabolic1,19,0,KO: EG10051,EG10051,KO,1.0
6,14439.0,17499.0,154,0.0001859900616596253,330.96632968609003,587.2874180838144,1.7744627335379883,0.5734976917782176,gene_knockout_non_metabolic1,19,0,KO: EG10051,EG10051,KO,1.0
7,17509.0,21069.0,179,0.0001797487980306735,294.03288843978305,560.1024366085621,1.9048972364303023,0.6444280629925524,gene_knockout_non_metabolic1,19,0,KO: EG10051,EG10051,KO,1.0
8,21086.0,24886.0,191,0.00023284436555698126,281.40740964219833,684.431333351039,2.432172394540977,0.8887848475048635,gene_knockout_non_metabolic1,19,0,KO: EG10051,EG10051,KO,1.0
1,0.0,2520.0,127,0.00026875192343527986,379.93843965206077,748.5368021273321,1.9701528563754316,0.6781111318085353,gene_knockout_non_metabolic1,20,0,KO: EG10054,EG10054,KO,1.0
2,2530.0,5210.0,135,0.00027496111286748836,374.44072275836004,786.9965249260515,2.101792024992774,0.7427903260719892,gene_knockout_non_metabolic1,20,0,KO: EG10054,EG10054,KO,1.0
3,5230.0,7730.0,126,0.00023940961464437486,397.71480240517326,728.856299214144,1.8326104404623573,0.6057414206092275,gene_knockout_non_metabolic1,20,0,KO: EG10054,EG10054,KO,1.0
4,7750.0,10412.0,135,0.00023412681419029182,732.3739402905392,687.2909176230128,0.9384426176474253,-0.06353356744880742,gene_knockout_non_metabolic1,20,0,KO: EG10054,EG10054,KO,1.0
5,10417.0,13337.0,147,0.000235227499976451,342.82717304823507,684.5241856171679,1.9967034104407375,0.6914975258478887,gene_knockout_non_metabolic1,20,0,KO: EG10054,EG10054,KO,1.0
6,13345.0,16265.0,147,0.00023186292175922347,344.2197415420162,681.7491005935854,1.9805636293244662,0.6833814654730933,gene_knockout_non_metabolic1,20,0,KO: EG10054,EG10054,KO,1.0
7,16272.0,19252.0,150,0.00023468560868232762,343.10147179495027,695.4113845383743,2.026838826718811,0.7064773510962905,gene_knockout_non_metabolic1,20,0,KO: EG10054,EG10054,KO,1.0
8,19271.0,22131.0,144,0.0002219843528665457,349.7205342133468,664.0770586678614,1.8988792298445407,0.6412638330961233,gene_knockout_non_metabolic1,20,0,KO: EG10054,EG10054,KO,1.0
