agent_id,scope,path,raw_value,raw_value_type,value,is_numeric,is_inf
000,boundary.external,boundary.external.ARG,!units[0.0 millimolar],str,0.0,True,False
000,boundary.external,boundary.external.ASN,!units[0.0 millimolar],str,0.0,True,False
000,boundary.external,boundary.external.CYS,!units[0.0 millimolar],str,0.0,True,False
000,boundary.external,boundary.external.GLN,!units[0.0 millimolar],str,0.0,True,False
000,boundary.external,boundary.external.GLT,!units[0.0 millimolar],str,0.0,True,False
000,boundary.external,boundary.external.GLY,!units[0.0 millimolar],str,0.0,True,False
000,boundary.external,boundary.external.HIS,!units[0.0 millimolar],str,0.0,True,False
000,boundary.external,boundary.external.ILE,!units[0.0 millimolar],str,0.0,True,False
000,boundary.external,boundary.external.L-ALPHA-ALANINE,!units[0.0 millimolar],str,0.0,True,False
000,boundary.external,boundary.external.L-ASPARTATE,!units[0.0 millimolar],str,0.0,True,False
000,boundary.external,boundary.external.L-SELENOCYSTEINE,!units[inf millimolar],str,,False,False
000,boundary.external,boundary.external.LEU,!units[0.0 millimolar],str,0.0,True,False
000,boundary.external,boundary.external.LYS,!units[0.0 millimolar],str,0.0,True,False
000,boundary.external,boundary.external.MET,!units[0.0 millimolar],str,0.0,True,False
000,boundary.external,boundary.external.PHE,!units[0.0 millimolar],str,0.0,True,False
000,boundary.external,boundary.external.PRO,!units[0.0 millimolar],str,0.0,True,False
000,boundary.external,boundary.external.SER,!units[0.0 millimolar],str,0.0,True,False
000,boundary.external,boundary.external.THR,!units[0.0 millimolar],str,0.0,True,False
000,boundary.external,boundary.external.TRP,!units[0.0 millimolar],str,0.0,True,False
000,boundary.external,boundary.external.TYR,!units[0.0 millimolar],str,0.0,True,False
000,boundary.external,boundary.external.VAL,!units[0.0 millimolar],str,0.0,True,False
000,boundary.external,boundary.external.GLC,!units[0.9870576641167453 millimolar],str,0.9870576641167453,True,False
000,boundary.external,boundary.external.ACET,!units[0.0 millimolar],str,0.0,True,False
000,boundary.external,boundary.external.FUM,!units[0.0 millimolar],str,0.0,True,False
000,boundary.external,boundary.external.MAL,!units[0.0 millimolar],str,0.0,True,False
000,boundary.external,boundary.external.SUC,!units[0.0 millimolar],str,0.0,True,False
000,boundary.external,boundary.external.OXYGEN-MOLECULE,!units[inf millimolar],str,,False,False
000,boundary.external,boundary.external.AMMONIUM,!units[30.272 millimolar],str,30.272,True,False
000,boundary.external,boundary.external.NA+,!units[135.15 millimolar],str,135.15,True,False
000,boundary.external,boundary.external.Pi,!units[63.851 millimolar],str,63.851,True,False
000,boundary.external,boundary.external.K+,!units[21.883 millimolar],str,21.883,True,False
000,boundary.external,boundary.external.SULFATE,!units[15.077 millimolar],str,15.077,True,False
000,boundary.external,boundary.external.FE+2,!units[inf millimolar],str,,False,False
000,boundary.external,boundary.external.FE+3,!units[0.0031 millimolar],str,0.0031,True,False
000,boundary.external,boundary.external.CA+2,!units[0.09 millimolar],str,0.09,True,False
000,boundary.external,boundary.external.CL-,!units[55.389 millimolar],str,55.389,True,False
000,boundary.external,boundary.external.CO+2,!units[inf millimolar],str,,False,False
000,boundary.external,boundary.external.MG+2,!units[2.1 millimolar],str,2.1,True,False
000,boundary.external,boundary.external.MN+2,!units[inf millimolar],str,,False,False
000,boundary.external,boundary.external.NI+2,!units[inf millimolar],str,,False,False
000,boundary.external,boundary.external.ZN+2,!units[inf millimolar],str,,False,False
000,boundary.external,boundary.external.WATER,!units[inf millimolar],str,,False,False
000,boundary.external,boundary.external.CARBON-DIOXIDE,!units[inf millimolar],str,,False,False
000,boundary.external,boundary.external.CPD0-1958,!units[0.0 millimolar],str,0.0,True,False
000,boundary.external,boundary.external.GLC-D-LACTONE,!units[0.0 millimolar],str,0.0,True,False
000,boundary.external,boundary.external.CYTOSINE,!units[0.0 millimolar],str,0.0,True,False
000,boundary.external,boundary.external.CYTIDINE,!units[0.0 millimolar],str,0.0,True,False
000,boundary.external,boundary.external.ARABINOSE,!units[0.0 millimolar],str,0.0,True,False
000,boundary.external,boundary.external.CPD-183,!units[0.0 millimolar],str,0.0,True,False
000,boundary.external,boundary.external.INDOLE,!units[0.0 millimolar],str,0.0,True,False
000,boundary.external,boundary.external.NITRATE,!units[0.0 millimolar],str,0.0,True,False
000,boundary.external,boundary.external.NITRITE,!units[0.0 millimolar],str,0.0,True,False
000,boundary.external,boundary.external.S-ADENOSYLMETHIONINE,!units[0.0 millimolar],str,0.0,True,False
000,boundary.external,boundary.external.CPD-520,!units[0.0 millimolar],str,0.0,True,False
000,boundary.external,boundary.external.TUNGSTATE,!units[0.0 millimolar],str,0.0,True,False
000,boundary.external,boundary.external.MI-PENTAKISPHOSPHATE,!units[0.0 millimolar],str,0.0,True,False
000,boundary.external,boundary.external.HYPOXANTHINE,!units[0.0 millimolar],str,0.0,True,False
000,boundary.external,boundary.external.CARBON-MONOXIDE,!units[0.0 millimolar],str,0.0,True,False
000,boundary.external,boundary.external.HYDROGEN-MOLECULE,!units[0.0 millimolar],str,0.0,True,False
000,boundary.external,boundary.external.5-Deoxy-D-Ribofuranose,!units[0.0 millimolar],str,0.0,True,False
000,boundary.external,boundary.external.CPD-239,!units[0.0 millimolar],str,0.0,True,False
000,boundary.external,boundary.external.UNDECAPRENYL-DIPHOSPHATE,!units[0.0 millimolar],str,0.0,True,False
000,boundary.external,boundary.external.GLYCOLLATE,!units[0.0 millimolar],str,0.0,True,False
000,boundary.external,boundary.external.CPD-10774,!units[0.0 millimolar],str,0.0,True,False
000,boundary.external,boundary.external.BETAINE,!units[0.0 millimolar],str,0.0,True,False
000,boundary.external,boundary.external.CH33ADO,!units[0.0 millimolar],str,0.0,True,False
000,boundary.external,boundary.external.URACIL,!units[0.0 millimolar],str,0.0,True,False
000,boundary.external,boundary.external.METOH,!units[0.0 millimolar],str,0.0,True,False
000,boundary.external,boundary.external.CPD-1772,!units[0.0 millimolar],str,0.0,True,False
000,boundary.external,boundary.external.4FE-4S,!units[0.0 millimolar],str,0.0,True,False
000,boundary.external,boundary.external.CPD-560,!units[0.0 millimolar],str,0.0,True,False
000,boundary.external,boundary.external.CPD-108,!units[0.0 millimolar],str,0.0,True,False
000,boundary.external,boundary.external.THYMINE,!units[0.0 millimolar],str,0.0,True,False
000,boundary.external,boundary.external.S-ADENOSYL-4-METHYLTHIO-2-OXOBUTANOATE,!units[0.0 millimolar],str,0.0,True,False
000,boundary.external,boundary.external.UREA,!units[0.0 millimolar],str,0.0,True,False
000,boundary.external,boundary.external.FORMATE,!units[0.0 millimolar],str,0.0,True,False
000,boundary.external,boundary.external.D-ALANINE,!units[0.0 millimolar],str,0.0,True,False
000,boundary.external,boundary.external.CPD-534,!units[0.0 millimolar],str,0.0,True,False
000,boundary.external,boundary.external.GLYCEROL,!units[0.0 millimolar],str,0.0,True,False
000,boundary.external,boundary.external.GLYCOLALDEHYDE,!units[0.0 millimolar],str,0.0,True,False
000,boundary.external,boundary.external.D-LACTATE,!units[0.0 millimolar],str,0.0,True,False
000,boundary.external,boundary.external.BUTANAL,!units[0.0 millimolar],str,0.0,True,False
000,boundary.external,boundary.external.CPD-564,!units[0.0 millimolar],str,0.0,True,False
000,boundary.external,boundary.external.XANTHINE,!units[0.0 millimolar],str,0.0,True,False
000,boundary.external,boundary.external.PROTON,!units[0.0 millimolar],str,0.0,True,False
000,boundary.external,boundary.external.ETOH,!units[0.0 millimolar],str,0.0,True,False
000,boundary.external,boundary.external.IMIDAZOLE-PYRUVATE,!units[0.0 millimolar],str,0.0,True,False
000,boundary,boundary.mmol_to_counts,!units[771553.3883459674 / millimolar],str,771553.3883459674,True,False
001,boundary.external,boundary.external.ARG,!units[0.0 millimolar],str,0.0,True,False
001,boundary.external,boundary.external.ASN,!units[0.0 millimolar],str,0.0,True,False
001,boundary.external,boundary.external.CYS,!units[0.0 millimolar],str,0.0,True,False
001,boundary.external,boundary.external.GLN,!units[0.0 millimolar],str,0.0,True,False
001,boundary.external,boundary.external.GLT,!units[0.0 millimolar],str,0.0,True,False
001,boundary.external,boundary.external.GLY,!units[0.0 millimolar],str,0.0,True,False
001,boundary.external,boundary.external.HIS,!units[0.0 millimolar],str,0.0,True,False
001,boundary.external,boundary.external.ILE,!units[0.0 millimolar],str,0.0,True,False
001,boundary.external,boundary.external.L-ALPHA-ALANINE,!units[0.0 millimolar],str,0.0,True,False
001,boundary.external,boundary.external.L-ASPARTATE,!units[0.0 millimolar],str,0.0,True,False
001,boundary.external,boundary.external.L-SELENOCYSTEINE,!units[inf millimolar],str,,False,False
001,boundary.external,boundary.external.LEU,!units[0.0 millimolar],str,0.0,True,False
001,boundary.external,boundary.external.LYS,!units[0.0 millimolar],str,0.0,True,False
001,boundary.external,boundary.external.MET,!units[0.0 millimolar],str,0.0,True,False
001,boundary.external,boundary.external.PHE,!units[0.0 millimolar],str,0.0,True,False
001,boundary.external,boundary.external.PRO,!units[0.0 millimolar],str,0.0,True,False
001,boundary.external,boundary.external.SER,!units[0.0 millimolar],str,0.0,True,False
001,boundary.external,boundary.external.THR,!units[0.0 millimolar],str,0.0,True,False
001,boundary.external,boundary.external.TRP,!units[0.0 millimolar],str,0.0,True,False
001,boundary.external,boundary.external.TYR,!units[0.0 millimolar],str,0.0,True,False
001,boundary.external,boundary.external.VAL,!units[0.0 millimolar],str,0.0,True,False
001,boundary.external,boundary.external.GLC,!units[0.9886216471471568 millimolar],str,0.9886216471471568,True,False
001,boundary.external,boundary.external.ACET,!units[0.0 millimolar],str,0.0,True,False
001,boundary.external,boundary.external.FUM,!units[0.0 millimolar],str,0.0,True,False
001,boundary.external,boundary.external.MAL,!units[0.0 millimolar],str,0.0,True,False
001,boundary.external,boundary.external.SUC,!units[0.0 millimolar],str,0.0,True,False
001,boundary.external,boundary.external.OXYGEN-MOLECULE,!units[inf millimolar],str,,False,False
001,boundary.external,boundary.external.AMMONIUM,!units[30.272 millimolar],str,30.272,True,False
001,boundary.external,boundary.external.NA+,!units[135.15 millimolar],str,135.15,True,False
001,boundary.external,boundary.external.Pi,!units[63.851 millimolar],str,63.851,True,False
001,boundary.external,boundary.external.K+,!units[21.883 millimolar],str,21.883,True,False
001,boundary.external,boundary.external.SULFATE,!units[15.077 millimolar],str,15.077,True,False
001,boundary.external,boundary.external.FE+2,!units[inf millimolar],str,,False,False
001,boundary.external,boundary.external.FE+3,!units[0.0031 millimolar],str,0.0031,True,False
001,boundary.external,boundary.external.CA+2,!units[0.09 millimolar],str,0.09,True,False
001,boundary.external,boundary.external.CL-,!units[55.389 millimolar],str,55.389,True,False
001,boundary.external,boundary.external.CO+2,!units[inf millimolar],str,,False,False
001,boundary.external,boundary.external.MG+2,!units[2.1 millimolar],str,2.1,True,False
001,boundary.external,boundary.external.MN+2,!units[inf millimolar],str,,False,False
001,boundary.external,boundary.external.NI+2,!units[inf millimolar],str,,False,False
001,boundary.external,boundary.external.ZN+2,!units[inf millimolar],str,,False,False
001,boundary.external,boundary.external.WATER,!units[inf millimolar],str,,False,False
001,boundary.external,boundary.external.CARBON-DIOXIDE,!units[inf millimolar],str,,False,False
001,boundary.external,boundary.external.CPD0-1958,!units[0.0 millimolar],str,0.0,True,False
001,boundary.external,boundary.external.GLC-D-LACTONE,!units[0.0 millimolar],str,0.0,True,False
001,boundary.external,boundary.external.CYTOSINE,!units[0.0 millimolar],str,0.0,True,False
001,boundary.external,boundary.external.CYTIDINE,!units[0.0 millimolar],str,0.0,True,False
001,boundary.external,boundary.external.ARABINOSE,!units[0.0 millimolar],str,0.0,True,False
001,boundary.external,boundary.external.CPD-183,!units[0.0 millimolar],str,0.0,True,False
001,boundary.external,boundary.external.INDOLE,!units[0.0 millimolar],str,0.0,True,False
001,boundary.external,boundary.external.NITRATE,!units[0.0 millimolar],str,0.0,True,False
001,boundary.external,boundary.external.NITRITE,!units[0.0 millimolar],str,0.0,True,False
001,boundary.external,boundary.external.S-ADENOSYLMETHIONINE,!units[0.0 millimolar],str,0.0,True,False
001,boundary.external,boundary.external.CPD-520,!units[0.0 millimolar],str,0.0,True,False
001,boundary.external,boundary.external.TUNGSTATE,!units[0.0 millimolar],str,0.0,True,False
001,boundary.external,boundary.external.MI-PENTAKISPHOSPHATE,!units[0.0 millimolar],str,0.0,True,False
001,boundary.external,boundary.external.HYPOXANTHINE,!units[0.0 millimolar],str,0.0,True,False
001,boundary.external,boundary.external.CARBON-MONOXIDE,!units[0.0 millimolar],str,0.0,True,False
001,boundary.external,boundary.external.HYDROGEN-MOLECULE,!units[0.0 millimolar],str,0.0,True,False
001,boundary.external,boundary.external.5-Deoxy-D-Ribofuranose,!units[0.0 millimolar],str,0.0,True,False
001,boundary.external,boundary.external.CPD-239,!units[0.0 millimolar],str,0.0,True,False
001,boundary.external,boundary.external.UNDECAPRENYL-DIPHOSPHATE,!units[0.0 millimolar],str,0.0,True,False
001,boundary.external,boundary.external.GLYCOLLATE,!units[0.0 millimolar],str,0.0,True,False
001,boundary.external,boundary.external.CPD-10774,!units[0.0 millimolar],str,0.0,True,False
001,boundary.external,boundary.external.BETAINE,!units[0.0 millimolar],str,0.0,True,False
001,boundary.external,boundary.external.CH33ADO,!units[0.0 millimolar],str,0.0,True,False
001,boundary.external,boundary.external.URACIL,!units[0.0 millimolar],str,0.0,True,False
001,boundary.external,boundary.external.METOH,!units[0.0 millimolar],str,0.0,True,False
001,boundary.external,boundary.external.CPD-1772,!units[0.0 millimolar],str,0.0,True,False
001,boundary.external,boundary.external.4FE-4S,!units[0.0 millimolar],str,0.0,True,False
001,boundary.external,boundary.external.CPD-560,!units[0.0 millimolar],str,0.0,True,False
001,boundary.external,boundary.external.CPD-108,!units[0.0 millimolar],str,0.0,True,False
001,boundary.external,boundary.external.THYMINE,!units[0.0 millimolar],str,0.0,True,False
001,boundary.external,boundary.external.S-ADENOSYL-4-METHYLTHIO-2-OXOBUTANOATE,!units[0.0 millimolar],str,0.0,True,False
001,boundary.external,boundary.external.UREA,!units[0.0 millimolar],str,0.0,True,False
001,boundary.external,boundary.external.FORMATE,!units[0.0 millimolar],str,0.0,True,False
001,boundary.external,boundary.external.D-ALANINE,!units[0.0 millimolar],str,0.0,True,False
001,boundary.external,boundary.external.CPD-534,!units[0.0 millimolar],str,0.0,True,False
001,boundary.external,boundary.external.GLYCEROL,!units[0.0 millimolar],str,0.0,True,False
001,boundary.external,boundary.external.GLYCOLALDEHYDE,!units[0.0 millimolar],str,0.0,True,False
001,boundary.external,boundary.external.D-LACTATE,!units[0.0 millimolar],str,0.0,True,False
001,boundary.external,boundary.external.BUTANAL,!units[0.0 millimolar],str,0.0,True,False
001,boundary.external,boundary.external.CPD-564,!units[0.0 millimolar],str,0.0,True,False
001,boundary.external,boundary.external.XANTHINE,!units[0.0 millimolar],str,0.0,True,False
001,boundary.external,boundary.external.PROTON,!units[0.0 millimolar],str,0.0,True,False
001,boundary.external,boundary.external.ETOH,!units[0.0 millimolar],str,0.0,True,False
001,boundary.external,boundary.external.IMIDAZOLE-PYRUVATE,!units[0.0 millimolar],str,0.0,True,False
001,boundary,boundary.mmol_to_counts,!units[762474.9073928331 / millimolar],str,762474.9073928331,True,False
010,boundary.external,boundary.external.ARG,!units[0.0 millimolar],str,0.0,True,False
010,boundary.external,boundary.external.ASN,!units[0.0 millimolar],str,0.0,True,False
010,boundary.external,boundary.external.CYS,!units[0.0 millimolar],str,0.0,True,False
010,boundary.external,boundary.external.GLN,!units[0.0 millimolar],str,0.0,True,False
010,boundary.external,boundary.external.GLT,!units[0.0 millimolar],str,0.0,True,False
010,boundary.external,boundary.external.GLY,!units[0.0 millimolar],str,0.0,True,False
010,boundary.external,boundary.external.HIS,!units[0.0 millimolar],str,0.0,True,False
010,boundary.external,boundary.external.ILE,!units[0.0 millimolar],str,0.0,True,False
010,boundary.external,boundary.external.L-ALPHA-ALANINE,!units[0.0 millimolar],str,0.0,True,False
010,boundary.external,boundary.external.L-ASPARTATE,!units[0.0 millimolar],str,0.0,True,False
010,boundary.external,boundary.external.L-SELENOCYSTEINE,!units[inf millimolar],str,,False,False
010,boundary.external,boundary.external.LEU,!units[0.0 millimolar],str,0.0,True,False
010,boundary.external,boundary.external.LYS,!units[0.0 millimolar],str,0.0,True,False
010,boundary.external,boundary.external.MET,!units[0.0 millimolar],str,0.0,True,False
010,boundary.external,boundary.external.PHE,!units[0.0 millimolar],str,0.0,True,False
010,boundary.external,boundary.external.PRO,!units[0.0 millimolar],str,0.0,True,False
010,boundary.external,boundary.external.SER,!units[0.0 millimolar],str,0.0,True,False
010,boundary.external,boundary.external.THR,!units[0.0 millimolar],str,0.0,True,False
010,boundary.external,boundary.external.TRP,!units[0.0 millimolar],str,0.0,True,False
010,boundary.external,boundary.external.TYR,!units[0.0 millimolar],str,0.0,True,False
010,boundary.external,boundary.external.VAL,!units[0.0 millimolar],str,0.0,True,False
010,boundary.external,boundary.external.GLC,!units[0.9892016009373783 millimolar],str,0.9892016009373783,True,False
010,boundary.external,boundary.external.ACET,!units[0.0 millimolar],str,0.0,True,False
010,boundary.external,boundary.external.FUM,!units[0.0 millimolar],str,0.0,True,False
010,boundary.external,boundary.external.MAL,!units[0.0 millimolar],str,0.0,True,False
010,boundary.external,boundary.external.SUC,!units[0.0 millimolar],str,0.0,True,False
010,boundary.external,boundary.external.OXYGEN-MOLECULE,!units[inf millimolar],str,,False,False
010,boundary.external,boundary.external.AMMONIUM,!units[30.272 millimolar],str,30.272,True,False
010,boundary.external,boundary.external.NA+,!units[135.15 millimolar],str,135.15,True,False
010,boundary.external,boundary.external.Pi,!units[63.851 millimolar],str,63.851,True,False
010,boundary.external,boundary.external.K+,!units[21.883 millimolar],str,21.883,True,False
010,boundary.external,boundary.external.SULFATE,!units[15.077 millimolar],str,15.077,True,False
010,boundary.external,boundary.external.FE+2,!units[inf millimolar],str,,False,False
010,boundary.external,boundary.external.FE+3,!units[0.0031 millimolar],str,0.0031,True,False
010,boundary.external,boundary.external.CA+2,!units[0.09 millimolar],str,0.09,True,False
010,boundary.external,boundary.external.CL-,!units[55.389 millimolar],str,55.389,True,False
010,boundary.external,boundary.external.CO+2,!units[inf millimolar],str,,False,False
010,boundary.external,boundary.external.MG+2,!units[2.1 millimolar],str,2.1,True,False
010,boundary.external,boundary.external.MN+2,!units[inf millimolar],str,,False,False
010,boundary.external,boundary.external.NI+2,!units[inf millimolar],str,,False,False
010,boundary.external,boundary.external.ZN+2,!units[inf millimolar],str,,False,False
010,boundary.external,boundary.external.WATER,!units[inf millimolar],str,,False,False
010,boundary.external,boundary.external.CARBON-DIOXIDE,!units[inf millimolar],str,,False,False
010,boundary.external,boundary.external.CPD0-1958,!units[0.0 millimolar],str,0.0,True,False
010,boundary.external,boundary.external.GLC-D-LACTONE,!units[0.0 millimolar],str,0.0,True,False
010,boundary.external,boundary.external.CYTOSINE,!units[0.0 millimolar],str,0.0,True,False
010,boundary.external,boundary.external.CYTIDINE,!units[0.0 millimolar],str,0.0,True,False
010,boundary.external,boundary.external.ARABINOSE,!units[0.0 millimolar],str,0.0,True,False
010,boundary.external,boundary.external.CPD-183,!units[0.0 millimolar],str,0.0,True,False
010,boundary.external,boundary.external.INDOLE,!units[0.0 millimolar],str,0.0,True,False
010,boundary.external,boundary.external.NITRATE,!units[0.0 millimolar],str,0.0,True,False
010,boundary.external,boundary.external.NITRITE,!units[0.0 millimolar],str,0.0,True,False
010,boundary.external,boundary.external.S-ADENOSYLMETHIONINE,!units[0.0 millimolar],str,0.0,True,False
010,boundary.external,boundary.external.CPD-520,!units[0.0 millimolar],str,0.0,True,False
010,boundary.external,boundary.external.TUNGSTATE,!units[0.0 millimolar],str,0.0,True,False
010,boundary.external,boundary.external.MI-PENTAKISPHOSPHATE,!units[0.0 millimolar],str,0.0,True,False
010,boundary.external,boundary.external.HYPOXANTHINE,!units[0.0 millimolar],str,0.0,True,False
010,boundary.external,boundary.external.CARBON-MONOXIDE,!units[0.0 millimolar],str,0.0,True,False
010,boundary.external,boundary.external.HYDROGEN-MOLECULE,!units[0.0 millimolar],str,0.0,True,False
010,boundary.external,boundary.external.5-Deoxy-D-Ribofuranose,!units[0.0 millimolar],str,0.0,True,False
010,boundary.external,boundary.external.CPD-239,!units[0.0 millimolar],str,0.0,True,False
010,boundary.external,boundary.external.UNDECAPRENYL-DIPHOSPHATE,!units[0.0 millimolar],str,0.0,True,False
010,boundary.external,boundary.external.GLYCOLLATE,!units[0.0 millimolar],str,0.0,True,False
010,boundary.external,boundary.external.CPD-10774,!units[0.0 millimolar],str,0.0,True,False
010,boundary.external,boundary.external.BETAINE,!units[0.0 millimolar],str,0.0,True,False
010,boundary.external,boundary.external.CH33ADO,!units[0.0 millimolar],str,0.0,True,False
010,boundary.external,boundary.external.URACIL,!units[0.0 millimolar],str,0.0,True,False
010,boundary.external,boundary.external.METOH,!units[0.0 millimolar],str,0.0,True,False
010,boundary.external,boundary.external.CPD-1772,!units[0.0 millimolar],str,0.0,True,False
010,boundary.external,boundary.external.4FE-4S,!units[0.0 millimolar],str,0.0,True,False
010,boundary.external,boundary.external.CPD-560,!units[0.0 millimolar],str,0.0,True,False
010,boundary.external,boundary.external.CPD-108,!units[0.0 millimolar],str,0.0,True,False
010,boundary.external,boundary.external.THYMINE,!units[0.0 millimolar],str,0.0,True,False
010,boundary.external,boundary.external.S-ADENOSYL-4-METHYLTHIO-2-OXOBUTANOATE,!units[0.0 millimolar],str,0.0,True,False
010,boundary.external,boundary.external.UREA,!units[0.0 millimolar],str,0.0,True,False
010,boundary.external,boundary.external.FORMATE,!units[0.0 millimolar],str,0.0,True,False
010,boundary.external,boundary.external.D-ALANINE,!units[0.0 millimolar],str,0.0,True,False
010,boundary.external,boundary.external.CPD-534,!units[0.0 millimolar],str,0.0,True,False
010,boundary.external,boundary.external.GLYCEROL,!units[0.0 millimolar],str,0.0,True,False
010,boundary.external,boundary.external.GLYCOLALDEHYDE,!units[0.0 millimolar],str,0.0,True,False
010,boundary.external,boundary.external.D-LACTATE,!units[0.0 millimolar],str,0.0,True,False
010,boundary.external,boundary.external.BUTANAL,!units[0.0 millimolar],str,0.0,True,False
010,boundary.external,boundary.external.CPD-564,!units[0.0 millimolar],str,0.0,True,False
010,boundary.external,boundary.external.XANTHINE,!units[0.0 millimolar],str,0.0,True,False
010,boundary.external,boundary.external.PROTON,!units[0.0 millimolar],str,0.0,True,False
010,boundary.external,boundary.external.ETOH,!units[0.0 millimolar],str,0.0,True,False
010,boundary.external,boundary.external.IMIDAZOLE-PYRUVATE,!units[0.0 millimolar],str,0.0,True,False
010,boundary,boundary.mmol_to_counts,!units[772383.1576104428 / millimolar],str,772383.1576104428,True,False
011,boundary.external,boundary.external.ARG,!units[0.0 millimolar],str,0.0,True,False
011,boundary.external,boundary.external.ASN,!units[0.0 millimolar],str,0.0,True,False
011,boundary.external,boundary.external.CYS,!units[0.0 millimolar],str,0.0,True,False
011,boundary.external,boundary.external.GLN,!units[0.0 millimolar],str,0.0,True,False
011,boundary.external,boundary.external.GLT,!units[0.0 millimolar],str,0.0,True,False
011,boundary.external,boundary.external.GLY,!units[0.0 millimolar],str,0.0,True,False
011,boundary.external,boundary.external.HIS,!units[0.0 millimolar],str,0.0,True,False
011,boundary.external,boundary.external.ILE,!units[0.0 millimolar],str,0.0,True,False
011,boundary.external,boundary.external.L-ALPHA-ALANINE,!units[0.0 millimolar],str,0.0,True,False
011,boundary.external,boundary.external.L-ASPARTATE,!units[0.0 millimolar],str,0.0,True,False
011,boundary.external,boundary.external.L-SELENOCYSTEINE,!units[inf millimolar],str,,False,False
011,boundary.external,boundary.external.LEU,!units[0.0 millimolar],str,0.0,True,False
011,boundary.external,boundary.external.LYS,!units[0.0 millimolar],str,0.0,True,False
011,boundary.external,boundary.external.MET,!units[0.0 millimolar],str,0.0,True,False
011,boundary.external,boundary.external.PHE,!units[0.0 millimolar],str,0.0,True,False
011,boundary.external,boundary.external.PRO,!units[0.0 millimolar],str,0.0,True,False
011,boundary.external,boundary.external.SER,!units[0.0 millimolar],str,0.0,True,False
011,boundary.external,boundary.external.THR,!units[0.0 millimolar],str,0.0,True,False
011,boundary.external,boundary.external.TRP,!units[0.0 millimolar],str,0.0,True,False
011,boundary.external,boundary.external.TYR,!units[0.0 millimolar],str,0.0,True,False
011,boundary.external,boundary.external.VAL,!units[0.0 millimolar],str,0.0,True,False
011,boundary.external,boundary.external.GLC,!units[0.987520148794726 millimolar],str,0.987520148794726,True,False
011,boundary.external,boundary.external.ACET,!units[0.0 millimolar],str,0.0,True,False
011,boundary.external,boundary.external.FUM,!units[0.0 millimolar],str,0.0,True,False
011,boundary.external,boundary.external.MAL,!units[0.0 millimolar],str,0.0,True,False
011,boundary.external,boundary.external.SUC,!units[0.0 millimolar],str,0.0,True,False
011,boundary.external,boundary.external.OXYGEN-MOLECULE,!units[inf millimolar],str,,False,False
011,boundary.external,boundary.external.AMMONIUM,!units[30.272 millimolar],str,30.272,True,False
011,boundary.external,boundary.external.NA+,!units[135.15 millimolar],str,135.15,True,False
011,boundary.external,boundary.external.Pi,!units[63.851 millimolar],str,63.851,True,False
011,boundary.external,boundary.external.K+,!units[21.883 millimolar],str,21.883,True,False
011,boundary.external,boundary.external.SULFATE,!units[15.077 millimolar],str,15.077,True,False
011,boundary.external,boundary.external.FE+2,!units[inf millimolar],str,,False,False
011,boundary.external,boundary.external.FE+3,!units[0.0031 millimolar],str,0.0031,True,False
011,boundary.external,boundary.external.CA+2,!units[0.09 millimolar],str,0.09,True,False
011,boundary.external,boundary.external.CL-,!units[55.389 millimolar],str,55.389,True,False
011,boundary.external,boundary.external.CO+2,!units[inf millimolar],str,,False,False
011,boundary.external,boundary.external.MG+2,!units[2.1 millimolar],str,2.1,True,False
011,boundary.external,boundary.external.MN+2,!units[inf millimolar],str,,False,False
011,boundary.external,boundary.external.NI+2,!units[inf millimolar],str,,False,False
011,boundary.external,boundary.external.ZN+2,!units[inf millimolar],str,,False,False
011,boundary.external,boundary.external.WATER,!units[inf millimolar],str,,False,False
011,boundary.external,boundary.external.CARBON-DIOXIDE,!units[inf millimolar],str,,False,False
011,boundary.external,boundary.external.CPD0-1958,!units[0.0 millimolar],str,0.0,True,False
011,boundary.external,boundary.external.GLC-D-LACTONE,!units[0.0 millimolar],str,0.0,True,False
011,boundary.external,boundary.external.CYTOSINE,!units[0.0 millimolar],str,0.0,True,False
011,boundary.external,boundary.external.CYTIDINE,!units[0.0 millimolar],str,0.0,True,False
011,boundary.external,boundary.external.ARABINOSE,!units[0.0 millimolar],str,0.0,True,False
011,boundary.external,boundary.external.CPD-183,!units[0.0 millimolar],str,0.0,True,False
011,boundary.external,boundary.external.INDOLE,!units[0.0 millimolar],str,0.0,True,False
011,boundary.external,boundary.external.NITRATE,!units[0.0 millimolar],str,0.0,True,False
011,boundary.external,boundary.external.NITRITE,!units[0.0 millimolar],str,0.0,True,False
011,boundary.external,boundary.external.S-ADENOSYLMETHIONINE,!units[0.0 millimolar],str,0.0,True,False
011,boundary.external,boundary.external.CPD-520,!units[0.0 millimolar],str,0.0,True,False
011,boundary.external,boundary.external.TUNGSTATE,!units[0.0 millimolar],str,0.0,True,False
011,boundary.external,boundary.external.MI-PENTAKISPHOSPHATE,!units[0.0 millimolar],str,0.0,True,False
011,boundary.external,boundary.external.HYPOXANTHINE,!units[0.0 millimolar],str,0.0,True,False
011,boundary.external,boundary.external.CARBON-MONOXIDE,!units[0.0 millimolar],str,0.0,True,False
011,boundary.external,boundary.external.HYDROGEN-MOLECULE,!units[0.0 millimolar],str,0.0,True,False
011,boundary.external,boundary.external.5-Deoxy-D-Ribofuranose,!units[0.0 millimolar],str,0.0,True,False
011,boundary.external,boundary.external.CPD-239,!units[0.0 millimolar],str,0.0,True,False
011,boundary.external,boundary.external.UNDECAPRENYL-DIPHOSPHATE,!units[0.0 millimolar],str,0.0,True,False
011,boundary.external,boundary.external.GLYCOLLATE,!units[0.0 millimolar],str,0.0,True,False
011,boundary.external,boundary.external.CPD-10774,!units[0.0 millimolar],str,0.0,True,False
011,boundary.external,boundary.external.BETAINE,!units[0.0 millimolar],str,0.0,True,False
011,boundary.external,boundary.external.CH33ADO,!units[0.0 millimolar],str,0.0,True,False
011,boundary.external,boundary.external.URACIL,!units[0.0 millimolar],str,0.0,True,False
011,boundary.external,boundary.external.METOH,!units[0.0 millimolar],str,0.0,True,False
011,boundary.external,boundary.external.CPD-1772,!units[0.0 millimolar],str,0.0,True,False
011,boundary.external,boundary.external.4FE-4S,!units[0.0 millimolar],str,0.0,True,False
011,boundary.external,boundary.external.CPD-560,!units[0.0 millimolar],str,0.0,True,False
011,boundary.external,boundary.external.CPD-108,!units[0.0 millimolar],str,0.0,True,False
011,boundary.external,boundary.external.THYMINE,!units[0.0 millimolar],str,0.0,True,False
011,boundary.external,boundary.external.S-ADENOSYL-4-METHYLTHIO-2-OXOBUTANOATE,!units[0.0 millimolar],str,0.0,True,False
011,boundary.external,boundary.external.UREA,!units[0.0 millimolar],str,0.0,True,False
011,boundary.external,boundary.external.FORMATE,!units[0.0 millimolar],str,0.0,True,False
011,boundary.external,boundary.external.D-ALANINE,!units[0.0 millimolar],str,0.0,True,False
011,boundary.external,boundary.external.CPD-534,!units[0.0 millimolar],str,0.0,True,False
011,boundary.external,boundary.external.GLYCEROL,!units[0.0 millimolar],str,0.0,True,False
011,boundary.external,boundary.external.GLYCOLALDEHYDE,!units[0.0 millimolar],str,0.0,True,False
011,boundary.external,boundary.external.D-LACTATE,!units[0.0 millimolar],str,0.0,True,False
011,boundary.external,boundary.external.BUTANAL,!units[0.0 millimolar],str,0.0,True,False
011,boundary.external,boundary.external.CPD-564,!units[0.0 millimolar],str,0.0,True,False
011,boundary.external,boundary.external.XANTHINE,!units[0.0 millimolar],str,0.0,True,False
011,boundary.external,boundary.external.PROTON,!units[0.0 millimolar],str,0.0,True,False
011,boundary.external,boundary.external.ETOH,!units[0.0 millimolar],str,0.0,True,False
011,boundary.external,boundary.external.IMIDAZOLE-PYRUVATE,!units[0.0 millimolar],str,0.0,True,False
011,boundary,boundary.mmol_to_counts,!units[776935.0041671057 / millimolar],str,776935.0041671057,True,False
