knocked_out_gene,project_name,ko_input,failed_before_8th_generation,essentiality_web_lab,match
EG10016,gene_knockout_leftover,EG10016,False,False,True
EG10027,gene_knockout_3_round_test,EG10027,False,False,True
EG10036,gene_knockout_3_round_test,EG10036,False,False,True
EG10052,gene_knockout_3_round_test,EG10052,False,False,True
EG10073,gene_knockout_3_round_test,EG10073,True,True,True
EG10095,gene_knockout_3_round_test,EG10095,False,False,True
EG10099,gene_knockout_3_round_test,EG10099,False,False,True
EG10100,gene_knockout_3_round_test,EG10100,False,False,True
EG10105,gene_knockout_3_round_test,EG10105,False,False,True
EG10109,gene_knockout_3_round_test,EG10109,False,False,True
EG10118,gene_knockout_3_round_test,EG10118,False,False,True
EG10120,gene_knockout_3_round_test,EG10120,False,False,True
EG10137,gene_knockout_3_round_test,EG10137,False,False,True
EG10182,gene_knockout_3_round_test,EG10182,False,False,True
EG10188,gene_knockout_3_round_test,EG10188,False,True,False
EG10196,gene_knockout_p_list,EG10196,True,True,True
EG10214,gene_knockout_TU_ID_rest_list_rerun,EG10214_RNA[c],False,True,False
EG10361,gene_knockout_3_round_test,EG10361,False,False,True
EG10383,gene_knockout_TU_ID_rest_list_rerun,EG10383_RNA[c],True,False,False
EG10420,gene_knockout_3_round_test,EG10420,True,True,True
EG10539,gene_knockout_3_round_test,EG10539,False,False,True
EG10549,gene_knockout_3_round_test,EG10549,True,False,False
EG10582,gene_knockout_3_round_test,EG10582,False,False,True
EG10707,gene_knockout_p_list,EG10707,True,False,False
EG10759,gene_knockout_3_round_test,EG10759,False,False,True
EG10774,gene_knockout_3_round_test,EG10774,True,True,True
EG10791,gene_knockout_3_round_test,EG10791,True,True,True
EG10808,gene_knockout_3_round_test,EG10808,True,False,False
EG10864,gene_knockout_p_list,EG10864,True,True,True
EG10865,gene_knockout_p_list,EG10865,True,True,True
EG10866,gene_knockout_p_list,EG10866,True,True,True
EG10867,gene_knockout_p_list,EG10867,True,True,True
EG10868,gene_knockout_p_list,EG10868,True,True,True
EG10869,gene_knockout_p_list,EG10869,True,True,True
EG10870,gene_knockout_p_list,EG10870,True,False,False
EG10872,gene_knockout_p_list,EG10872,True,True,True
EG10874,gene_knockout_p_list,EG10874,True,True,True
EG10875,gene_knockout_p_list,EG10875,True,True,True
EG10876,gene_knockout_p_list,EG10876,True,True,True
EG10877,gene_knockout_p_list,EG10877,True,True,True
EG10879,gene_knockout_p_list,EG10879,True,True,True
EG10880,gene_knockout_p_list,EG10880,True,True,True
EG10881,gene_knockout_p_list,EG10881,True,True,True
EG10882,gene_knockout_p_list,EG10882,True,True,True
EG10883,gene_knockout_p_list,EG10883,True,True,True
EG10884,gene_knockout_p_list,EG10884,True,True,True
EG10885,gene_knockout_p_list,EG10885,True,True,True
EG10886,gene_knockout_p_list,EG10886,True,True,True
EG10887,gene_knockout_p_list,EG10887,True,False,False
EG10888,gene_knockout_p_list,EG10888,True,True,True
EG10889,gene_knockout_p_list,EG10889,True,False,False
EG10890,gene_knockout_p_list,EG10890,True,False,False
EG10891,gene_knockout_p_list,EG10891,True,False,False
EG10892,gene_knockout_p_list,EG10892,True,True,True
EG10900,gene_knockout_p_list,EG10900,True,True,True
EG10901,gene_knockout_p_list,EG10901,True,True,True
EG10902,gene_knockout_p_list,EG10902,True,True,True
EG10904,gene_knockout_p_list,EG10904,True,True,True
EG10905,gene_knockout_p_list,EG10905,True,True,True
EG10906,gene_knockout_p_list,EG10906,True,True,True
EG10907,gene_knockout_p_list,EG10907,True,True,True
EG10908,gene_knockout_p_list,EG10908,True,False,False
EG10909,gene_knockout_p_list,EG10909,True,True,True
EG10911,gene_knockout_p_list,EG10911,True,True,True
EG10913,gene_knockout_p_list,EG10913,True,True,True
EG10914,gene_knockout_p_list,EG10914,True,True,True
EG10915,gene_knockout_p_list,EG10915,True,False,False
EG10916,gene_knockout_p_list,EG10916,True,True,True
EG10917,gene_knockout_p_list,EG10917,True,True,True
EG10918,gene_knockout_p_list,EG10918,True,True,True
EG10919,gene_knockout_p_list,EG10919,True,True,True
EG10920,gene_knockout_p_list,EG10920,True,True,True
EG10928,gene_knockout_3_round_test,EG10928,False,False,True
EG10982,gene_knockout_TU_ID_rest_list_rerun,EG10982_RNA[c],False,False,True
EG11024,gene_knockout_p_list,EG11024,True,False,False
EG11026,gene_knockout_p_list,EG11026,True,False,False
EG11029,gene_knockout_3_round_test,EG11029,False,False,True
EG11040,gene_knockout_3_round_test,EG11040,False,False,True
EG11050,gene_knockout_3_round_test,EG11050,False,False,True
EG11112,gene_knockout_3_round_test,EG11112,False,False,True
EG11221,gene_knockout_3_round_test,EG11221,False,False,True
EG11231,gene_knockout_p_list,EG11231,True,False,False
EG11232,gene_knockout_p_list,EG11232,True,False,False
EG11288,gene_knockout_3_round_test,EG11288,False,False,True
EG11663,gene_knockout_3_round_test,EG11663,False,False,True
EG11692,gene_knockout_3_round_test,EG11692,False,False,True
EG11699,gene_knockout_3_round_test,EG11699,False,False,True
EG11736,gene_knockout_3_round_test,EG11736,False,False,True
EG12075,gene_knockout_3_round_test,EG12075,False,False,True
EG12078,gene_knockout_3_round_test,EG12078,False,False,True
EG12087,gene_knockout_3_round_test,EG12087,False,False,True
EG12293,gene_knockout_3_round_test,EG12293,False,False,True
EG12424,gene_knockout_3_round_test,EG12424,False,False,True
EG12662,gene_knockout_TU_ID_rest_list_rerun,EG12662_RNA[c],False,False,True
EG12663,gene_knockout_TU_ID_rest_list_rerun,EG12663_RNA[c],False,False,True
EG12712,gene_knockout_3_round_test,EG12712,False,False,True
EG12713,gene_knockout_3_round_test,EG12713,False,False,True
EG20248,gene_knockout_3_round_test,EG20248,False,False,True
EG50001,gene_knockout_p_list,EG50001,True,False,False
EG50002,gene_knockout_p_list,EG50002,True,True,True
G6237,gene_knockout_3_round_test,G6237,False,True,False
G6397,gene_knockout_3_round_test,G6397,False,False,True
G6561,gene_knockout_3_round_test,G6561,False,True,False
G6701,gene_knockout_3_round_test,G6701,False,False,True
G6775,gene_knockout_3_round_test,G6775,False,False,True
G6842,gene_knockout_3_round_test,G6842,False,False,True
G6941,gene_knockout_leftover,G6941,False,False,True
G6943,gene_knockout_leftover,G6943,False,False,True
G7836,gene_knockout_3_round_test,G7836,False,False,True
G7859,gene_knockout_3_round_test,G7859,False,False,True
EG11539,gene_knockout_TU_ID_rest_list_rerun,TU0-1021[c],True,True,True
G7716,gene_knockout_TU_ID_rest_list_rerun,TU0-1063[c],False,False,True
EG11082,gene_knockout_TU_ID_rest_list_rerun,TU0-12797[c],False,False,True
EG12312,gene_knockout_TU_ID_rest_list_rerun,TU0-12810[c],False,False,True
EG11546,gene_knockout_TU_ID_rest_list_rerun,TU0-12812[c],False,True,False
EG10207,gene_knockout_TU_ID_rest_list_rerun,TU0-12827[c],False,True,False
EG10139,gene_knockout_TU_ID_rest_list_rerun,TU0-12831[c],False,True,False
EG12715,gene_knockout_TU_ID_rest_list_rerun,TU0-12831[c],False,False,True
G6092,gene_knockout_TU_ID_rest_list_rerun,TU0-12831[c],False,True,False
G6096,gene_knockout_TU_ID_rest_list_rerun,TU0-12833[c],False,False,True
G6234,gene_knockout_TU_ID_rest_list_rerun,TU0-12921[c],False,False,True
G6239,gene_knockout_TU_ID_rest_list_rerun,TU0-12924[c],False,False,True
G58,gene_knockout_TU_ID_rest_list_rerun,TU0-12942[c],False,False,True
EG10051,gene_knockout_TU_ID_rest_list_rerun,TU0-12947[c],False,False,True
EG12384,gene_knockout_TU_ID_rest_list_rerun,TU0-12962[c],False,False,True
EG12666,gene_knockout_TU_ID_rest_list_rerun,TU0-12963[c],False,True,False
EG10532,gene_knockout_TU_ID_rest_list_rerun,TU0-13010[c],False,True,False
G6364,gene_knockout_TU_ID_rest_list_rerun,TU0-13018[c],False,False,True
G6437,gene_knockout_TU_ID_rest_list_rerun,TU0-13066[c],False,False,True
G6442,gene_knockout_TU_ID_rest_list_rerun,TU0-13069[c],False,False,True
EG11032,gene_knockout_TU_ID_rest_list_rerun,TU0-13078[c],False,False,True
EG10947,gene_knockout_TU_ID_rest_list_rerun,TU0-13080[c],True,True,True
G6468,gene_knockout_TU_ID_rest_list_rerun,TU0-13084[c],False,False,True
EG10613,gene_knockout_TU_ID_rest_list_rerun,TU0-13087[c],False,True,False
EG10094,gene_knockout_TU_ID_rest_list_rerun,TU0-13093[c],True,True,True
G6497,gene_knockout_TU_ID_rest_list_rerun,TU0-13100[c],False,False,True
G6503,gene_knockout_TU_ID_rest_list_rerun,TU0-13106[c],False,False,True
EG12302,gene_knockout_TU_ID_rest_list_rerun,TU0-13135[c],True,True,True
EG11819,gene_knockout_TU_ID_rest_list_rerun,TU0-13182[c],False,False,True
EG11121,gene_knockout_TU_ID_rest_list_rerun,TU0-13189[c],False,False,True
G6643,gene_knockout_TU_ID_rest_list_rerun,TU0-13209[c],False,False,True
G6662,gene_knockout_TU_ID_rest_list_rerun,TU0-13215[c],False,False,True
EG10030,gene_knockout_TU_ID_rest_list_rerun,TU0-13350[c],False,False,True
EG10076,gene_knockout_TU_ID_rest_list_rerun,TU0-13373[c],False,True,False
EG10803,gene_knockout_TU_ID_rest_list_rerun,TU0-13440[c],False,False,True
EG10071,gene_knockout_TU_ID_rest_list_rerun,TU0-13444[c],True,True,True
EG10161,gene_knockout_TU_ID_rest_list_rerun,TU0-13499[c],False,False,True
EG10162,gene_knockout_TU_ID_rest_list_rerun,TU0-13499[c],False,False,True
G7138,gene_knockout_TU_ID_rest_list_rerun,TU0-13514[c],False,False,True
EG10586,gene_knockout_TU_ID_rest_list_rerun,TU0-13519[c],True,True,True
EG11375,gene_knockout_TU_ID_rest_list_rerun,TU0-13539[c],False,True,False
EG12040,gene_knockout_TU_ID_rest_list_rerun,TU0-13552[c],False,False,True
G7158,gene_knockout_TU_ID_rest_list_rerun,TU0-13565[c],False,False,True
G7185,gene_knockout_TU_ID_rest_list_rerun,TU0-13580[c],False,False,True
EG10075,gene_knockout_TU_ID_rest_list_rerun,TU0-13593[c],True,True,True
EG50006,gene_knockout_TU_ID_rest_list_rerun,TU0-13627[c],False,False,True
G7293,gene_knockout_TU_ID_rest_list_rerun,TU0-13637[c],False,False,True
EG10208,gene_knockout_TU_ID_rest_list_rerun,TU0-13642[c],True,True,True
EG10650,gene_knockout_TU_ID_rest_list_rerun,TU0-13651[c],True,False,False
G7406,gene_knockout_TU_ID_rest_list_rerun,TU0-13713[c],False,False,True
G7449,gene_knockout_TU_ID_rest_list_rerun,TU0-13736[c],False,False,True
G7454,gene_knockout_TU_ID_rest_list_rerun,TU0-13741[c],False,False,True
G7501,gene_knockout_TU_ID_rest_list_rerun,TU0-13783[c],False,False,True
G7507,gene_knockout_TU_ID_rest_list_rerun,TU0-13785[c],False,False,True
EG11333,gene_knockout_TU_ID_rest_list_rerun,TU0-13792[c],False,False,True
G7530,gene_knockout_TU_ID_rest_list_rerun,TU0-13807[c],False,False,True
G7565,gene_knockout_TU_ID_rest_list_rerun,TU0-13823[c],False,False,True
EG12633,gene_knockout_TU_ID_rest_list_rerun,TU0-13837[c],False,False,True
G7579,gene_knockout_TU_ID_rest_list_rerun,TU0-13837[c],False,False,True
EG10465,gene_knockout_TU_ID_rest_list_rerun,TU0-13839[c],False,False,True
EG11673,gene_knockout_TU_ID_rest_list_rerun,TU0-13848[c],False,True,False
EG50011,gene_knockout_TU_ID_rest_list_rerun,TU0-13883[c],False,False,True
EG10017,gene_knockout_TU_ID_rest_list_rerun,TU0-13885[c],False,True,False
G7742,gene_knockout_TU_ID_rest_list_rerun,TU0-13929[c],False,False,True
EG10088,gene_knockout_TU_ID_rest_list_rerun,TU0-13935[c],True,False,False
EG10107,gene_knockout_TU_ID_rest_list_rerun,TU0-13984[c],False,False,True
EG10965,gene_knockout_TU_ID_rest_list_rerun,TU0-14004[c],True,True,True
EG20049,gene_knockout_TU_ID_rest_list_rerun,TU0-14018[c],False,False,True
EG10209,gene_knockout_TU_ID_rest_list_rerun,TU0-14042[c],True,False,False
EG11470,gene_knockout_TU_ID_rest_list_rerun,TU0-14049[c],False,False,True
EG11850,gene_knockout_TU_ID_rest_list_rerun,TU0-14070[c],False,False,True
EG10123,gene_knockout_TU_ID_rest_list_rerun,TU0-14099[c],False,False,True
EG10001,gene_knockout_TU_ID_rest_list_rerun,TU0-14120[c],False,False,True
EG11934,gene_knockout_TU_ID_rest_list_rerun,TU0-14121[c],False,False,True
G7842,gene_knockout_TU_ID_rest_list_rerun,TU0-14151[c],False,True,False
G7865,gene_knockout_TU_ID_rest_list_rerun,TU0-14158[c],False,False,True
EG12504,gene_knockout_TU_ID_rest_list_rerun,TU0-14159[c],False,False,True
G7868,gene_knockout_TU_ID_rest_list_rerun,TU0-14161[c],False,False,True
EG10043,gene_knockout_TU_ID_rest_list_rerun,TU0-14162[c],False,False,True
G7888,gene_knockout_TU_ID_rest_list_rerun,TU0-14176[c],False,True,False
G7889,gene_knockout_TU_ID_rest_list_rerun,TU0-14176[c],False,True,False
G7911,gene_knockout_TU_ID_rest_list_rerun,TU0-14192[c],False,False,True
EG11335,gene_knockout_TU_ID_rest_list_rerun,TU0-14225[c],False,False,True
EG10080,gene_knockout_TU_ID_rest_list_rerun,TU0-14254[c],False,False,True
EG10709,gene_knockout_TU_ID_rest_list_rerun,TU0-14257[c],True,True,True
EG10710,gene_knockout_TU_ID_rest_list_rerun,TU0-14257[c],True,True,True
EG11001,gene_knockout_TU_ID_rest_list_rerun,TU0-14257[c],True,True,True
G7662,gene_knockout_TU_ID_rest_list_rerun,TU0-14290[c],False,False,True
G7663,gene_knockout_TU_ID_rest_list_rerun,TU0-14291[c],False,True,False
G7664,gene_knockout_TU_ID_rest_list_rerun,TU0-14291[c],False,False,True
G7665,gene_knockout_TU_ID_rest_list_rerun,TU0-14291[c],False,True,False
G7423,gene_knockout_TU_ID_rest_list_rerun,TU0-14313[c],False,True,False
EG10004,gene_knockout_TU_ID_rest_list_rerun,TU0-14356[c],False,True,False
G0-10441,gene_knockout_TU_ID_rest_list_rerun,TU0-14366[c],False,False,True
EG10492,gene_knockout_TU_ID_rest_list_rerun,TU0-14394[c],False,True,False
EG10164,gene_knockout_TU_ID_rest_list_rerun,TU0-14396[c],False,False,True
EG10206,gene_knockout_TU_ID_rest_list_rerun,TU0-14399[c],True,False,False
EG10007,gene_knockout_TU_ID_rest_list_rerun,TU0-14415[c],False,False,True
EG10629,gene_knockout_TU_ID_rest_list_rerun,TU0-14417[c],False,False,True
G7826,gene_knockout_TU_ID_rest_list_rerun,TU0-14431[c],False,False,True
EG12286,gene_knockout_TU_ID_rest_list_rerun,TU0-14454[c],False,False,True
EG11630,gene_knockout_TU_ID_rest_list_rerun,TU0-14459[c],False,False,True
EG11631,gene_knockout_TU_ID_rest_list_rerun,TU0-14459[c],False,False,True
EG11632,gene_knockout_TU_ID_rest_list_rerun,TU0-14459[c],False,False,True
EG10390,gene_knockout_TU_ID_rest_list_rerun,TU0-14467[c],True,False,False
EG10809,gene_knockout_TU_ID_rest_list_rerun,TU0-14472[c],False,True,False
EG11067,gene_knockout_TU_ID_rest_list_rerun,TU0-14474[c],False,True,False
G6879,gene_knockout_TU_ID_rest_list_rerun,TU0-14496[c],False,False,True
G6283,gene_knockout_TU_ID_rest_list_rerun,TU0-14506[c],False,False,True
EG11810,gene_knockout_TU_ID_rest_list_rerun,TU0-14509[c],False,False,True
EG10189,gene_knockout_TU_ID_rest_list_rerun,TU0-14511[c],False,True,False
EG10131,gene_knockout_TU_ID_rest_list_rerun,TU0-14513[c],False,False,True
EG10526,gene_knockout_TU_ID_rest_list_rerun,TU0-14521[c],False,False,True
G7542,gene_knockout_TU_ID_rest_list_rerun,TU0-14536[c],False,False,True
EG10220,gene_knockout_TU_ID_rest_list_rerun,TU0-14537[c],False,False,True
EG12437,gene_knockout_TU_ID_rest_list_rerun,TU0-14538[c],False,False,True
EG11957,gene_knockout_TU_ID_rest_list_rerun,TU0-14547[c],False,False,True
G7948,gene_knockout_TU_ID_rest_list_rerun,TU0-14571[c],False,False,True
EG11043,gene_knockout_TU_ID_rest_list_rerun,TU0-14629[c],False,True,False
EG10097,gene_knockout_TU_ID_rest_list_rerun,TU0-14634[c],True,True,True
EG12957,gene_knockout_TU_ID_rest_list_rerun,TU0-14640[c],False,False,True
EG10192,gene_knockout_TU_ID_rest_list_rerun,TU0-14642[c],False,False,True
EG10810,gene_knockout_TU_ID_rest_list_rerun,TU0-14654[c],True,True,True
EG10878,gene_knockout_TU_ID_rest_list_rerun,TU0-14658[c],True,True,True
EG10893,gene_knockout_TU_ID_rest_list_rerun,TU0-14658[c],True,True,True
EG10903,gene_knockout_TU_ID_rest_list_rerun,TU0-14658[c],True,False,False
EG10910,gene_knockout_TU_ID_rest_list_rerun,TU0-14658[c],True,True,True
EG10912,gene_knockout_TU_ID_rest_list_rerun,TU0-14658[c],True,True,True
EG10782,gene_knockout_TU_ID_rest_list_rerun,TU0-14693[c],False,False,True
EG11866,gene_knockout_TU_ID_rest_list_rerun,TU0-14787[c],False,False,True
G7486,gene_knockout_TU_ID_rest_list_rerun,TU0-14792[c],False,False,True
EG10148,gene_knockout_TU_ID_rest_list_rerun,TU0-1547[c],False,False,True
EG10637,gene_knockout_TU_ID_rest_list_rerun,TU0-1601[c],False,False,True
G7676,gene_knockout_TU_ID_rest_list_rerun,TU0-1601[c],False,False,True
G7677,gene_knockout_TU_ID_rest_list_rerun,TU0-1601[c],False,False,True
G7325,gene_knockout_TU_ID_rest_list_rerun,TU0-1881[c],False,False,True
G7544,gene_knockout_TU_ID_rest_list_rerun,TU0-1962[c],False,False,True
EG10262,gene_knockout_TU_ID_rest_list_rerun,TU0-198711[c],False,False,True
EG12625,gene_knockout_TU_ID_rest_list_rerun,TU0-198714[c],False,False,True
EG12627,gene_knockout_TU_ID_rest_list_rerun,TU0-198714[c],False,False,True
EG10772,gene_knockout_TU_ID_rest_list_rerun,TU0-198743[c],False,False,True
EG12088,gene_knockout_TU_ID_rest_list_rerun,TU0-198746[c],False,False,True
EG10444,gene_knockout_TU_ID_rest_list_rerun,TU0-198747[c],True,False,False
EG10445,gene_knockout_TU_ID_rest_list_rerun,TU0-198747[c],True,True,True
EG10446,gene_knockout_TU_ID_rest_list_rerun,TU0-198747[c],True,True,True
EG10447,gene_knockout_TU_ID_rest_list_rerun,TU0-198747[c],True,True,True
EG10448,gene_knockout_TU_ID_rest_list_rerun,TU0-198747[c],True,False,False
EG10449,gene_knockout_TU_ID_rest_list_rerun,TU0-198747[c],True,False,False
EG10450,gene_knockout_TU_ID_rest_list_rerun,TU0-198747[c],True,False,False
EG10451,gene_knockout_TU_ID_rest_list_rerun,TU0-198747[c],True,False,False
EG10744,gene_knockout_TU_ID_rest_list_rerun,TU0-198873[c],False,False,True
EG11318,gene_knockout_TU_ID_rest_list_rerun2,TU0-1[c],False,True,False
EG11621,gene_knockout_TU_ID_rest_list_rerun2,TU0-2302[c],False,False,True
G6261,gene_knockout_TU_ID_rest_list_rerun2,TU0-3123[c],False,False,True
EG10070,gene_knockout_TU_ID_rest_list_rerun2,TU0-3501[c],False,False,True
EG10072,gene_knockout_TU_ID_rest_list_rerun2,TU0-3581[c],False,False,True
G6199,gene_knockout_TU_ID_rest_list_rerun2,TU0-3602[c],False,False,True
G6517,gene_knockout_TU_ID_rest_list_rerun2,TU0-3645[c],False,False,True
EG10652,gene_knockout_TU_ID_rest_list_rerun2,TU0-3862[c],False,False,True
EG11508,gene_knockout_TU_ID_rest_list_rerun2,TU0-3901[c],False,False,True
EG10838,gene_knockout_TU_ID_rest_list_rerun2,TU0-4181[c],False,False,True
EG10057,gene_knockout_TU_ID_rest_list_rerun2,TU0-42451[c],False,False,True
EG10058,gene_knockout_TU_ID_rest_list_rerun2,TU0-42451[c],False,False,True
EG10059,gene_knockout_TU_ID_rest_list_rerun2,TU0-42451[c],False,False,True
G6731,gene_knockout_TU_ID_rest_list_rerun2,TU0-42461[c],False,False,True
EG11226,gene_knockout_TU_ID_rest_list_rerun2,TU0-42478[c],True,True,True
EG11575,gene_knockout_TU_ID_rest_list_rerun2,TU0-42478[c],True,False,False
EG11576,gene_knockout_TU_ID_rest_list_rerun2,TU0-42478[c],True,True,True
EG11577,gene_knockout_TU_ID_rest_list_rerun2,TU0-42478[c],True,True,True
EG10358,gene_knockout_TU_ID_rest_list_rerun2,TU0-42482[c],False,False,True
EG10356,gene_knockout_TU_ID_rest_list_rerun2,TU0-42499[c],False,False,True
EG10980,gene_knockout_TU_ID_rest_list_rerun2,TU0-42509[c],False,True,False
EG10082,gene_knockout_TU_ID_rest_list_rerun2,TU0-42568[c],False,False,True
EG10946,gene_knockout_TU_ID_rest_list_rerun2,TU0-42569[c],False,True,False
EG10056,gene_knockout_TU_ID_rest_list_rerun2,TU0-42571[c],False,False,True
EG11647,gene_knockout_TU_ID_rest_list_rerun2,TU0-42602[c],False,True,False
EG11002,gene_knockout_TU_ID_rest_list_rerun2,TU0-42616[c],False,False,True
EG11223,gene_knockout_TU_ID_rest_list_rerun2,TU0-42684[c],False,True,False
EG12144,gene_knockout_TU_ID_rest_list_rerun2,TU0-4444[c],False,False,True
EG10675,gene_knockout_TU_ID_rest_list_rerun2,TU0-45147[c],False,False,True
EG10031,gene_knockout_TU_ID_rest_list_rerun2,TU0-45181[c],False,False,True
EG10024,gene_knockout_TU_ID_rest_list_rerun2,TU0-45222[c],False,False,True
EG10025,gene_knockout_TU_ID_rest_list_rerun2,TU0-45222[c],False,False,True
EG10330,gene_knockout_TU_ID_rest_list_rerun2,TU0-45225[c],False,False,True
EG10671,gene_knockout_TU_ID_rest_list_rerun2,TU0-45229[c],False,False,True
EG11490,gene_knockout_TU_ID_rest_list_rerun2,TU0-45231[c],False,False,True
EG12319,gene_knockout_TU_ID_rest_list_rerun2,TU0-45255[c],False,True,False
EG10049,gene_knockout_TU_ID_rest_list_rerun2,TU0-45265[c],False,False,True
EG11379,gene_knockout_TU_ID_rest_list_rerun2,TU0-45265[c],False,False,True
EG11005,gene_knockout_TU_ID_rest_list_rerun2,TU0-45291[c],False,False,True
EG10006,gene_knockout_TU_ID_rest_list_rerun2,TU0-4562[c],False,False,True
G7892,gene_knockout_TU_ID_rest_list_rerun2,TU0-4682[c],False,False,True
G7893,gene_knockout_TU_ID_rest_list_rerun2,TU0-4682[c],False,False,True
EG10115,gene_knockout_TU_ID_rest_list_rerun2,TU0-4802[c],False,False,True
EG10092,gene_knockout_TU_ID_rest_list_rerun2,TU0-4929[c],False,False,True
EG12563,gene_knockout_TU_ID_rest_list_rerun2,TU0-4961[c],False,False,True
EG10581,gene_knockout_TU_ID_rest_list_rerun2,TU0-5061[c],True,False,False
G7858,gene_knockout_TU_ID_rest_list_rerun2,TU0-5162[c],False,False,True
G7860,gene_knockout_TU_ID_rest_list_rerun2,TU0-5162[c],False,False,True
EG10048,gene_knockout_TU_ID_rest_list_rerun2,TU0-5186[c],False,False,True
EG10565,gene_knockout_TU_ID_rest_list_rerun2,TU0-5402[c],False,False,True
EG10068,gene_knockout_TU_ID_rest_list_rerun2,TU0-5501[c],True,True,True
G7533,gene_knockout_TU_ID_rest_list_rerun2,TU0-5561[c],False,False,True
EG10200,gene_knockout_TU_ID_rest_list_rerun2,TU0-5961[c],False,False,True
EG10700,gene_knockout_TU_ID_rest_list_rerun2,TU0-6408[c],False,False,True
EG10407,gene_knockout_TU_ID_rest_list_rerun2,TU0-6409[c],True,True,True
EG10039,gene_knockout_TU_ID_rest_list_rerun2,TU0-6422[c],False,False,True
EG10566,gene_knockout_TU_ID_rest_list_rerun2,TU0-6425[c],False,False,True
EG10034,gene_knockout_TU_ID_rest_list_rerun2,TU0-6441[c],True,True,True
EG10032,gene_knockout_TU_ID_rest_list_rerun2,TU0-6481[c],True,True,True
EG10096,gene_knockout_TU_ID_rest_list_rerun2,TU0-6482[c],True,False,False
EG10138,gene_knockout_TU_ID_rest_list_rerun2,TU0-6485[c],False,False,True
EG10187,gene_knockout_TU_ID_rest_list_rerun2,TU0-6501[c],True,True,True
EG10453,gene_knockout_TU_ID_rest_list_rerun2,TU0-6506[c],True,True,True
EG10871,gene_knockout_TU_ID_rest_list_rerun2,TU0-6512[c],False,True,False
EG10873,gene_knockout_TU_ID_rest_list_rerun2,TU0-6512[c],False,True,False
EG10894,gene_knockout_TU_ID_rest_list_rerun2,TU0-6512[c],False,False,True
EG10895,gene_knockout_TU_ID_rest_list_rerun2,TU0-6512[c],False,False,True
EG10770,gene_knockout_TU_ID_rest_list_rerun2,TU0-6562[c],True,True,True
EG10046,gene_knockout_TU_ID_rest_list_rerun2,TU0-6569[c],False,False,True
G6269,gene_knockout_TU_ID_rest_list_rerun2,TU0-6623[c],False,False,True
EG11796,gene_knockout_TU_ID_rest_list_rerun2,TU0-6630[c],False,False,True
EG11041,gene_knockout_TU_ID_rest_list_rerun2,TU0-6631[c],False,False,True
EG10098,gene_knockout_TU_ID_rest_list_rerun2,TU0-6635[c],False,False,True
EG10101,gene_knockout_TU_ID_rest_list_rerun2,TU0-6635[c],False,False,True
EG10102,gene_knockout_TU_ID_rest_list_rerun2,TU0-6635[c],False,False,True
EG10103,gene_knockout_TU_ID_rest_list_rerun2,TU0-6635[c],False,False,True
EG10104,gene_knockout_TU_ID_rest_list_rerun2,TU0-6635[c],False,False,True
EG10386,gene_knockout_TU_ID_rest_list_rerun2,TU0-6649[c],False,False,True
EG10634,gene_knockout_TU_ID_rest_list_rerun2,TU0-6652[c],False,False,True
EG10135,gene_knockout_TU_ID_rest_list_rerun2,TU0-6884[c],False,True,False
EG11286,gene_knockout_TU_ID_rest_list_rerun2,TU0-6886[c],True,False,False
EG11351,gene_knockout_TU_ID_rest_list_rerun2,TU0-7162[c],False,False,True
EG10520,gene_knockout_TU_ID_rest_list_rerun2,TU0-7163[c],False,True,False
EG10077,gene_knockout_TU_ID_rest_list_rerun2,TU0-7281[c],True,True,True
EG11443,gene_knockout_TU_ID_rest_list_rerun2,TU0-7341[c],True,False,False
EG11428,gene_knockout_TU_ID_rest_list_rerun2,TU0-7521[c],False,False,True
G6800,gene_knockout_TU_ID_rest_list_rerun2,TU0-7861[c],False,False,True
G6626,gene_knockout_TU_ID_rest_list_rerun2,TU0-7981[c],False,False,True
G6627,gene_knockout_TU_ID_rest_list_rerun2,TU0-7981[c],False,False,True
EG11556,gene_knockout_TU_ID_rest_list_rerun2,TU0-8121[c],False,False,True
G7516,gene_knockout_TU_ID_rest_list_rerun2,TU0-8343[c],False,False,True
G7723,gene_knockout_TU_ID_rest_list_rerun2,TU0-8346[c],False,False,True
G7726,gene_knockout_TU_ID_rest_list_rerun2,TU0-8346[c],False,False,True
EG12245,gene_knockout_TU_ID_rest_list_rerun2,TU0-8360[c],False,False,True
EG10063,gene_knockout_TU_ID_rest_list_rerun2,TU0-8472[c],True,False,False
G6877,gene_knockout_TU_ID_rest_list_rerun2,TU0-8473[c],False,False,True
EG10755,gene_knockout_TU_ID_rest_list_rerun2,TU0-8492[c],True,True,True
EG10769,gene_knockout_TU_ID_rest_list_rerun2,TU0-8493[c],True,False,False
G7647,gene_knockout_TU_ID_rest_list_rerun2,TU0-8574[c],False,False,True
G7833,gene_knockout_TU_ID_rest_list_rerun2,TU0-8610[c],False,False,True
EG12026,gene_knockout_TU_ID_rest_list_rerun2,TU0-8726[c],False,False,True
G7399,gene_knockout_TU_ID_rest_list_rerun2,TU0-8745[c],False,False,True
EG10122,gene_knockout_TU_ID_rest_list_rerun2,TU0-8772[c],False,False,True
EG10124,gene_knockout_TU_ID_rest_list_rerun2,TU0-8773[c],False,False,True
G6105,gene_knockout_TU_ID_rest_list_rerun2,TU0-8793[c],False,False,True
EG11102,gene_knockout_TU_ID_rest_list_rerun2,TU0-8806[c],False,False,True
G6770,gene_knockout_TU_ID_rest_list_rerun2,TU0-8818[c],False,False,True
EG11030,gene_knockout_TU_ID_rest_list_rerun2,TU0-8862[c],False,True,False
EG10464,gene_knockout_TU_ID_rest_list_rerun2,TU0-901[c],False,False,True
EG10022,gene_knockout_TU_ID_rest_list_rerun2,TU00001[c],False,False,True
EG10023,gene_knockout_TU_ID_rest_list_rerun2,TU00001[c],False,False,True
EG10054,gene_knockout_TU_ID_rest_list_rerun2,TU00003[c],False,False,True
EG10064,gene_knockout_TU_ID_rest_list_rerun2,TU00004[c],True,True,True
EG10065,gene_knockout_TU_ID_rest_list_rerun2,TU00004[c],True,True,True
EG10069,gene_knockout_TU_ID_rest_list_rerun2,TU00006[c],False,False,True
EG10078,gene_knockout_TU_ID_rest_list_rerun2,TU00008[c],True,False,False
EG11039,gene_knockout_TU_ID_rest_list_rerun2,TU00008[c],True,False,False
EG10079,gene_knockout_TU_ID_rest_list_rerun2,TU00009[c],False,False,True
EG10084,gene_knockout_TU_ID_rest_list_rerun2,TU00012[c],False,False,True
EG10117,gene_knockout_TU_ID_rest_list_rerun2,TU00013[c],False,False,True
EG10221,gene_knockout_TU_ID_rest_list_rerun2,TU00017[c],False,False,True
EG10560,gene_knockout_TU_ID_rest_list_rerun2,TU00039[c],False,False,True
EG10654,gene_knockout_TU_ID_rest_list_rerun2,TU00046[c],False,False,True
EG10661,gene_knockout_TU_ID_rest_list_rerun2,TU00047[c],False,False,True
EG11314,gene_knockout_TU_ID_rest_list_rerun2,TU00054[c],True,True,True
EG10792,gene_knockout_TU_ID_rest_list_rerun2,TU00056[c],True,True,True
EG10795,gene_knockout_TU_ID_rest_list_rerun2,TU00056[c],True,True,True
EG10797,gene_knockout_TU_ID_rest_list_rerun2,TU00057[c],True,True,True
EG10798,gene_knockout_TU_ID_rest_list_rerun2,TU00058[c],True,True,True
EG10806,gene_knockout_TU_ID_rest_list_rerun2,TU00060[c],True,True,True
EG10807,gene_knockout_TU_ID_rest_list_rerun2,TU00061[c],True,True,True
EG11027,gene_knockout_TU_ID_rest_list_rerun2,TU00067[c],True,False,False
EG11028,gene_knockout_TU_ID_rest_list_rerun2,TU00067[c],True,False,False
EG10190,gene_knockout_TU_ID_rest_list_rerun2,TU00078[c],False,True,False
EG10191,gene_knockout_TU_ID_rest_list_rerun2,TU00078[c],False,True,False
EG10793,gene_knockout_TU_ID_rest_list_rerun2,TU00082[c],True,True,True
EG10796,gene_knockout_TU_ID_rest_list_rerun2,TU00082[c],True,True,True
EG10495,gene_knockout_TU_ID_rest_list_rerun2,TU00090[c],True,True,True
EG10790,gene_knockout_TU_ID_rest_list_rerun2,TU00094[c],True,True,True
EG10178,gene_knockout_TU_ID_rest_list_rerun2,TU00101[c],False,False,True
EG10402,gene_knockout_TU_ID_rest_list_rerun2,TU00106[c],False,False,True
EG10134,gene_knockout_TU_ID_rest_list_rerun2,TU00109[c],False,True,False
EG10066,gene_knockout_TU_ID_rest_list_rerun2,TU00111[c],False,False,True
EG10091,gene_knockout_TU_ID_rest_list_rerun2,TU00112[c],True,False,False
EG10110,gene_knockout_TU_ID_rest_list_rerun2,TU00115[c],False,False,True
EG10112,gene_knockout_TU_ID_rest_list_rerun2,TU00116[c],False,False,True
EG10119,gene_knockout_TU_ID_rest_list_rerun2,TU00117[c],False,False,True
EG10121,gene_knockout_TU_ID_rest_list_rerun2,TU00117[c],False,False,True
EG10350,gene_knockout_TU_ID_rest_list_rerun2,TU00128[c],False,False,True
EG10183,gene_knockout_TU_ID_rest_list_rerun2,TU00144[c],False,False,True
EG10193,gene_knockout_TU_ID_rest_list_rerun2,TU00144[c],False,False,True
EG10195,gene_knockout_TU_ID_rest_list_rerun2,TU00144[c],False,False,True
EG10197,gene_knockout_TU_ID_rest_list_rerun2,TU00144[c],False,False,True
EG10198,gene_knockout_TU_ID_rest_list_rerun2,TU00144[c],False,False,True
EG10185,gene_knockout_TU_ID_rest_list_rerun2,TU00146[c],False,True,False
EG10186,gene_knockout_TU_ID_rest_list_rerun2,TU00146[c],False,True,False
EG10194,gene_knockout_TU_ID_rest_list_rerun2,TU00146[c],False,True,False
EG11971,gene_knockout_TU_ID_rest_list_rerun2,TU00147[c],False,False,True
EG11227,gene_knockout_TU_ID_rest_list_rerun2,TU00157[c],False,False,True
EG12419,gene_knockout_TU_ID_rest_list_rerun2,TU00169[c],False,False,True
EG10999,gene_knockout_TU_ID_rest_list_rerun2,TU00178[c],True,True,True
EG11000,gene_knockout_TU_ID_rest_list_rerun2,TU00178[c],True,True,True
EG10537,gene_knockout_TU_ID_rest_list_rerun2,TU00184[c],False,False,True
EG10408,gene_knockout_TU_ID_rest_list_rerun2,TU00192[c],True,False,False
EG10421,gene_knockout_TU_ID_rest_list_rerun2,TU00205[c],True,True,True
EG10053,gene_knockout_TU_ID_rest_list_rerun2,TU00214[c],False,False,True
EG10055,gene_knockout_TU_ID_rest_list_rerun2,TU00214[c],False,False,True
EG10585,gene_knockout_TU_ID_rest_list_rerun2,TU00218[c],False,True,False
EG11867,gene_knockout_TU_ID_rest_list_rerun2,TU00219[c],False,False,True
EG10045,gene_knockout_TU_ID_rest_list_rerun2,TU00238[c],False,False,True
EG10012,gene_knockout_TU_ID_rest_list_rerun2,TU00254[c],False,False,True
EG10205,gene_knockout_TU_ID_rest_list_rerun2,TU00256[c],True,False,False
EG11268,gene_knockout_TU_ID_rest_list_rerun2,TU00258[c],False,False,True
EG10299,gene_knockout_TU_ID_rest_list_rerun2,TU00270[c],False,False,True
EG11198,gene_knockout_TU_ID_rest_list_rerun2,TU00280[c],False,True,False
EG10409,gene_knockout_TU_ID_rest_list_rerun2,TU00281[c],True,True,True
EG10410,gene_knockout_TU_ID_rest_list_rerun2,TU00281[c],True,True,True
EG11746,gene_knockout_TU_ID_rest_list_rerun2,TU00313[c],False,False,True
EG10750,gene_knockout_TU_ID_rest_list_rerun2,TU00321[c],False,False,True
EG11169,gene_knockout_TU_ID_rest_list_rerun2,TU00368[c],False,False,True
EG10794,gene_knockout_TU_ID_rest_list_rerun2,TU00444[c],False,True,False
EG11463,gene_knockout_TU_ID_rest_list_rerun2,TU00455[c],False,False,True
EG10132,gene_knockout_TU_ID_rest_list_rerun2,TU00467[c],False,False,True
EG10805,gene_knockout_TU_ID_rest_list_rerun2,TU00484[c],True,False,False
EG10811,gene_knockout_TU_ID_rest_list_rerun2,TU00484[c],True,False,False
EG10035,gene_knockout_TU_ID_rest_list_rerun2,TU102[c],False,False,True
EG11963,gene_knockout_TU_ID_rest_list_rerun2,TU164[c],False,False,True
EG11008,gene_knockout_TU_ID_rest_list_rerun2,TU21[c],False,False,True
EG10061,gene_knockout_TU_ID_rest_list_rerun2,TU344[c],False,False,True
EG10496,gene_knockout_TU_ID_rest_list_rerun2,TU524[c],False,True,False
EG10497,gene_knockout_TU_ID_rest_list_rerun2,TU524[c],False,True,False
EG11620,gene_knockout_TU_ID_rest_list_rerun2,TU582[c],False,False,True
G6709,gene_knockout_TU_ID_rest_list_rerun2,TU5[c],False,False,True
G6710,gene_knockout_TU_ID_rest_list_rerun2,TU5[c],False,False,True
G6711,gene_knockout_TU_ID_rest_list_rerun2,TU5[c],False,False,True
EG11074,gene_knockout_TU_ID_rest_list_rerun2,TU67[c],False,False,True
EG11075,gene_knockout_TU_ID_rest_list_rerun2,TU67[c],False,False,True
EG12030,gene_knockout_TU_ID_rest_list_rerun2,TU862[c],False,False,True
EG10074,gene_knockout_TU_ID_rest_list_rerun2,TU872[c],False,True,False
EG10081,gene_knockout_TU_ID_rest_list_rerun2,TU872[c],False,True,False
M004,gene_knockout_TU_ID_rest_list_rerun2,TU872[c],False,False,True
baseline,gene_knockout_3_round_test,baseline,False,False,True
baseline,gene_knockout_leftover,baseline,False,False,True
baseline,gene_knockout_p_list,baseline,False,False,True
