label,project,tu_id,n_genes,n_matched_genes,growth_next_h,zero_growth,essentiality,match
KO: TU0-1021[c],gene_knockout_TU_ID_rest_list_rerun,TU0-1021,1,2,0.0,True,1,True
KO: TU0-1063[c],gene_knockout_TU_ID_rest_list_rerun,TU0-1063,1,2,0.80755233347898,False,0,True
KO: TU0-12797[c],gene_knockout_TU_ID_rest_list_rerun,TU0-12797,1,2,0.76126215362418,False,0,True
KO: TU0-12810[c],gene_knockout_TU_ID_rest_list_rerun,TU0-12810,3,2,0.8206057215210599,False,0,True
KO: TU0-12812[c],gene_knockout_TU_ID_rest_list_rerun,TU0-12812,1,2,0.77523719331582,False,0,True
KO: TU0-12827[c],gene_knockout_TU_ID_rest_list_rerun,TU0-12827,3,2,0.8190487092636,False,1,False
KO: TU0-12831[c],gene_knockout_TU_ID_rest_list_rerun,TU0-12831,3,6,0.8222404752972,False,0,True
KO: TU0-12833[c],gene_knockout_TU_ID_rest_list_rerun,TU0-12833,1,2,0.85636812138318,False,0,True
KO: TU0-12921[c],gene_knockout_TU_ID_rest_list_rerun,TU0-12921,6,8,0.81615697749378,False,0,True
KO: TU0-12924[c],gene_knockout_TU_ID_rest_list_rerun,TU0-12924,2,2,0.83781407617938,False,0,True
KO: TU0-12942[c],gene_knockout_TU_ID_rest_list_rerun,TU0-12942,1,2,0.8322308752451401,False,0,True
KO: TU0-12947[c],gene_knockout_TU_ID_rest_list_rerun,TU0-12947,1,2,0.8202572301272401,False,0,True
KO: TU0-12962[c],gene_knockout_TU_ID_rest_list_rerun,TU0-12962,4,2,0.7961565344724,False,0,True
KO: TU0-12963[c],gene_knockout_TU_ID_rest_list_rerun,TU0-12963,2,4,0.80508411887364,False,0,True
KO: TU0-13010[c],gene_knockout_TU_ID_rest_list_rerun,TU0-13010,5,6,0.76269108955194,False,1,False
KO: TU0-13018[c],gene_knockout_TU_ID_rest_list_rerun,TU0-13018,1,2,0.82673618227794,False,0,True
KO: TU0-13066[c],gene_knockout_TU_ID_rest_list_rerun,TU0-13066,1,2,0.8470381005057599,False,0,True
KO: TU0-13069[c],gene_knockout_TU_ID_rest_list_rerun,TU0-13069,2,2,0.78828897952044,False,0,True
KO: TU0-13078[c],gene_knockout_TU_ID_rest_list_rerun,TU0-13078,1,2,0.81736142315976,False,1,False
KO: TU0-13080[c],gene_knockout_TU_ID_rest_list_rerun,TU0-13080,1,2,0.0,True,1,True
KO: TU0-13084[c],gene_knockout_TU_ID_rest_list_rerun,TU0-13084,1,2,0.8412303135238199,False,0,True
KO: TU0-13087[c],gene_knockout_TU_ID_rest_list_rerun,TU0-13087,4,4,0.81178818162012,False,0,True
KO: TU0-13093[c],gene_knockout_TU_ID_rest_list_rerun,TU0-13093,1,2,0.0,True,1,True
KO: TU0-13100[c],gene_knockout_TU_ID_rest_list_rerun,TU0-13100,1,2,0.8161380598143599,False,0,True
KO: TU0-13106[c],gene_knockout_TU_ID_rest_list_rerun,TU0-13106,3,4,0.84925686716658,False,0,True
KO: TU0-13135[c],gene_knockout_TU_ID_rest_list_rerun,TU0-13135,5,4,0.0,True,0,False
KO: TU0-13182[c],gene_knockout_TU_ID_rest_list_rerun,TU0-13182,1,2,0.82878069233448,False,0,True
KO: TU0-13189[c],gene_knockout_TU_ID_rest_list_rerun,TU0-13189,1,2,0.82218848221386,False,0,True
KO: TU0-13209[c],gene_knockout_TU_ID_rest_list_rerun,TU0-13209,3,4,0.80536460093208,False,0,True
KO: TU0-13215[c],gene_knockout_TU_ID_rest_list_rerun,TU0-13215,2,2,0.7769093531817599,False,0,True
KO: TU0-13350[c],gene_knockout_TU_ID_rest_list_rerun,TU0-13350,1,2,0.83701378925208,False,0,True
KO: TU0-13373[c],gene_knockout_TU_ID_rest_list_rerun,TU0-13373,3,4,0.78941106030996,False,1,False
KO: TU0-13440[c],gene_knockout_TU_ID_rest_list_rerun,TU0-13440,1,2,0.7738725562516799,False,0,True
KO: TU0-13444[c],gene_knockout_TU_ID_rest_list_rerun,TU0-13444,1,2,0.0,True,1,True
KO: TU0-13499[c],gene_knockout_TU_ID_rest_list_rerun,TU0-13499,12,6,0.78469590335472,False,0,True
KO: TU0-13514[c],gene_knockout_TU_ID_rest_list_rerun,TU0-13514,2,2,0.8385458677244999,False,0,True
KO: TU0-13519[c],gene_knockout_TU_ID_rest_list_rerun,TU0-13519,1,2,0.0,True,1,True
KO: TU0-13539[c],gene_knockout_TU_ID_rest_list_rerun,TU0-13539,2,2,0.8588114163118801,False,0,True
KO: TU0-13552[c],gene_knockout_TU_ID_rest_list_rerun,TU0-13552,4,8,0.75216064991256,False,0,True
KO: TU0-13565[c],gene_knockout_TU_ID_rest_list_rerun,TU0-13565,2,2,0.85418233866054,False,0,True
KO: TU0-13580[c],gene_knockout_TU_ID_rest_list_rerun,TU0-13580,1,2,0.85762842368778,False,0,True
KO: TU0-13593[c],gene_knockout_TU_ID_rest_list_rerun,TU0-13593,6,2,0.0,True,1,True
KO: TU0-13627[c],gene_knockout_TU_ID_rest_list_rerun,TU0-13627,5,4,0.79763366577114,False,0,True
KO: TU0-13637[c],gene_knockout_TU_ID_rest_list_rerun,TU0-13637,1,2,0.7965894902828401,False,0,True
KO: TU0-13642[c],gene_knockout_TU_ID_rest_list_rerun,TU0-13642,3,2,0.0,True,1,True
KO: TU0-13651[c],gene_knockout_TU_ID_rest_list_rerun,TU0-13651,1,2,0.90290571429906,False,1,False
KO: TU0-13713[c],gene_knockout_TU_ID_rest_list_rerun,TU0-13713,2,4,0.82534659426036,False,0,True
KO: TU0-13736[c],gene_knockout_TU_ID_rest_list_rerun,TU0-13736,3,2,0.7716482301661199,False,0,True
KO: TU0-13741[c],gene_knockout_TU_ID_rest_list_rerun,TU0-13741,2,2,0.84797899816212,False,0,True
KO: TU0-13783[c],gene_knockout_TU_ID_rest_list_rerun,TU0-13783,3,6,0.7789734761110201,False,1,False
KO: TU0-13785[c],gene_knockout_TU_ID_rest_list_rerun,TU0-13785,1,2,0.8205751887305399,False,0,True
KO: TU0-13792[c],gene_knockout_TU_ID_rest_list_rerun,TU0-13792,4,4,0.81180530804358,False,0,True
KO: TU0-13807[c],gene_knockout_TU_ID_rest_list_rerun,TU0-13807,5,2,0.78197505929802,False,0,True
KO: TU0-13823[c],gene_knockout_TU_ID_rest_list_rerun,TU0-13823,2,4,0.83828118656484,False,0,True
KO: TU0-13837[c],gene_knockout_TU_ID_rest_list_rerun,TU0-13837,5,4,0.8683361825518799,False,0,True
KO: TU0-13839[c],gene_knockout_TU_ID_rest_list_rerun,TU0-13839,1,2,0.77207356998594,False,0,True
KO: TU0-13848[c],gene_knockout_TU_ID_rest_list_rerun,TU0-13848,1,2,0.78368290036236,False,0,True
KO: TU0-13883[c],gene_knockout_TU_ID_rest_list_rerun,TU0-13883,2,4,0.75323271989484,False,0,True
KO: TU0-13885[c],gene_knockout_TU_ID_rest_list_rerun,TU0-13885,1,2,0.8071658332054199,False,0,True
KO: TU0-13929[c],gene_knockout_TU_ID_rest_list_rerun,TU0-13929,2,2,0.7860876277185,False,0,True
KO: TU0-13935[c],gene_knockout_TU_ID_rest_list_rerun,TU0-13935,1,2,0.0,True,1,True
KO: TU0-13984[c],gene_knockout_TU_ID_rest_list_rerun,TU0-13984,1,2,0.83371146116796,False,0,True
KO: TU0-14004[c],gene_knockout_TU_ID_rest_list_rerun,TU0-14004,1,2,0.0,True,1,True
KO: TU0-14018[c],gene_knockout_TU_ID_rest_list_rerun,TU0-14018,5,2,0.82260337308534,False,0,True
KO: TU0-14042[c],gene_knockout_TU_ID_rest_list_rerun,TU0-14042,5,4,0.0,True,1,True
KO: TU0-14049[c],gene_knockout_TU_ID_rest_list_rerun,TU0-14049,2,4,0.7991880543504,False,0,True
KO: TU0-14070[c],gene_knockout_TU_ID_rest_list_rerun,TU0-14070,4,2,0.8602814975796,False,0,True
KO: TU0-14099[c],gene_knockout_TU_ID_rest_list_rerun,TU0-14099,2,4,0.80281661554116,False,0,True
KO: TU0-14120[c],gene_knockout_TU_ID_rest_list_rerun,TU0-14120,1,2,0.8255179924993801,False,0,True
KO: TU0-14121[c],gene_knockout_TU_ID_rest_list_rerun,TU0-14121,1,2,0.7743914130040199,False,0,True
KO: TU0-14151[c],gene_knockout_TU_ID_rest_list_rerun,TU0-14151,1,2,0.83308124775942,False,0,True
KO: TU0-14158[c],gene_knockout_TU_ID_rest_list_rerun,TU0-14158,1,2,0.84802471395678,False,0,True
KO: TU0-14159[c],gene_knockout_TU_ID_rest_list_rerun,TU0-14159,1,2,0.74214880681644,False,0,True
KO: TU0-14161[c],gene_knockout_TU_ID_rest_list_rerun,TU0-14161,1,2,0.80103278173266,False,0,True
KO: TU0-14162[c],gene_knockout_TU_ID_rest_list_rerun,TU0-14162,1,2,0.79952047803,False,1,False
KO: TU0-14176[c],gene_knockout_TU_ID_rest_list_rerun,TU0-14176,2,4,0.80965546538706,False,0,True
KO: TU0-14192[c],gene_knockout_TU_ID_rest_list_rerun,TU0-14192,3,4,0.8532808381303201,False,0,True
KO: TU0-14225[c],gene_knockout_TU_ID_rest_list_rerun,TU0-14225,2,2,0.7967784317661,False,0,True
KO: TU0-14254[c],gene_knockout_TU_ID_rest_list_rerun,TU0-14254,1,2,0.80696467340478,False,0,True
KO: TU0-14257[c],gene_knockout_TU_ID_rest_list_rerun,TU0-14257,6,8,0.0,True,1,True
KO: TU0-14290[c],gene_knockout_TU_ID_rest_list_rerun,TU0-14290,2,2,0.85762842368778,False,0,True
KO: TU0-14291[c],gene_knockout_TU_ID_rest_list_rerun,TU0-14291,3,6,0.78821390559672,False,0,True
KO: TU0-14313[c],gene_knockout_TU_ID_rest_list_rerun,TU0-14313,2,4,0.81331561029096,False,0,True
KO: TU0-14356[c],gene_knockout_TU_ID_rest_list_rerun,TU0-14356,1,2,0.7986616931960999,False,0,True
KO: TU0-14366[c],gene_knockout_TU_ID_rest_list_rerun,TU0-14366,2,2,0.8223068383839001,False,0,True
KO: TU0-14394[c],gene_knockout_TU_ID_rest_list_rerun,TU0-14394,1,2,0.8061153706092601,False,1,False
KO: TU0-14396[c],gene_knockout_TU_ID_rest_list_rerun,TU0-14396,1,2,0.79446890212614,False,0,True
KO: TU0-14399[c],gene_knockout_TU_ID_rest_list_rerun,TU0-14399,1,2,0.0,True,1,True
KO: TU0-14415[c],gene_knockout_TU_ID_rest_list_rerun,TU0-14415,4,8,0.81799154576712,False,0,True
KO: TU0-14417[c],gene_knockout_TU_ID_rest_list_rerun,TU0-14417,1,2,0.83222585598276,False,0,True
KO: TU0-14431[c],gene_knockout_TU_ID_rest_list_rerun,TU0-14431,1,2,0.8643449324622601,False,0,True
KO: TU0-14454[c],gene_knockout_TU_ID_rest_list_rerun,TU0-14454,9,10,0.7540371756390599,False,0,True
KO: TU0-14459[c],gene_knockout_TU_ID_rest_list_rerun,TU0-14459,4,8,0.73978104574638,False,0,True
KO: TU0-14467[c],gene_knockout_TU_ID_rest_list_rerun,TU0-14467,1,2,0.0,True,1,True
KO: TU0-14472[c],gene_knockout_TU_ID_rest_list_rerun,TU0-14472,2,2,0.8068559633082,False,1,False
KO: TU0-14474[c],gene_knockout_TU_ID_rest_list_rerun,TU0-14474,1,2,0.81937765211364,False,1,False
KO: TU0-14496[c],gene_knockout_TU_ID_rest_list_rerun,TU0-14496,1,2,0.8062881446736,False,0,True
KO: TU0-14506[c],gene_knockout_TU_ID_rest_list_rerun,TU0-14506,1,2,0.80176162368924,False,0,True
KO: TU0-14509[c],gene_knockout_TU_ID_rest_list_rerun,TU0-14509,1,2,0.74767481063262,False,0,True
KO: TU0-14511[c],gene_knockout_TU_ID_rest_list_rerun,TU0-14511,1,2,0.84075774339402,False,1,False
KO: TU0-14513[c],gene_knockout_TU_ID_rest_list_rerun,TU0-14513,1,2,0.78929373997638,False,0,True
KO: TU0-14521[c],gene_knockout_TU_ID_rest_list_rerun,TU0-14521,2,4,0.80788817079144,False,0,True
KO: TU0-14536[c],gene_knockout_TU_ID_rest_list_rerun,TU0-14536,2,4,0.79206233898798,False,0,True
KO: TU0-14537[c],gene_knockout_TU_ID_rest_list_rerun,TU0-14537,3,6,0.82161417716406,False,0,True
KO: TU0-14538[c],gene_knockout_TU_ID_rest_list_rerun,TU0-14538,5,10,0.8092673004970801,False,0,True
KO: TU0-14547[c],gene_knockout_TU_ID_rest_list_rerun,TU0-14547,4,8,0.84302922171636,False,0,True
KO: TU0-14571[c],gene_knockout_TU_ID_rest_list_rerun,TU0-14571,2,2,0.78973584240492,False,0,True
KO: TU0-14629[c],gene_knockout_TU_ID_rest_list_rerun,TU0-14629,1,2,0.83920936092822,False,1,False
KO: TU0-14634[c],gene_knockout_TU_ID_rest_list_rerun,TU0-14634,1,2,0.0,True,1,True
KO: TU0-14640[c],gene_knockout_TU_ID_rest_list_rerun,TU0-14640,1,2,0.86069130477894,False,0,True
KO: TU0-14642[c],gene_knockout_TU_ID_rest_list_rerun,TU0-14642,1,2,0.8273917515375,False,0,True
KO: TU0-14654[c],gene_knockout_TU_ID_rest_list_rerun,TU0-14654,1,2,0.0,True,1,True
KO: TU0-14658[c],gene_knockout_TU_ID_rest_list_rerun,TU0-14658,5,10,0.0,True,1,True
KO: TU0-14693[c],gene_knockout_TU_ID_rest_list_rerun,TU0-14693,2,4,0.85762842368778,False,0,True
KO: TU0-14787[c],gene_knockout_TU_ID_rest_list_rerun,TU0-14787,1,2,0.7842429531647999,False,0,True
KO: TU0-14792[c],gene_knockout_TU_ID_rest_list_rerun,TU0-14792,3,6,0.83951761501998,False,0,True
KO: TU0-1547[c],gene_knockout_TU_ID_rest_list_rerun,TU0-1547,6,2,0.8377466614938,False,0,True
KO: TU0-1601[c],gene_knockout_TU_ID_rest_list_rerun,TU0-1601,5,8,0.81420910376508,False,0,True
KO: TU0-1881[c],gene_knockout_TU_ID_rest_list_rerun,TU0-1881,4,2,0.80772722414856,False,0,True
KO: TU0-1962[c],gene_knockout_TU_ID_rest_list_rerun,TU0-1962,4,6,0.8526630069577801,False,0,True
KO: TU0-198711[c],gene_knockout_TU_ID_rest_list_rerun,TU0-198711,2,2,0.77001796220454,False,0,True
KO: TU0-198714[c],gene_knockout_TU_ID_rest_list_rerun,TU0-198714,4,8,0.8394172006445999,False,0,True
KO: TU0-198743[c],gene_knockout_TU_ID_rest_list_rerun,TU0-198743,1,2,0.85762842368778,False,0,True
KO: TU0-198746[c],gene_knockout_TU_ID_rest_list_rerun,TU0-198746,11,22,0.81003903702354,False,0,True
KO: TU0-198747[c],gene_knockout_TU_ID_rest_list_rerun,TU0-198747,8,16,0.0,True,1,True
KO: TU0-198873[c],gene_knockout_TU_ID_rest_list_rerun,TU0-198873,2,4,0.8378883909050401,False,0,True
KO: TU0-1[c],gene_knockout_TU_ID_rest_list_rerun2,TU0-1,5,8,0.7664585537188799,False,1,False
KO: TU0-2302[c],gene_knockout_TU_ID_rest_list_rerun2,TU0-2302,3,6,0.8329765354092,False,0,True
KO: TU0-3123[c],gene_knockout_TU_ID_rest_list_rerun2,TU0-3123,2,2,0.82878491811366,False,0,True
KO: TU0-3501[c],gene_knockout_TU_ID_rest_list_rerun2,TU0-3501,1,2,0.81204108541416,False,0,True
KO: TU0-3581[c],gene_knockout_TU_ID_rest_list_rerun2,TU0-3581,1,2,0.8586241545326401,False,0,True
KO: TU0-3602[c],gene_knockout_TU_ID_rest_list_rerun2,TU0-3602,4,8,0.82532874373902,False,0,True
KO: TU0-3645[c],gene_knockout_TU_ID_rest_list_rerun2,TU0-3645,7,2,0.8267089193496,False,0,True
KO: TU0-3862[c],gene_knockout_TU_ID_rest_list_rerun2,TU0-3862,1,2,0.83522046824802,False,0,True
KO: TU0-3901[c],gene_knockout_TU_ID_rest_list_rerun2,TU0-3901,1,2,0.87867530542044,False,1,False
KO: TU0-4181[c],gene_knockout_TU_ID_rest_list_rerun2,TU0-4181,4,6,0.8270875926030601,False,0,True
KO: TU0-42451[c],gene_knockout_TU_ID_rest_list_rerun2,TU0-42451,3,6,0.8246574837556201,False,0,True
KO: TU0-42461[c],gene_knockout_TU_ID_rest_list_rerun2,TU0-42461,1,2,0.8156680566327,False,0,True
KO: TU0-42478[c],gene_knockout_TU_ID_rest_list_rerun2,TU0-42478,5,8,0.0,True,1,True
KO: TU0-42482[c],gene_knockout_TU_ID_rest_list_rerun2,TU0-42482,1,2,0.79978424761926,False,0,True
KO: TU0-42499[c],gene_knockout_TU_ID_rest_list_rerun2,TU0-42499,1,2,0.81308720603826,False,0,True
KO: TU0-42509[c],gene_knockout_TU_ID_rest_list_rerun2,TU0-42509,2,4,0.80257362730164,False,0,True
KO: TU0-42568[c],gene_knockout_TU_ID_rest_list_rerun2,TU0-42568,1,2,0.7992992021877,False,0,True
KO: TU0-42569[c],gene_knockout_TU_ID_rest_list_rerun2,TU0-42569,1,2,0.7591795063403399,False,0,True
KO: TU0-42571[c],gene_knockout_TU_ID_rest_list_rerun2,TU0-42571,1,2,0.83546959122414,False,0,True
KO: TU0-42602[c],gene_knockout_TU_ID_rest_list_rerun2,TU0-42602,1,2,0.87221250306846,False,0,True
KO: TU0-42616[c],gene_knockout_TU_ID_rest_list_rerun2,TU0-42616,1,2,0.82882394976258,False,0,True
KO: TU0-42684[c],gene_knockout_TU_ID_rest_list_rerun2,TU0-42684,1,2,0.78493173891642,False,1,False
KO: TU0-4444[c],gene_knockout_TU_ID_rest_list_rerun2,TU0-4444,2,2,0.78613169431176,False,0,True
KO: TU0-45147[c],gene_knockout_TU_ID_rest_list_rerun2,TU0-45147,4,8,0.79978424761926,False,0,True
KO: TU0-45181[c],gene_knockout_TU_ID_rest_list_rerun2,TU0-45181,1,2,0.8255177606538,False,0,True
KO: TU0-45222[c],gene_knockout_TU_ID_rest_list_rerun2,TU0-45222,4,6,0.88729111421496,False,0,True
KO: TU0-45225[c],gene_knockout_TU_ID_rest_list_rerun2,TU0-45225,4,8,0.8463249279059399,False,0,True
KO: TU0-45229[c],gene_knockout_TU_ID_rest_list_rerun2,TU0-45229,1,2,0.8481389555817,False,0,True
KO: TU0-45231[c],gene_knockout_TU_ID_rest_list_rerun2,TU0-45231,1,2,0.81469047528576,False,0,True
KO: TU0-45255[c],gene_knockout_TU_ID_rest_list_rerun2,TU0-45255,1,2,0.79452612115776,False,0,True
KO: TU0-45265[c],gene_knockout_TU_ID_rest_list_rerun2,TU0-45265,4,6,0.76229054356554,False,0,True
KO: TU0-45291[c],gene_knockout_TU_ID_rest_list_rerun2,TU0-45291,2,4,0.79978424761926,False,0,True
KO: TU0-4562[c],gene_knockout_TU_ID_rest_list_rerun2,TU0-4562,2,4,0.8121029661009,False,0,True
KO: TU0-4682[c],gene_knockout_TU_ID_rest_list_rerun2,TU0-4682,4,4,0.8254435887379801,False,0,True
KO: TU0-4802[c],gene_knockout_TU_ID_rest_list_rerun2,TU0-4802,2,2,0.8149834383019201,False,0,True
KO: TU0-4929[c],gene_knockout_TU_ID_rest_list_rerun2,TU0-4929,1,2,0.78661003543146,False,0,True
KO: TU0-4961[c],gene_knockout_TU_ID_rest_list_rerun2,TU0-4961,1,2,0.82049614868502,False,0,True
KO: TU0-5061[c],gene_knockout_TU_ID_rest_list_rerun2,TU0-5061,1,2,0.0,True,1,True
KO: TU0-5162[c],gene_knockout_TU_ID_rest_list_rerun2,TU0-5162,6,6,0.7902805494916801,False,0,True
KO: TU0-5186[c],gene_knockout_TU_ID_rest_list_rerun2,TU0-5186,3,2,0.8636962004449199,False,0,True
KO: TU0-5402[c],gene_knockout_TU_ID_rest_list_rerun2,TU0-5402,1,2,0.87759283627746,False,0,True
KO: TU0-5501[c],gene_knockout_TU_ID_rest_list_rerun2,TU0-5501,1,2,0.0,True,1,True
KO: TU0-5561[c],gene_knockout_TU_ID_rest_list_rerun2,TU0-5561,4,4,0.83109681097722,False,0,True
KO: TU0-5961[c],gene_knockout_TU_ID_rest_list_rerun2,TU0-5961,1,2,0.8516333500551,False,0,True
KO: TU0-6408[c],gene_knockout_TU_ID_rest_list_rerun2,TU0-6408,1,2,0.8435126421612,False,0,True
KO: TU0-6409[c],gene_knockout_TU_ID_rest_list_rerun2,TU0-6409,1,2,0.0,True,1,True
KO: TU0-6422[c],gene_knockout_TU_ID_rest_list_rerun2,TU0-6422,1,2,0.82994952857796,False,0,True
KO: TU0-6425[c],gene_knockout_TU_ID_rest_list_rerun2,TU0-6425,1,2,0.78174326803284,False,0,True
KO: TU0-6441[c],gene_knockout_TU_ID_rest_list_rerun2,TU0-6441,1,2,0.0,True,1,True
KO: TU0-6481[c],gene_knockout_TU_ID_rest_list_rerun2,TU0-6481,1,2,0.0,True,1,True
KO: TU0-6482[c],gene_knockout_TU_ID_rest_list_rerun2,TU0-6482,1,2,0.0,True,0,False
KO: TU0-6485[c],gene_knockout_TU_ID_rest_list_rerun2,TU0-6485,1,2,0.85638550537008,False,0,True
KO: TU0-6501[c],gene_knockout_TU_ID_rest_list_rerun2,TU0-6501,1,2,0.0,True,1,True
KO: TU0-6506[c],gene_knockout_TU_ID_rest_list_rerun2,TU0-6506,1,2,0.0,True,1,True
KO: TU0-6512[c],gene_knockout_TU_ID_rest_list_rerun2,TU0-6512,6,12,0.79978424761926,False,1,False
KO: TU0-6562[c],gene_knockout_TU_ID_rest_list_rerun2,TU0-6562,1,2,0.0,True,1,True
KO: TU0-6569[c],gene_knockout_TU_ID_rest_list_rerun2,TU0-6569,1,2,0.78924479761188,False,0,True
KO: TU0-6623[c],gene_knockout_TU_ID_rest_list_rerun2,TU0-6623,2,4,0.8335210310551799,False,0,True
KO: TU0-6630[c],gene_knockout_TU_ID_rest_list_rerun2,TU0-6630,2,2,0.85152727841922,False,0,True
KO: TU0-6631[c],gene_knockout_TU_ID_rest_list_rerun2,TU0-6631,1,2,0.81416729195784,False,0,True
KO: TU0-6635[c],gene_knockout_TU_ID_rest_list_rerun2,TU0-6635,8,16,0.77740911727506,False,1,False
KO: TU0-6649[c],gene_knockout_TU_ID_rest_list_rerun2,TU0-6649,3,6,0.8168911597927799,False,0,True
KO: TU0-6652[c],gene_knockout_TU_ID_rest_list_rerun2,TU0-6652,1,2,0.80734805700534,False,0,True
KO: TU0-6884[c],gene_knockout_TU_ID_rest_list_rerun2,TU0-6884,1,2,0.82552610875266,False,1,False
KO: TU0-6886[c],gene_knockout_TU_ID_rest_list_rerun2,TU0-6886,1,2,0.0,True,1,True
KO: TU0-7162[c],gene_knockout_TU_ID_rest_list_rerun2,TU0-7162,7,12,0.82487716094628,False,0,True
KO: TU0-7163[c],gene_knockout_TU_ID_rest_list_rerun2,TU0-7163,1,2,0.79539557753826,False,0,True
KO: TU0-7281[c],gene_knockout_TU_ID_rest_list_rerun2,TU0-7281,4,2,0.0,True,0,False
KO: TU0-7341[c],gene_knockout_TU_ID_rest_list_rerun2,TU0-7341,1,2,0.0,True,0,False
KO: TU0-7521[c],gene_knockout_TU_ID_rest_list_rerun2,TU0-7521,1,2,0.80643698156988,False,0,True
KO: TU0-7861[c],gene_knockout_TU_ID_rest_list_rerun2,TU0-7861,6,12,0.77710267379538,False,0,True
KO: TU0-7981[c],gene_knockout_TU_ID_rest_list_rerun2,TU0-7981,2,4,0.7994039842438201,False,0,True
KO: TU0-8121[c],gene_knockout_TU_ID_rest_list_rerun2,TU0-8121,1,2,0.82949389786224,False,0,True
KO: TU0-8343[c],gene_knockout_TU_ID_rest_list_rerun2,TU0-8343,4,6,0.818768424609,False,0,True
KO: TU0-8346[c],gene_knockout_TU_ID_rest_list_rerun2,TU0-8346,4,6,0.8471841392350801,False,0,True
KO: TU0-8360[c],gene_knockout_TU_ID_rest_list_rerun2,TU0-8360,1,2,0.84013296487218,False,0,True
KO: TU0-8472[c],gene_knockout_TU_ID_rest_list_rerun2,TU0-8472,1,2,0.0,True,1,True
KO: TU0-8473[c],gene_knockout_TU_ID_rest_list_rerun2,TU0-8473,1,2,0.8410368541687201,False,0,True
KO: TU0-8492[c],gene_knockout_TU_ID_rest_list_rerun2,TU0-8492,1,2,0.0,True,1,True
KO: TU0-8493[c],gene_knockout_TU_ID_rest_list_rerun2,TU0-8493,1,2,0.0,True,1,True
KO: TU0-8574[c],gene_knockout_TU_ID_rest_list_rerun2,TU0-8574,1,2,0.7108717699179,False,0,True
KO: TU0-8610[c],gene_knockout_TU_ID_rest_list_rerun2,TU0-8610,1,2,0.81031612263732,False,0,True
KO: TU0-8726[c],gene_knockout_TU_ID_rest_list_rerun2,TU0-8726,1,2,0.8285978414631601,False,0,True
KO: TU0-8745[c],gene_knockout_TU_ID_rest_list_rerun2,TU0-8745,1,2,0.8341723792053,False,0,True
KO: TU0-8772[c],gene_knockout_TU_ID_rest_list_rerun2,TU0-8772,1,2,0.8573922842337001,False,0,True
KO: TU0-8773[c],gene_knockout_TU_ID_rest_list_rerun2,TU0-8773,1,2,0.84710016334926,False,0,True
KO: TU0-8793[c],gene_knockout_TU_ID_rest_list_rerun2,TU0-8793,1,2,0.8492746935501,False,0,True
KO: TU0-8806[c],gene_knockout_TU_ID_rest_list_rerun2,TU0-8806,1,2,0.83753285723496,False,0,True
KO: TU0-8818[c],gene_knockout_TU_ID_rest_list_rerun2,TU0-8818,1,2,0.86242140319104,False,0,True
KO: TU0-8862[c],gene_knockout_TU_ID_rest_list_rerun2,TU0-8862,1,2,0.82855652941764,False,1,False
KO: TU0-901[c],gene_knockout_TU_ID_rest_list_rerun2,TU0-901,1,2,0.8197802716451401,False,0,True
KO: TU00001[c],gene_knockout_TU_ID_rest_list_rerun2,TU00001,2,4,0.7984730132884801,False,0,True
KO: TU00003[c],gene_knockout_TU_ID_rest_list_rerun2,TU00003,1,2,0.80212466035476,False,0,True
KO: TU00004[c],gene_knockout_TU_ID_rest_list_rerun2,TU00004,2,4,0.1797008719337601,False,1,False
KO: TU00006[c],gene_knockout_TU_ID_rest_list_rerun2,TU00006,1,2,0.8145027202851001,False,0,True
KO: TU00008[c],gene_knockout_TU_ID_rest_list_rerun2,TU00008,2,4,0.0,True,1,True
KO: TU00009[c],gene_knockout_TU_ID_rest_list_rerun2,TU00009,1,2,0.86923557284616,False,0,True
KO: TU00012[c],gene_knockout_TU_ID_rest_list_rerun2,TU00012,1,2,0.82977521834034,False,0,True
KO: TU00013[c],gene_knockout_TU_ID_rest_list_rerun2,TU00013,1,2,0.8478625342347,False,0,True
KO: TU00017[c],gene_knockout_TU_ID_rest_list_rerun2,TU00017,1,2,0.8359412103046799,False,0,True
KO: TU00039[c],gene_knockout_TU_ID_rest_list_rerun2,TU00039,1,2,0.8104651707209399,False,0,True
KO: TU00046[c],gene_knockout_TU_ID_rest_list_rerun2,TU00046,3,6,0.84250569942972,False,0,True
KO: TU00047[c],gene_knockout_TU_ID_rest_list_rerun2,TU00047,2,4,0.85637523989376,False,0,True
KO: TU00054[c],gene_knockout_TU_ID_rest_list_rerun2,TU00054,2,2,0.0,True,1,True
KO: TU00056[c],gene_knockout_TU_ID_rest_list_rerun2,TU00056,2,4,0.0,True,1,True
KO: TU00057[c],gene_knockout_TU_ID_rest_list_rerun2,TU00057,1,2,0.0,True,1,True
KO: TU00058[c],gene_knockout_TU_ID_rest_list_rerun2,TU00058,2,4,0.0,True,1,True
KO: TU00060[c],gene_knockout_TU_ID_rest_list_rerun2,TU00060,1,2,0.0,True,1,True
KO: TU00061[c],gene_knockout_TU_ID_rest_list_rerun2,TU00061,1,2,0.0,True,1,True
KO: TU00067[c],gene_knockout_TU_ID_rest_list_rerun2,TU00067,5,10,0.0,True,1,True
KO: TU00078[c],gene_knockout_TU_ID_rest_list_rerun2,TU00078,2,4,0.8407484285463,False,1,False
KO: TU00082[c],gene_knockout_TU_ID_rest_list_rerun2,TU00082,2,4,0.0,True,1,True
KO: TU00090[c],gene_knockout_TU_ID_rest_list_rerun2,TU00090,1,2,0.0,True,1,True
KO: TU00094[c],gene_knockout_TU_ID_rest_list_rerun2,TU00094,1,2,0.0,True,1,True
KO: TU00101[c],gene_knockout_TU_ID_rest_list_rerun2,TU00101,5,10,0.77409791025264,False,0,True
KO: TU00106[c],gene_knockout_TU_ID_rest_list_rerun2,TU00106,1,2,0.81937075250556,False,0,True
KO: TU00109[c],gene_knockout_TU_ID_rest_list_rerun2,TU00109,1,2,0.86042448915012,False,1,False
KO: TU00111[c],gene_knockout_TU_ID_rest_list_rerun2,TU00111,1,2,0.82661972486256,False,0,True
KO: TU00112[c],gene_knockout_TU_ID_rest_list_rerun2,TU00112,1,2,0.41624558794655997,False,0,True
KO: TU00115[c],gene_knockout_TU_ID_rest_list_rerun2,TU00115,3,4,0.77452913874636,False,0,True
KO: TU00116[c],gene_knockout_TU_ID_rest_list_rerun2,TU00116,1,2,0.7363335696165,False,0,True
KO: TU00117[c],gene_knockout_TU_ID_rest_list_rerun2,TU00117,4,8,0.84745722058776,False,0,True
KO: TU00128[c],gene_knockout_TU_ID_rest_list_rerun2,TU00128,3,6,0.85342535365986,False,0,True
KO: TU00144[c],gene_knockout_TU_ID_rest_list_rerun2,TU00144,5,10,0.7977288361131001,False,1,False
KO: TU00146[c],gene_knockout_TU_ID_rest_list_rerun2,TU00146,3,6,0.8522166225447,False,1,False
KO: TU00147[c],gene_knockout_TU_ID_rest_list_rerun2,TU00147,1,2,0.8326027395244799,False,0,True
KO: TU00157[c],gene_knockout_TU_ID_rest_list_rerun2,TU00157,3,6,0.83016801768924,False,0,True
KO: TU00169[c],gene_knockout_TU_ID_rest_list_rerun2,TU00169,1,2,0.80989510433562,False,0,True
KO: TU00178[c],gene_knockout_TU_ID_rest_list_rerun2,TU00178,3,6,0.0,True,1,True
KO: TU00184[c],gene_knockout_TU_ID_rest_list_rerun2,TU00184,5,10,0.8439871514309999,False,0,True
KO: TU00192[c],gene_knockout_TU_ID_rest_list_rerun2,TU00192,1,2,0.0,True,0,False
KO: TU00205[c],gene_knockout_TU_ID_rest_list_rerun2,TU00205,2,4,0.0,True,1,True
KO: TU00214[c],gene_knockout_TU_ID_rest_list_rerun2,TU00214,3,6,0.78189180356736,False,0,True
KO: TU00218[c],gene_knockout_TU_ID_rest_list_rerun2,TU00218,1,2,0.81879972322932,False,1,False
KO: TU00219[c],gene_knockout_TU_ID_rest_list_rerun2,TU00219,2,4,0.7961903119699201,False,0,True
KO: TU00238[c],gene_knockout_TU_ID_rest_list_rerun2,TU00238,2,4,0.85097987509572,False,0,True
KO: TU00254[c],gene_knockout_TU_ID_rest_list_rerun2,TU00254,2,4,0.76941008345178,False,0,True
KO: TU00256[c],gene_knockout_TU_ID_rest_list_rerun2,TU00256,1,2,0.0,True,1,True
KO: TU00258[c],gene_knockout_TU_ID_rest_list_rerun2,TU00258,2,4,0.80986220440704,False,0,True
KO: TU00270[c],gene_knockout_TU_ID_rest_list_rerun2,TU00270,4,2,0.7888458707213399,False,0,True
KO: TU00280[c],gene_knockout_TU_ID_rest_list_rerun2,TU00280,2,4,0.76528541920698,False,0,True
KO: TU00281[c],gene_knockout_TU_ID_rest_list_rerun2,TU00281,2,4,0.0,True,1,True
KO: TU00313[c],gene_knockout_TU_ID_rest_list_rerun2,TU00313,2,4,0.77854510286838,False,0,True
KO: TU00321[c],gene_knockout_TU_ID_rest_list_rerun2,TU00321,4,8,0.82951036027056,False,0,True
KO: TU00368[c],gene_knockout_TU_ID_rest_list_rerun2,TU00368,3,4,0.82746331873848,False,0,True
KO: TU00444[c],gene_knockout_TU_ID_rest_list_rerun2,TU00444,2,2,0.7811792664091199,False,1,False
KO: TU00455[c],gene_knockout_TU_ID_rest_list_rerun2,TU00455,1,2,0.8015567357028601,False,0,True
KO: TU00467[c],gene_knockout_TU_ID_rest_list_rerun2,TU00467,1,2,0.83329395894738,False,0,True
KO: TU00484[c],gene_knockout_TU_ID_rest_list_rerun2,TU00484,3,4,0.0,True,1,True
KO: TU102[c],gene_knockout_TU_ID_rest_list_rerun2,TU102,1,2,0.8304809601437999,False,0,True
KO: TU164[c],gene_knockout_TU_ID_rest_list_rerun2,TU164,3,4,0.7700858149283999,False,0,True
KO: TU21[c],gene_knockout_TU_ID_rest_list_rerun2,TU21,3,2,0.8680907291441399,False,0,True
KO: TU344[c],gene_knockout_TU_ID_rest_list_rerun2,TU344,1,2,0.86289961037418,False,0,True
KO: TU524[c],gene_knockout_TU_ID_rest_list_rerun2,TU524,4,6,0.80912424838464,False,1,False
KO: TU582[c],gene_knockout_TU_ID_rest_list_rerun2,TU582,1,2,0.8053171025061601,False,0,True
KO: TU5[c],gene_knockout_TU_ID_rest_list_rerun2,TU5,10,18,0.83341329230682,False,0,True
KO: TU67[c],gene_knockout_TU_ID_rest_list_rerun2,TU67,2,4,0.82340730180126,False,0,True
KO: TU862[c],gene_knockout_TU_ID_rest_list_rerun2,TU862,1,2,0.81804021871248,False,0,True
KO: TU872[c],gene_knockout_TU_ID_rest_list_rerun2,TU872,6,6,0.80922022526646,False,1,False
