variant,gene_id,RNA ID,failed_before_gen8,criteria_match,Process,process_percent_of_disagreement,expected_failed_before_gen8,Rousset_all_strains_M9,rousset_bool,expected_category,n_simulations
2,EG10004,EG10004_RNA,False,False,Metabolism,85.1063829787234,True,1,True,expected_essential,2
2,EG10894,EG10894_RNA,True,False,Transcription,2.127659574468085,False,0,False,expected_nonessential,2
5,EG10032,EG10032_RNA,False,False,Metabolism,85.1063829787234,True,1,True,expected_essential,2
7,EG10017,EG10017_RNA,False,False,Metabolism,85.1063829787234,True,1,True,expected_essential,2
7,EG10891,EG10891_RNA,True,False,Translation,11.702127659574469,False,0,False,expected_nonessential,2
9,G6561,G6561_RNA,False,False,Metabolism,85.1063829787234,True,1,True,expected_essential,2
11,EG10887,EG10887_RNA,True,False,Translation,11.702127659574469,False,0,False,expected_nonessential,2
15,EG10420,EG10420_RNA,False,False,Metabolism,85.1063829787234,True,1,True,expected_essential,2
20,EG10895,EG10895_RNA,True,False,Transcription,2.127659574468085,False,0,False,expected_nonessential,2
23,EG10581,EG10581_RNA,True,False,Metabolism,85.1063829787234,False,0,False,expected_nonessential,2
25,EG11575,EG11575_RNA,True,False,Metabolism,85.1063829787234,False,0,False,expected_nonessential,2
30,EG10078,EG10078_RNA,True,False,Metabolism,85.1063829787234,False,0,False,expected_nonessential,2
35,G6237,G6237_RNA,False,False,Metabolism,85.1063829787234,True,1,True,expected_essential,2
43,EG10188,EG10188_RNA,False,False,Metabolism,85.1063829787234,True,1,True,expected_essential,2
51,EG10073,EG10073_RNA,False,False,Metabolism,85.1063829787234,True,1,True,expected_essential,2
54,EG10383,EG10383_RNA,True,False,Metabolism,85.1063829787234,False,0,False,expected_nonessential,2
58,EG10774,EG10774_RNA,False,False,Metabolism,85.1063829787234,True,1,True,expected_essential,2
60,EG11027,EG11027_RNA,True,False,Metabolism,85.1063829787234,False,0,False,expected_nonessential,2
68,EG10791,EG10791_RNA,False,False,Metabolism,85.1063829787234,True,1,True,expected_essential,2
74,G7889,G7889_RNA,False,False,Metabolism,85.1063829787234,True,1,True,expected_essential,2
78,EG10390,EG10390_RNA,True,False,Metabolism,85.1063829787234,False,0,False,expected_nonessential,2
106,G7888,G7888_RNA,False,False,Metabolism,85.1063829787234,True,1,True,expected_essential,2
113,EG11375,EG11375_RNA,False,False,Metabolism,85.1063829787234,True,1,True,expected_essential,2
123,EG10064,EG10064_RNA,False,False,Metabolism,85.1063829787234,True,1,True,expected_essential,2
124,EG10707,EG10707_RNA,True,False,Metabolism,85.1063829787234,False,0,False,expected_nonessential,2
126,EG10077,EG10077_RNA,False,False,Metabolism,85.1063829787234,True,1,True,expected_essential,2
130,EG11673,EG11673_RNA,False,False,Metabolism,85.1063829787234,True,1,True,expected_essential,2
132,EG10214,EG10214_RNA,False,False,Metabolism,85.1063829787234,True,1,True,expected_essential,2
140,EG10980,EG10980_RNA,False,False,Metabolism,85.1063829787234,True,1,True,expected_essential,2
149,EG12302,EG12302_RNA,False,False,Metabolism,85.1063829787234,True,1,True,expected_essential,2
151,EG10205,EG10205_RNA,True,False,Metabolism,85.1063829787234,False,0,False,expected_nonessential,2
154,EG10792,EG10792_RNA,False,False,Metabolism,85.1063829787234,True,1,True,expected_essential,2
159,G6879,G6879_RNA,True,False,Metabolism,85.1063829787234,False,0,False,expected_nonessential,2
166,EG11318,EG11318_RNA,False,False,Metabolism,85.1063829787234,True,1,True,expected_essential,2
169,EG10186,EG10186_RNA,False,False,Metabolism,85.1063829787234,True,1,True,expected_essential,2
179,EG10076,EG10076_RNA,False,False,Metabolism,85.1063829787234,True,1,True,expected_essential,2
182,G7663,G7663_RNA,False,False,Metabolism,85.1063829787234,True,1,True,expected_essential,2
185,EG12319,EG12319_RNA,False,False,Metabolism,85.1063829787234,True,1,True,expected_essential,2
190,EG10135,EG10135_RNA,False,False,Metabolism,85.1063829787234,True,1,True,expected_essential,2
196,EG11539,EG11539_RNA,False,False,Metabolism,85.1063829787234,True,1,True,expected_essential,2
199,EG10063,EG10063_RNA,True,False,Metabolism,85.1063829787234,False,0,False,expected_nonessential,2
204,EG10795,EG10795_RNA,False,False,Metabolism,85.1063829787234,True,1,True,expected_essential,2
208,EG10450,EG10450_RNA,True,False,Metabolism,85.1063829787234,False,0,False,expected_nonessential,2
209,EG10451,EG10451_RNA,True,False,Metabolism,85.1063829787234,False,0,False,expected_nonessential,2
221,EG10585,EG10585_RNA,False,False,Metabolism,85.1063829787234,True,1,True,expected_essential,2
226,EG10889,EG10889_RNA,True,False,Translation,11.702127659574469,False,0,False,expected_nonessential,2
229,EG10065,EG10065_RNA,False,False,Metabolism,85.1063829787234,True,1,True,expected_essential,2
233,EG11039,EG11039_RNA,True,False,Metabolism,85.1063829787234,False,0,False,expected_nonessential,2
235,EG11198,EG11198_RNA,False,False,Metabolism,85.1063829787234,True,1,True,expected_essential,2
246,EG11232,EG11232_RNA,True,False,Translation,11.702127659574469,False,0,False,expected_nonessential,2
255,EG10448,EG10448_RNA,True,False,Metabolism,85.1063829787234,False,0,False,expected_nonessential,2
258,EG10755,EG10755_RNA,False,False,Metabolism,85.1063829787234,True,1,True,expected_essential,2
260,EG10134,EG10134_RNA,False,False,Metabolism,85.1063829787234,True,1,True,expected_essential,2
261,G6092,G6092_RNA,False,False,Metabolism,85.1063829787234,True,1,True,expected_essential,2
263,EG10520,EG10520_RNA,False,False,Metabolism,85.1063829787234,True,1,True,expected_essential,2
265,EG10806,EG10806_RNA,False,False,Metabolism,85.1063829787234,True,1,True,expected_essential,2
269,EG10421,EG10421_RNA,False,False,Metabolism,85.1063829787234,True,1,True,expected_essential,2
273,EG10191,EG10191_RNA,False,False,Metabolism,85.1063829787234,True,1,True,expected_essential,2
276,EG10190,EG10190_RNA,False,False,Metabolism,85.1063829787234,True,1,True,expected_essential,2
284,EG10890,EG10890_RNA,True,False,Translation,11.702127659574469,False,0,False,expected_nonessential,2
287,EG10189,EG10189_RNA,False,False,Metabolism,85.1063829787234,True,1,True,expected_essential,2
288,EG11231,EG11231_RNA,True,False,Translation,11.702127659574469,False,0,False,expected_nonessential,2
289,EG11024,EG11024_RNA,True,False,Metabolism,85.1063829787234,False,0,False,expected_nonessential,2
304,EG11647,EG11647_RNA,False,False,Metabolism,85.1063829787234,True,1,True,expected_essential,2
311,EG10495,EG10495_RNA,False,False,Metabolism,85.1063829787234,True,1,True,expected_essential,2
318,EG12666,EG12666_RNA,False,False,Metabolism,85.1063829787234,True,1,True,expected_essential,2
320,EG10798,EG10798_RNA,False,False,Metabolism,85.1063829787234,True,1,True,expected_essential,2
325,EG10809,EG10809_RNA,False,False,Metabolism,85.1063829787234,True,1,True,expected_essential,2
329,EG10870,EG10870_RNA,True,False,Translation,11.702127659574469,False,0,False,expected_nonessential,2
338,EG10903,EG10903_RNA,True,False,Translation,11.702127659574469,False,0,False,expected_nonessential,2
339,EG11028,EG11028_RNA,True,False,Metabolism,85.1063829787234,False,0,False,expected_nonessential,2
351,EG11546,EG11546_RNA,False,False,Metabolism,85.1063829787234,True,1,True,expected_essential,2
354,EG11314,EG11314_RNA,False,False,Metabolism,85.1063829787234,True,1,True,expected_essential,2
356,EG11026,EG11026_RNA,True,False,Metabolism,85.1063829787234,False,0,False,expected_nonessential,2
357,EG10908,EG10908_RNA,True,False,Translation,11.702127659574469,False,0,False,expected_nonessential,2
359,EG10207,EG10207_RNA,False,False,Metabolism,85.1063829787234,True,1,True,expected_essential,2
360,EG10613,EG10613_RNA,False,False,Metabolism,85.1063829787234,True,1,True,expected_essential,2
362,EG10068,EG10068_RNA,False,False,Metabolism,85.1063829787234,True,1,True,expected_essential,2
365,EG10139,EG10139_RNA,False,False,Metabolism,85.1063829787234,True,1,True,expected_essential,2
366,EG10194,EG10194_RNA,False,False,Metabolism,85.1063829787234,True,1,True,expected_essential,2
368,EG50001,EG50001_RNA,True,False,Translation,11.702127659574469,False,0,False,expected_nonessential,2
370,EG10915,EG10915_RNA,True,False,Translation,11.702127659574469,False,0,False,expected_nonessential,2
372,EG10769,EG10769_RNA,True,False,Metabolism,85.1063829787234,False,0,False,expected_nonessential,2
381,EG11223,EG11223_RNA,False,False,Metabolism,85.1063829787234,True,1,True,expected_essential,2
388,EG10075,EG10075_RNA,False,False,Metabolism,85.1063829787234,True,1,True,expected_essential,2
397,G7423,G7423_RNA,False,False,Metabolism,85.1063829787234,True,1,True,expected_essential,2
398,G7842,G7842_RNA,False,False,RNA Decay,1.0638297872340425,True,1,True,expected_essential,2
404,G7665,G7665_RNA,False,False,Metabolism,85.1063829787234,True,1,True,expected_essential,2
409,EG10790,EG10790_RNA,False,False,Metabolism,85.1063829787234,True,1,True,expected_essential,2
414,EG10185,EG10185_RNA,False,False,Metabolism,85.1063829787234,True,1,True,expected_essential,2
421,EG10449,EG10449_RNA,True,False,Metabolism,85.1063829787234,False,0,False,expected_nonessential,2
422,EG10946,EG10946_RNA,False,False,Metabolism,85.1063829787234,True,1,True,expected_essential,2
427,EG10965,EG10965_RNA,False,False,Metabolism,85.1063829787234,True,1,True,expected_essential,2
428,EG10444,EG10444_RNA,True,False,Metabolism,85.1063829787234,False,0,False,expected_nonessential,2
