gene_id,monomer_id,mean_functional_units,num_complexes,is_functional
G7487,G7487-MONOMER[c],0.0,1,False
G7486,G7486-MONOMER[c],0.0,1,False
G7485,G7485-MONOMER[c],0.0,1,False
G6845,G6845-MONOMER[i],0.0,1,False
G6846,G6846-MONOMER[i],0.0,1,False
Unknown,4FE-4S[c],0.0,1,False
EG11062,EG11062-MONOMER[c],0.0,1,False
EG11061,EG11061-MONOMER[c],0.0,1,False
EG11906,EG11906-MONOMER[c],0.0,1,False
Unknown,TU0-12938[c],0.0,1,False
EG11063,EG11063-MONOMER[c],0.0,1,False
EG10300,EG10300-MONOMER[c],0.0,1,False
EG11912,EG11912-MONOMER[c],0.0,1,False
G7145,G7145-MONOMER[c],0.0,1,False
EG11908,FRWC-MONOMER[i],0.0,1,False
EG11909,FRWB-MONOMER[c],0.0,1,False
EG10116,EG10116-MONOMER[c],0.0,1,False
Unknown,MONOMER0-1781[c],0.0,1,False
EG10173,CYDA-MONOMER[m],0.0,1,False
EG10115,BGLF-MONOMER[i],0.0,1,False
EG12259,EG12259-MONOMER[i],0.0,1,False
EG12260,EG12260-MONOMER[i],0.0,1,False
EG10862,EG10862-MONOMER[c],0.0,1,False
Unknown,TU543[c],0.0,1,False
G0-10441,MONOMER0-2663[i],0.0,1,False
G0-10594,MONOMER0-2822[m],0.0,1,False
EG12835,YHDX-MONOMER[i],0.0,1,False
EG10174,CYDB-MONOMER[m],0.0,1,False
EG12836,YHDY-MONOMER[i],0.0,1,False
G0-10460,MONOMER0-2682[i],0.0,1,False
G7171,G7171-MONOMER[i],0.0,1,False
EG12837,YHDZ-MONOMER[i],0.0,1,False
EG10717,EG10717-MONOMER[c],0.0,3,False
EG10718,EG10718-MONOMER[c],0.0,3,False
EG10267,ACRF-MONOMER[m],0.0,1,False
Unknown,PD03576[c],0.0,1,False
Unknown,GLYCEROL-3P[c],0.0,1,False
Unknown,EG10157-MONOMER[c],0.0,1,False
EG12415,GATB-MONOMER[c],0.0,1,False
EG12414,GATA-MONOMER[c],0.0,1,False
EG12075,NIKA-MONOMER[p],0.0,1,False
Unknown,ARABINOSE[c],0.0,1,False
Unknown,GATC-MONOMER[i],0.0,1,False
Unknown,PC00003[c],0.0,1,False
EG12076,NIKB-MONOMER[i],0.0,1,False
EG12079,NIKE-MONOMER[i],0.0,1,False
EG12078,NIKD-MONOMER[i],0.0,1,False
EG12077,NIKC-MONOMER[i],0.0,1,False
EG10266,EG10266-MONOMER[m],0.0,1,False
G7213,G7213-MONOMER[c],0.0,1,False
G6520,G6520-MONOMER[c],0.0,1,False
Unknown,TU0-8518[c],0.0,1,False
EG10716,EG10716-MONOMER[c],0.0,3,False
Unknown,G6577-MONOMER[c],0.0,1,False
EG11250,EG11250-MONOMER[c],0.0,1,False
EG10232,DMSA-MONOMER[i],0.0,1,False
EG11412,EG11412-MONOMER[c],0.0,2,False
G6648,YCJN-MONOMER[i],0.0,1,False
G6650,YCJP-MONOMER[i],0.0,1,False
G6649,YCJO-MONOMER[i],0.0,1,False
Unknown,EG10574-MONOMER[c],0.0,2,False
Unknown,YHDW-MONOMER[p],0.0,1,False
Unknown,EG10605-MONOMER[i],0.0,1,False
Unknown,YCJV-MONOMER[c],0.0,1,False
EG11791,CMTB-MONOMER[c],0.0,1,False
EG13139,AMINEOXID-MONOMER[p],0.0,1,False
EG11792,CMTA-MONOMER[i],0.0,1,False
G7212,G7212-MONOMER[c],0.0,1,False
EG12769,AGAB-MONOMER[c],0.0,1,False
G7635,AGAD-MONOMER[i],0.0,1,False
EG10720,PHNK-MONOMER[c],0.0,2,False
Unknown,NITRATE[p],0.0,1,False
Unknown,NARX-CPLX[i],0.0,1,False
G6157,G6157-MONOMER[p],0.0,1,False
EG12096,EG12096-MONOMER[c],0.0,1,False
G6858,B1600-MONOMER[i],0.0,1,False
G6857,B1599-MONOMER[i],0.0,1,False
EG12284,LYXK-MONOMER[c],0.0,1,False
G7347,G7347-MONOMER[i],0.0,1,False
EG12073,EG12073-MONOMER[i],0.0,1,False
EG11500,EG11500-MONOMER[c],0.0,2,False
Unknown,EG10245-MONOMER[c],0.0,3,False
Unknown,CPLX0-7677[c],0.0,1,False
EG12770,AGAC-MONOMER[i],0.0,1,False
EG12241,YHIV-MONOMER[m],0.0,1,False
EG12240,EG12240-MONOMER[i],0.0,1,False
G6670,G6670-MONOMER[c],0.0,1,False
G6669,G6669-MONOMER[c],0.0,1,False
EG10234,DMSC-MONOMER[i],0.0,1,False
EG10233,DMSB-MONOMER[i],0.0,1,False
G6156,G6156-MONOMER[p],0.0,1,False
G6155,G6155-MONOMER[i],0.0,1,False
Unknown,G8221-MONOMER[c],0.0,1,False
EG10501,SMALLILVM-MONOMER[c],0.0,1,False
Unknown,CPLX0-7797[c],0.0,1,False
G7500,G7500-MONOMER[i],0.0,1,False
EG10639,NARH-MONOMER[m],0.0,1,False
EG10640,NARI-MONOMER[m],0.0,1,False
G6988,G6988-MONOMER[c],0.0,2,False
G6989,G6989-MONOMER[c],0.0,1,False
EG12522,GALACTARDEHYDRA-MONOMER[c],0.0,1,False
G7940,G7940-MONOMER[c],0.0,1,False
EG11228,FDNH-MONOMER[m],0.0,2,False
EG10638,NARG-MONOMER[m],0.0,1,False
EG12462,YJDE-MONOMER[i],0.0,1,False
G7264,MONOMER0-5[i],0.0,1,False
EG10052,ARABISOM-MONOMER[c],0.0,1,False
EG11865,EG11865-MONOMER[c],0.0,1,False
Unknown,TU0-4761[c],0.0,1,False
EG11227,FDNG-MONOMER[m],0.0,2,False
EG11229,FDNI-MONOMER[m],0.0,2,False
Unknown,CPLX0-7701[c],0.0,1,False
EG12281,MONOMER0-422[i],0.0,1,False
G6528,G6528-MONOMER[i],0.0,1,False
G6529,G6529-MONOMER[i],0.0,1,False
EG12283,EG12283-MONOMER[p],0.0,1,False
G6779,YDDQ-MONOMER[i],0.0,1,False
EG12282,EG12282-MONOMER[i],0.0,1,False
G6781,YDDS-MONOMER[p],0.0,1,False
G6780,YDDR-MONOMER[i],0.0,1,False
G7233,G7233-MONOMER[i],0.0,1,False
G6777,YDDO-MONOMER[i],0.0,1,False
G6778,YDDP-MONOMER[i],0.0,1,False
EG13283,EMRY-MONOMER[i],0.0,1,False
G7827,DCUS-MONOMER[c],0.0,1,False
Unknown,SUC[p],0.0,1,False
Unknown,CPLX0-7702[c],0.0,1,False
EG10219,DEOA-MONOMER[c],0.0,1,False
EG10729,MONOMER0-282[o],0.0,1,False
EG10713,PHNC-MONOMER[i],0.0,1,False
Unknown,TU0-4822[c],0.0,1,False
G7499,G7499-MONOMER[c],0.0,1,False
EG10285,FORMATEDEHYDROGH-MONOMER[c],0.0,1,False
EG11815,EG11815-MONOMER[p],0.0,1,False
G7314,G7314-MONOMER[m],0.0,1,False
EG10719,EG10719-MONOMER[c],0.0,3,False
G6848,G6848-MONOMER[i],0.0,1,False
G6847,G6847-MONOMER[c],0.0,1,False
G7665,YHBN-MONOMER[o],0.0,1,False
Unknown,INDOLE[p],0.0,1,False
EG11680,YHBG-MONOMER[i],0.0,1,False
G7889,G7889-MONOMER[m],0.0,1,False
EG11289,EG11289-MONOMER[c],0.0,1,False
G7888,G7888-MONOMER[m],0.0,1,False
EG10826,EG10826-MONOMER[c],0.0,1,False
EG10825,EG10825-MONOMER[c],0.0,1,False
EG10824,EG10824-MONOMER[c],0.0,1,False
Unknown,TU0-8839[c],0.0,1,False
EG10575,EG10575-MONOMER[c],0.0,1,False
EG11814,TORA-MONOMER[p],0.0,1,False
G7664,G7664-MONOMER[m],0.0,1,False
EG11863,FRVB-MONOMER[i],0.0,1,False
EG11864,FRVA-MONOMER[m],0.0,1,False
EG12030,EG12030-MONOMER[c],0.0,1,False
Unknown,PHNE-MONOMER[i],0.0,1,False
EG10714,PHND-MONOMER[p],0.0,1,False
G7892,GLUCONREDUCT-MONOMER[c],0.00042408821034775233,1,False
EG11561,CAIT-MONOMER[i],0.0008481764206955047,1,False
EG12256,EG12256-MONOMER[i],0.0008481764206955047,1,False
G6949,G6949-MONOMER[p],0.0008481764206955047,1,False
G6950,YNJC-MONOMER[m],0.0008481764206955047,1,False
EG10647,NARY-MONOMER[m],0.0008481764206955047,1,False
G6951,YNJD-MONOMER[i],0.0008481764206955047,1,False
EG11952,EG11952-MONOMER[m],0.0008481764206955047,1,False
G7652,G7652-MONOMER[c],0.0008481764206955047,1,False
EG12520,YTFT-MONOMER[i],0.0008481764206955047,1,False
EG11953,YJCQ-MONOMER[i],0.0008481764206955047,1,False
EG11954,EG11954-MONOMER[p],0.0008481764206955047,1,False
EG12439,YJFF-MONOMER[i],0.0008481764206955047,1,False
EG12517,YTFQ-MONOMER[p],0.0008481764206955047,1,False
EG12518,YTFR-MONOMER[i],0.0008481764206955047,1,False
EG10648,NARZ-MONOMER[m],0.0008481764206955047,1,False
EG10644,NARV-MONOMER[m],0.0008481764206955047,1,False
G7653,G7653-MONOMER[c],0.0008481764206955047,1,False
G6515,TORT-MONOMER[p],0.0016963528413910093,1,False
EG10820,PD02233[c],0.0016963528413910093,1,False
G7342,G7342-MONOMER[p],0.0016963528413910093,1,False
G7249,MONOMER0-6[i],0.0016963528413910093,1,False
G7246,G7246-MONOMER[m],0.0016963528413910093,1,False
G7250,G7250-MONOMER[c],0.0016963528413910093,1,False
EG10483,EG10483-MONOMER[i],0.0016963528413910093,1,False
G6752,YDCT-MONOMER[i],0.0016963528413910093,1,False
G6751,YDCS-MONOMER[p],0.0016963528413910093,1,False
G7341,YPHE-MONOMER[i],0.0016963528413910093,1,False
EG10655,NIRD-MONOMER[c],0.0016963528413910093,1,False
EG10653,NIRB-MONOMER[c],0.0016963528413910093,1,False
G6753,YDCU-MONOMER[m],0.0016963528413910093,1,False
G6754,YDCV-MONOMER[i],0.0016963528413910093,1,False
G7340,YPHD-MONOMER[i],0.0016963528413910093,1,False
EG12304,SAPD-MONOMER[i],0.002544529262086514,1,False
EG12305,SAPF-MONOMER[i],0.002544529262086514,1,False
G2001,SAPB-MONOMER[i],0.002544529262086514,1,False
EG11801,HYBC-MONOMER[i],0.002544529262086514,2,False
EG11799,HYBA-MONOMER[i],0.002544529262086514,2,False
G2000,SAPC-MONOMER[i],0.002544529262086514,1,False
G7554,MONOMER0-145[m],0.002544529262086514,2,False
EG11800,EG11800-MONOMER[i],0.002544529262086514,2,False
EG10771,PROV-MONOMER[m],0.0029686174724342664,1,False
EG10772,PROW-MONOMER[m],0.0029686174724342664,1,False
EG10773,PROX-MONOMER[m],0.0029686174724342664,1,False
EG12292,ALDDEHYDROGB-MONOMER[c],0.0029686174724342664,1,False
EG11354,EG11354-MONOMER[i],0.00310998020921685,1,False
EG11439,EMRB-MONOMER[i],0.00310998020921685,1,False
EG10342,EG10342-MONOMER[i],0.0033927056827820186,1,False
EG11086,EG11086-MONOMER[i],0.0033927056827820186,1,False
G7424,G7424-MONOMER[i],0.0033927056827820186,1,False
EG11856,FDOI-MONOMER[i],0.0033927056827820186,1,False
EG11858,FDOG-MONOMER[c],0.0033927056827820186,1,False
EG11857,FDOH-MONOMER[m],0.0033927056827820186,1,False
EG11781,CYTOCHROMEC552-MONOMER[p],0.0033927056827820186,1,False
EG11945,CYTOCHROMEC-MONOMER[p],0.0033927056827820186,1,False
G6270,YBBP-MONOMER[i],0.0033927056827820186,1,False
G7703,G7703-MONOMER[m],0.0033927056827820186,1,False
EG11657,YBBA-MONOMER[i],0.0033927056827820186,1,False
G7711,G7711-MONOMER[i],0.0033927056827820186,1,False
G7709,G7709-MONOMER[i],0.0033927056827820186,1,False
G7710,G7710-MONOMER[i],0.0033927056827820186,1,False
EG11379,APPB-MONOMER[i],0.0033927056827820186,1,False
G0-10588,MONOMER0-2817[o],0.0033927056827820186,1,False
EG11380,APPC-MONOMER[i],0.0033927056827820186,1,False
G7706,G7706-MONOMER[i],0.0033927056827820186,1,False
G7248,G7248-MONOMER[c],0.0033927056827820186,1,False
G7237,G7237-MONOMER[c],0.0033927056827820186,1,False
G7705,G7705-MONOMER[i],0.0033927056827820186,1,False
G7702,G7702-MONOMER[i],0.0033927056827820186,1,False
EG12173,EG12173-MONOMER[i],0.0033927056827820186,1,False
G7704,G7704-MONOMER[i],0.0033927056827820186,1,False
G7707,G7707-MONOMER[i],0.0033927056827820186,1,False
G7708,G7708-MONOMER[i],0.0033927056827820186,1,False
EG10777,EG10777-MONOMER[i],0.004240882103477523,1,False
EG10776,EG10776-MONOMER[c],0.004240882103477523,1,False
EG10865,EG10865-MONOMER[c],0.004240882103477523,1,False
EG10868,EG10868-MONOMER[c],0.004240882103477523,1,False
EG10870,EG10870-MONOMER[c],0.004240882103477523,1,False
EG10778,EG10778-MONOMER[i],0.004240882103477523,1,False
EG11414,EG11414-MONOMER[c],0.004240882103477523,2,False
EG10875,EG10875-MONOMER[c],0.004240882103477523,1,False
EG11544,EG11544-MONOMER[c],0.004240882103477523,1,False
EG11413,EG11413-MONOMER[c],0.004240882103477523,2,False
EG10869,EG10869-MONOMER[c],0.004240882103477523,1,False
Unknown,RRLA-RRNA[c],0.004240882103477523,1,False
EG12052,EG12052-MONOMER[i],0.004240882103477523,1,False
Unknown,RRFA-RRNA[c],0.004240882103477523,1,False
EG10889,EG10889-MONOMER[c],0.004240882103477523,1,False
EG10890,EG10890-MONOMER[c],0.004240882103477523,1,False
EG10485,EG10485-MONOMER[c],0.004240882103477523,1,False
EG10864,EG10864-MONOMER[c],0.004240882103477523,1,False
EG10486,EG10486-MONOMER[c],0.004240882103477523,1,False
EG12054,EG12054-MONOMER[i],0.004240882103477523,1,False
EG10866,EG10866-MONOMER[c],0.004240882103477523,1,False
EG10867,EG10867-MONOMER[c],0.004240882103477523,1,False
EG10874,EG10874-MONOMER[c],0.004240882103477523,1,False
EG10872,EG10872-MONOMER[c],0.004240882103477523,1,False
EG10888,EG10888-MONOMER[c],0.004240882103477523,1,False
EG10887,EG10887-MONOMER[c],0.004240882103477523,1,False
EG10886,EG10886-MONOMER[c],0.004240882103477523,1,False
EG10885,EG10885-MONOMER[c],0.004240882103477523,1,False
EG10884,EG10884-MONOMER[c],0.004240882103477523,1,False
EG10883,EG10883-MONOMER[c],0.004240882103477523,1,False
EG10882,EG10882-MONOMER[c],0.004240882103477523,1,False
EG10881,EG10881-MONOMER[c],0.004240882103477523,1,False
EG50002,EG50002-MONOMER[c],0.004240882103477523,1,False
EG50001,EG50001-MONOMER[c],0.004240882103477523,1,False
EG11232,EG11232-MONOMER[c],0.004240882103477523,1,False
EG11231,EG11231-MONOMER[c],0.004240882103477523,1,False
EG10892,EG10892-MONOMER[c],0.004240882103477523,1,False
EG10891,EG10891-MONOMER[c],0.004240882103477523,1,False
EG10877,EG10877-MONOMER[c],0.004240882103477523,1,False
EG10876,EG10876-MONOMER[c],0.004240882103477523,1,False
EG10879,EG10879-MONOMER[c],0.004240882103477523,1,False
EG10878,EG10878-MONOMER[c],0.004240882103477523,1,False
EG10880,EG10880-MONOMER[c],0.004240882103477523,1,False
EG11197,YIDC[m],0.005089058524173028,1,False
G6574,YCFV-MONOMER[i],0.005089058524173028,1,False
EG12062,NAPH-MONOMER[m],0.005089058524173028,1,False
EG12067,NAPA-MONOMER[p],0.005089058524173028,1,False
G6573,YCFU-MONOMER[p],0.005089058524173028,1,False
EG12064,NAPG-MONOMER[i],0.005089058524173028,1,False
EG12061,NAPB-MONOMER[p],0.005089058524173028,1,False
G6575,YCFW-MONOMER[i],0.005089058524173028,1,False
G7399,G7399-MONOMER[i],0.00551314673452078,1,False
EG10478,HYCELARGE-MONOMER[c],0.005937234944868533,2,False
EG10477,HYCD-MONOMER[i],0.005937234944868533,2,False
EG10475,HYCBSMALL-MONOMER[c],0.005937234944868533,2,False
EG10479,HYCF-MONOMER[m],0.005937234944868533,2,False
EG10476,HYCC-MONOMER[i],0.005937234944868533,2,False
EG10480,HYCG-MONOMER[i],0.005937234944868533,2,False
G6410,YBHS-MONOMER[m],0.006785411365564037,1,False
G6409,YBHR-MONOMER[m],0.006785411365564037,1,False
G6411,YBHF-MONOMER[i],0.006785411365564037,1,False
EG10910,EG10910-MONOMER[c],0.007633587786259542,1,False
EG10916,EG10916-MONOMER[c],0.007633587786259542,1,False
EG10915,EG10915-MONOMER[c],0.007633587786259542,1,False
EG10914,EG10914-MONOMER[c],0.007633587786259542,1,False
EG10913,EG10913-MONOMER[c],0.007633587786259542,1,False
Unknown,RRSA-RRNA[c],0.007633587786259542,1,False
EG10908,EG10908-MONOMER[c],0.007633587786259542,1,False
EG10900,EG10900-MONOMER[c],0.007633587786259542,1,False
EG10920,EG10920-MONOMER[c],0.007633587786259542,1,False
EG10903,EG10903-MONOMER[c],0.007633587786259542,1,False
EG10902,EG10902-MONOMER[c],0.007633587786259542,1,False
EG10901,EG10901-MONOMER[c],0.007633587786259542,1,False
EG10909,EG10909-MONOMER[c],0.007633587786259542,1,False
EG10917,EG10917-MONOMER[c],0.007633587786259542,1,False
EG10918,EG10918-MONOMER[c],0.007633587786259542,1,False
EG10919,EG10919-MONOMER[c],0.007633587786259542,1,False
EG10911,EG10911-MONOMER[c],0.007633587786259542,1,False
EG10513,EG10513-MONOMER[i],0.007633587786259542,1,False
EG10515,EG10515-MONOMER[i],0.007633587786259542,1,False
G0-10439,MONOMER0-12[i],0.007633587786259542,1,False
EG10907,EG10907-MONOMER[c],0.007633587786259542,1,False
EG10514,KDPB-MONOMER[i],0.007633587786259542,1,False
EG10906,EG10906-MONOMER[c],0.007633587786259542,1,False
EG10905,EG10905-MONOMER[c],0.007633587786259542,1,False
EG10904,EG10904-MONOMER[c],0.007633587786259542,1,False
EG10912,EG10912-MONOMER[c],0.007633587786259542,1,False
G7300,MONOMER0-154[m],0.008481764206955046,1,False
EG12038,YEJB-MONOMER[i],0.008481764206955046,1,False
EG10333,FUM-MEMB2[m],0.008481764206955046,1,False
EG11282,MONOMER0-153[i],0.008481764206955046,1,False
G7305,MONOMER0-144[i],0.008481764206955046,1,False
G7304,MONOMER0-150[c],0.008481764206955046,1,False
EG11150,MONOMER0-152[c],0.008481764206955046,1,False
G7303,MONOMER0-143[i],0.008481764206955046,1,False
EG10330,FUM-FLAVO[c],0.008481764206955046,1,False
EG10331,FUM-FE-S[c],0.008481764206955046,1,False
EG10332,FUM-MEMB1[m],0.008481764206955046,1,False
EG12037,YEJA-MONOMER[p],0.008481764206955046,1,False
EG12040,YEJE-MONOMER[i],0.008481764206955046,1,False
G6944,SUCCORNTRANSAM-MONOMER[c],0.008481764206955046,1,False
EG12041,YEJF-MONOMER[i],0.008481764206955046,1,False
G7306,MONOMER0-151[i],0.008481764206955046,1,False
G7301,MONOMER0-141[i],0.008481764206955046,1,False
G7302,MONOMER0-142[i],0.008481764206955046,1,False
G7597,G7597-MONOMER[c],0.008905852417302799,1,False
G7686,G7686-MONOMER[m],0.009329940627650551,1,False
G7948,G7948-MONOMER[c],0.009329940627650551,1,False
G7685,G7685-MONOMER[i],0.009329940627650551,1,False
G7345,G7345-MONOMER[m],0.009329940627650551,1,False
G7874,G7874-MONOMER[i],0.009329940627650551,1,False
G7875,G7875-MONOMER[i],0.009329940627650551,1,False
EG10821,RCSB-MONOMER[c],0.009329940627650551,3,False
EG10782,PSTA-MONOMER[m],0.010178117048346057,1,False
G7545,G7545-MONOMER[i],0.010178117048346057,1,False
EG10783,PSTB-MONOMER[i],0.010178117048346057,1,False
G0-8601,MONOMER0-561[i],0.010178117048346057,1,False
G7544,G7544-MONOMER[i],0.010178117048346057,1,False
EG10734,PSTS-MONOMER[p],0.010178117048346057,1,False
EG10784,PSTC-MONOMER[i],0.010178117048346057,1,False
EG11069,EG11069-MONOMER[c],0.010178117048346057,1,False
EG11071,EG11071-MONOMER[c],0.010178117048346057,1,False
EG10750,POTB-MONOMER[i],0.01102629346904156,1,False
EG10751,POTC-MONOMER[i],0.01102629346904156,1,False
EG10752,POTD-MONOMER[p],0.01102629346904156,1,False
EG10749,POTA-MONOMER[i],0.01102629346904156,1,False
G7288,G7288-MONOMER[c],0.011450381679389313,1,False
G7287,G7287-MONOMER[c],0.01173310715295448,1,False
G6359,G6359-MONOMER[p],0.011874469889737066,1,False
EG10313,EG10313-MONOMER[l],0.011874469889737066,1,False
EG10314,EG10314-MONOMER[l],0.011874469889737066,1,False
EG10315,EG10315-MONOMER[l],0.011874469889737066,1,False
EG12554,SGCA-MONOMER[c],0.011874469889737066,1,False
EG10308,EG10308-MONOMER[e],0.011874469889737066,1,False
EG12556,SGCC-MONOMER[i],0.011874469889737066,1,False
EG12661,GLTJ-MONOMER[i],0.011874469889737066,1,False
Unknown,Pi[p],0.011874469889737066,1,False
G0-10241,MONOMER0-2121[c],0.011874469889737066,1,False
Unknown,PHOR-CPLX[c],0.011874469889737066,1,False
EG11947,NRFD-MONOMER[i],0.011874469889737066,1,False
EG12662,GLTK-MONOMER[i],0.011874469889737066,1,False
EG12663,GLTL-MONOMER[i],0.011874469889737066,1,False
EG11946,NRFC-MONOMER[c],0.011874469889737066,1,False
G6514,TORS-MONOMER[i],0.012298558100084818,2,False
EG12057,CCMC-MONOMER[i],0.01272264631043257,2,False
EG10593,MGLB-MONOMER[p],0.01272264631043257,1,False
EG12169,EG12169-MONOMER[m],0.01272264631043257,2,False
EG10594,MGLC-MONOMER[i],0.01272264631043257,1,False
EG10592,MGLA-MONOMER[i],0.01272264631043257,1,False
G6381,G6381-MONOMER[c],0.01272264631043257,1,False
G6382,G6382-MONOMER[c],0.01272264631043257,1,False
EG12055,CCME-MONOMER[i],0.01272264631043257,1,False
G6380,G6380-MONOMER[c],0.01272264631043257,1,False
G7880,G7880-MONOMER[c],0.013146734520780322,1,False
G6711,G6711-MONOMER[c],0.013570822731128074,1,False
G6710,G6710-MONOMER[c],0.013570822731128074,1,False
G6709,G6709-MONOMER[c],0.013570822731128074,1,False
G6713,G6713-MONOMER[c],0.013570822731128074,1,False
G7334,HCAC-MONOMER[c],0.013570822731128074,1,False
M015,HCAA2-MONOMER[c],0.013570822731128074,1,False
G7336,HCAD-MONOMER[c],0.013570822731128074,1,False
M009,PHENYLPRODIOXY-MONOMER[c],0.013570822731128074,1,False
G6277,G6277-MONOMER[c],0.013994910941475827,1,False
G6431,YLIC-MONOMER[i],0.01441899915182358,1,False
G6430,YLIB-MONOMER[p],0.01441899915182358,1,False
G6432,YLID-MONOMER[i],0.01441899915182358,1,False
G6429,YLIA-MONOMER[i],0.01441899915182358,1,False
EG11788,FCL-MONOMER[c],0.014843087362171332,1,False
EG11008,EG11008-MONOMER[p],0.015267175572519083,1,False
EG11011,EG11011-MONOMER[i],0.015267175572519083,1,False
G7366,G7366-MONOMER[c],0.015267175572519083,1,False
EG11010,EG11010-MONOMER[i],0.015267175572519083,1,False
EG10684,EG10684-MONOMER[o],0.015267175572519083,1,False
EG11007,EG11007-MONOMER[i],0.015267175572519083,1,False
G7292,G7292-MONOMER[c],0.01554990104608425,1,False
G7405,G7405-MONOMER[i],0.016963528413910092,1,False
EG11405,CYDD-MONOMER[i],0.016963528413910092,1,False
EG10012,CYDC-MONOMER[i],0.016963528413910092,1,False
G7406,G7406-MONOMER[i],0.016963528413910092,1,False
G6875,G6875-MONOMER[i],0.017811704834605598,2,False
G6876,G6876-MONOMER[i],0.017811704834605598,2,False
G6874,G6874-MONOMER[i],0.017811704834605598,2,False
G7060,G7060-MONOMER[i],0.017811704834605598,1,False
G6871,G6871-MONOMER[i],0.017811704834605598,2,False
G6872,G6872-MONOMER[i],0.017811704834605598,2,False
G6873,G6873-MONOMER[c],0.017811704834605598,2,False
G7059,G7059-MONOMER[p],0.017811704834605598,1,False
G7158,G7158-MONOMER[c],0.01795306757138818,1,False
EG10393,ANGLYC3PDEHYDROGSUBUNITC-MONOMER[i],0.021204410517387615,1,False
EG10392,ANGLYC3PDEHYDROGSUBUNITB-MONOMER[c],0.021204410517387615,1,False
EG10391,ANGLYC3PDEHYDROGSUBUNITA-MONOMER[c],0.021204410517387615,1,False
G6174,G6174-MONOMER[c],0.021204410517387615,1,False
EG10509,HYDROPEROXIDII-MONOMER[c],0.022900763358778626,1,False
EG12012,YEHZ-MONOMER[i],0.02374893977947413,1,False
EG12009,YEHW-MONOMER[i],0.02374893977947413,1,False
G6852,PD01896[c],0.02374893977947413,1,False
EG12011,YEHY-MONOMER[i],0.02374893977947413,1,False
EG12010,YEHX-MONOMER[i],0.02374893977947413,1,False
EG10142,CELC-MONOMER[c],0.024597116200169637,1,False
EG10141,CELB-MONOMER[i],0.024597116200169637,1,False
EG10140,CELA-MONOMER[c],0.024597116200169637,1,False
EG11827,RIB5PISOMB-MONOMER[c],0.02502120441051739,1,False
EG10682,PABASYN-COMPII-MONOMER[c],0.02544529262086514,1,False
EG10683,PABASYN-COMPI-MONOMER[c],0.02544529262086514,1,False
EG11811,EG11811-MONOMER[c],0.026929601357082274,1,False
EG12768,TAGAALDOL1-MONOMER[c],0.026929601357082274,1,False
EG11143,DHHB-METHYLTRANSFER-MONOMER[c],0.02714164546225615,1,False
G7582,G7582-MONOMER[c],0.02714164546225615,1,False
G6365,OCTAPRENYL-METHYL-METHOXY-BENZOQ-OH-MON[c],0.02714164546225615,1,False
EG11474,EG11474-MONOMER[c],0.02714164546225615,1,False
EG11333,EG11333-MONOMER[c],0.02714164546225615,1,False
EG11473,2-OCTAPRENYL-METHOXY-BENZOQ-METH-MONOMER[c],0.02714164546225615,1,False
EG11324,OCTAPRENYL-METHOXYPHENOL-OH-MONOMER[c],0.02714164546225615,1,False
EG10555,MALF-MONOMER[m],0.02883799830364716,1,False
EG10554,MALE-MONOMER[m],0.02883799830364716,1,False
EG10558,MALK-MONOMER[m],0.02883799830364716,1,False
EG10556,MALG-MONOMER[m],0.02883799830364716,1,False
G6462,MACB[m],0.029262086513994912,1,False
G6461,MACA[m],0.029262086513994912,1,False
EG10624,EG10624-MONOMER[c],0.030110262934690414,1,False
EG10625,EG10625-MONOMER[c],0.030110262934690414,1,False
EG11281,EG11281-MONOMER[c],0.030110262934690414,1,False
G6851,G6851-MONOMER[c],0.031382527565733676,1,False
EG11905,EG11905-MONOMER[c],0.035199321458863446,1,False
EG11568,EG11568-MONOMER[i],0.035199321458863446,1,False
EG10072,ARGT-MONOMER[p],0.035623409669211195,1,False
EG10969,GUTA-MONOMER[i],0.035623409669211195,1,False
G6784,G6784-MONOMER[i],0.035623409669211195,2,False
EG10452,HISP-MONOMER[i],0.035623409669211195,2,False
EG12125,HISQ-MONOMER[i],0.035623409669211195,2,False
EG12124,HISJ-MONOMER[p],0.035623409669211195,1,False
EG10007,HISM-MONOMER[i],0.035623409669211195,2,False
G8210,G8210-MONOMER[m],0.035623409669211195,1,False
EG10970,GUTB-MONOMER[c],0.035623409669211195,1,False
EG10524,GALACTOACETYLTRAN-MONOMER[c],0.03590613514277636,1,False
EG12321,YADH-MONOMER[i],0.0364715860899067,1,False
EG12320,YADG-MONOMER[i],0.0364715860899067,1,False
EG10942,EG10942-MONOMER[c],0.037319762510602206,1,False
G7626,G7626-MONOMER[c],0.039016115351993216,1,False
EG10307,EG10307-MONOMER[c],0.039016115351993216,1,False
EG11171,EG11171-MONOMER[c],0.039016115351993216,2,False
G6991,G6991-MONOMER[c],0.039016115351993216,2,False
EG11757,EG11757-MONOMER[c],0.039016115351993216,1,False
EG12374,EG12374-MONOMER[c],0.039016115351993216,1,False
EG11506,EG11506-MONOMER[m],0.040571105456601635,1,False
EG11614,BASS-MONOMER[i],0.041560644614079725,3,False
Unknown,FE+3[p],0.041560644614079725,1,False
G7489,G7489-MONOMER[c],0.04212609556121006,1,False
EG11624,ARTP-MONOMER[i],0.04240882103477523,2,False
EG10448,CYCLASE-MONOMER[c],0.04240882103477523,1,False
EG11628,ARTJ-MONOMER[p],0.04240882103477523,1,False
EG11627,ARTM-MONOMER[i],0.04240882103477523,2,False
EG11305,EG11305-MONOMER[i],0.04240882103477523,1,False
EG11625,ARTI-MONOMER[p],0.04240882103477523,1,False
G7806,TATA[c],0.04240882103477523,1,False
G7808,G7808-MONOMER[i],0.04240882103477523,1,False
EG10450,GLUTAMIDOTRANS-MONOMER[c],0.04240882103477523,1,False
EG11626,ARTQ-MONOMER[i],0.04240882103477523,2,False
EG11479,EG11479-MONOMER[m],0.04240882103477523,1,False
G7244,G7244-MONOMER[c],0.043256997455470736,1,False
G6444,G6444-MONOMER[c],0.04410517387616624,1,False
EG10337,1-PFK-MONOMER[c],0.044529262086514,1,False
EG10025,E2P-MONOMER[c],0.04551880124399208,1,False
EG10349,FUCISOM-MONOMER[c],0.046225614927905,1,False
G6494,G6494-MONOMER[c],0.04664970313825276,1,False
EG12845,EG12845-MONOMER[c],0.04749787955894826,2,False
G6476,YCBM-MONOMER[m],0.04919423240033927,1,False
EG12358,YCBE-MONOMER[i],0.04919423240033927,1,False
G6478,G6478-MONOMER[m],0.04919423240033927,1,False
G7789,G7790-MONOMER[c],0.04961832061068702,1,False
EG11821,AMTB-MONOMER[m],0.05032513429459994,1,False
EG10964,ORNDECARBOXDEG-MONOMER[c],0.05046649703138253,1,False
EG10855,EG10855-MONOMER[o],0.05089058524173028,2,False
EG11569,EG11569-MONOMER[o],0.05089058524173028,2,False
G6783,G6783-MONOMER[i],0.05173876166242578,2,False
EG10843,PD00221[c],0.05216284987277354,1,False
EG12458,YJCX-MONOMER[m],0.05258693808312129,1,False
EG11958,YJCV-MONOMER[i],0.05258693808312129,1,False
EG11959,YJCW-MONOMER[i],0.05258693808312129,1,False
G7624,LSERINEDEAM3-MONOMER[c],0.05343511450381679,1,False
EG12279,EG12279-MONOMER[c],0.05385920271416455,1,False
G7263,G7263-MONOMER[c],0.05385920271416455,1,False
EG10351,LACTALDREDUCT-MONOMER[c],0.05385920271416455,1,False
G6219,TAUC-MONOMER[i],0.05385920271416455,1,False
EG11245,EG11245-MONOMER[c],0.05385920271416455,1,False
EG10137,CYTIDEAM-MONOMER[c],0.05385920271416455,1,False
G6959,G6959-MONOMER[c],0.05385920271416455,1,False
G6217,TAUA-MONOMER[p],0.05385920271416455,1,False
EG10468,HYAA-MONOMER[i],0.05385920271416455,2,False
EG10469,HYAB-MONOMER[i],0.05385920271416455,2,False
EG11789,GDPMANMANHYDRO-MONOMER[c],0.05385920271416455,1,False
EG10470,HYAC-MONOMER[i],0.05385920271416455,2,False
G6218,TAUB-MONOMER[i],0.05385920271416455,1,False
G6428,G6428-MONOMER[c],0.05665818490245971,1,False
EG10348,FUCPALDOL-MONOMER[c],0.056827820186598814,1,False
EG12423,MONOMER0-147[c],0.056827820186598814,1,False
EG10938,SECD[i],0.05767599660729432,2,False
EG11096,EG11096-MONOMER[i],0.05767599660729432,2,False
EG10940,SECF[i],0.05767599660729432,2,False
EG10994,TDK-MONOMER[c],0.058524173027989825,1,False
EG11040,TYRB-MONOMER[c],0.058948261238337574,1,False
EG10721,PHNL-MONOMER[i],0.06276505513146735,2,False
EG10361,GABATRANSAM-MONOMER[c],0.0631891433418151,1,False
M013,MHPDHYDROL-MONOMER[c],0.06463104325699745,1,False
EG11257,EG11257-MONOMER[i],0.0648854961832061,1,False
EG10700,6PFK-2-MONOMER[c],0.06658184902459711,1,False
EG10131,LYSDECARBOX-MONOMER[c],0.0667514843087362,1,False
EG10238,EG10238-MONOMER[c],0.06700593723494487,2,False
EG11505,EG11505-MONOMER[c],0.06700593723494487,2,False
EG11444,METHYLMALONYL-COA-MUT-MONOMER[c],0.06700593723494487,1,False
EG10243,EG10243-MONOMER[c],0.06700593723494487,2,False
EG10652,NHAA-MONOMER[i],0.06743002544529263,1,False
G6802,YDEZ-MONOMER[i],0.06743002544529263,1,False
G6801,YDEY-MONOMER[i],0.06743002544529263,1,False
G6803,YNEA-MONOMER[p],0.06743002544529263,1,False
G6800,YDEX-MONOMER[i],0.06743002544529263,1,False
G7427,G7427-MONOMER[c],0.06785411365564036,1,False
G7428,G7428-MONOMER[c],0.06785411365564036,1,False
G7429,G7429-MONOMER[c],0.06785411365564036,1,False
G7426,G7426-MONOMER[c],0.06785411365564036,1,False
G7430,G7430-MONOMER[c],0.06785411365564036,1,False
G6285,G6285-MONOMER[c],0.06827820186598813,1,False
EG11643,EG11643-MONOMER[i],0.06827820186598813,1,False
EG12084,NUOC-MONOMER[m],0.06870229007633588,2,False
EG12082,NUOA-MONOMER[m],0.06870229007633588,1,False
EG12083,NUOB-MONOMER[m],0.06870229007633588,2,False
EG12086,NUOE-MONOMER[m],0.06870229007633588,2,False
EG12091,NUOK-MONOMER[m],0.06870229007633588,1,False
EG12088,NUOH-MONOMER[m],0.06870229007633588,1,False
EG11774,NUOF-MONOMER[m],0.06870229007633588,2,False
EG12090,NUOJ-MONOMER[m],0.06870229007633588,1,False
EG12089,NUOI-MONOMER[m],0.06870229007633588,2,False
EG11773,NUOM-MONOMER[m],0.06870229007633588,1,False
EG12092,NUOL-MONOMER[m],0.06870229007633588,1,False
EG12087,NUOG-MONOMER[m],0.06870229007633588,2,False
EG12093,NUON-MONOMER[m],0.06870229007633588,1,False
EG10321,EG10321-MONOMER[e],0.06881538026576194,1,False
G361,G361-MONOMER[c],0.06881538026576194,1,False
EG10841,EG10841-MONOMER[e],0.06881538026576194,1,False
EG11967,EG11967-MONOMER[e],0.06881538026576194,1,False
EG11545,EG11545-MONOMER[e],0.06881538026576194,1,False
EG10279,FADB-MONOMER[c],0.07039864291772689,1,False
EG10278,FADA-MONOMER[c],0.07039864291772689,1,False
EG12191,PROTEIN-PII2[c],0.07068136839129203,1,False
EG10727,ALKAPHOSPHA-MONOMER[p],0.07124681933842239,1,False
G6521,G6521-MONOMER[c],0.07181227028555272,1,False
EG10658,EG10658-MONOMER[m],0.07633587786259542,1,False
EG10952,EG10952-MONOMER[m],0.07633587786259542,1,False
G7320,G7320-MONOMER[m],0.07633587786259542,1,False
G6093,G6093-MONOMER[m],0.07633587786259542,1,False
G7352,G7352-MONOMER[m],0.07633587786259542,1,False
G6477,MONOMER-162[c],0.07718405428329092,1,False
G7114,B2075-MONOMER[i],0.07760814249363868,1,False
G7113,MDTA[m],0.07760814249363868,1,False
G7115,B2076-MONOMER[i],0.07760814249363868,1,False
EG10565,MALTODEXGLUCOSID-MONOMER[c],0.07972858354537744,1,False
EG11064,EG11064-MONOMER[c],0.0810008481764207,1,False
G7676,NANK-MONOMER[c],0.08269720101781171,1,False
EG10055,RIBULPEPIM-MONOMER[c],0.08375742154368108,1,False
G6652,G6652-MONOMER[c],0.08375742154368108,1,False
EG11904,GLYCDEH-MONOMER[c],0.08428753180661577,1,False
EG12131,EG12131-MONOMER[c],0.08736217133163698,1,False
EG10538,LIVH-MONOMER[i],0.08736217133163698,2,False
EG10541,LIVM-MONOMER[i],0.08736217133163698,2,False
EG12130,EG12130-MONOMER[c],0.08736217133163698,1,False
G6479,MONOMER0-146[c],0.08736217133163698,1,False
EG10540,LIVK-MONOMER[p],0.08736217133163698,1,False
EG10537,LIVG-MONOMER[m],0.08736217133163698,2,False
EG10539,LIVJ-MONOMER[p],0.08736217133163698,1,False
EG10536,LIVF-MONOMER[c],0.08736217133163698,2,False
EG10929,SBP-MONOMER[p],0.089058524173028,1,False
EG10214,DALADALALIGB-MONOMER[c],0.08948261238337574,1,False
EG10677,OPPD-MONOMER[i],0.0899067005937235,2,False
EG10675,OPPB-MONOMER[i],0.0899067005937235,2,False
EG10676,OPPC-MONOMER[i],0.0899067005937235,2,False
EG10678,OPPF-MONOMER[i],0.0899067005937235,2,False
EG10674,OPPA-MONOMER[p],0.0899067005937235,1,False
G6665,G6665-MONOMER[p],0.0899067005937235,1,False
G7313,G7313-MONOMER[c],0.090754877014419,1,False
EG10741,EG10741-MONOMER[c],0.0916030534351145,1,False
G7689,G7689-MONOMER[c],0.0916030534351145,1,False
EG10990,THREDEHYDCAT-MONOMER[c],0.09223918575063614,1,False
G6626,MONOMER0-1261[c],0.09245122985581,1,False
G6627,G6627-MONOMER[c],0.09245122985581,1,False
EG11399,EG11399-MONOMER[p],0.09287531806615776,1,False
G7724,G7724-MONOMER[c],0.0938295165394402,1,False
EG11005,TRYPTOPHAN-MONOMER[c],0.09435962680237489,1,False
G6286,G6286-MONOMER[c],0.09584393553859202,1,False
G7185,G7185-MONOMER[c],0.09669211195928754,1,False
G6341,CITTRANS-MONOMER[c],0.09711620016963528,1,False
G7463,G7463-MONOMER[c],0.09754028837998303,1,False
EG12629,GLUCONOKINII-MONOMER[c],0.09881255301102629,1,False
EG11501,ARGDECARBOXDEG-MONOMER[c],0.09898218829516539,1,False
G7856,SGAT-MONOMER[m],0.0996607294317218,1,False
EG12495,YJFU-MONOMER[i],0.0996607294317218,1,False
EG12494,YJFT-MONOMER[c],0.0996607294317218,1,False
EG12095,SECG[m],0.10008481764206956,3,False
EG10939,SECE[m],0.10008481764206956,3,False
EG10766,SECY[m],0.10008481764206956,3,False
EG11417,RIBONUCLEOSIDE-TRIP-REDUCT-MONOMER[c],0.1005089058524173,2,False
G6417,G6417-MONOMER[i],0.10250817884405669,1,False
EG10973,EG10973-MONOMER[c],0.10262934690415607,1,False
G6329,G6329-MONOMER[c],0.10347752332485156,1,False
G6908,G6908-MONOMER[c],0.10347752332485156,1,False
G6909,G6909-MONOMER[c],0.10347752332485156,1,False
G6907,G6907-MONOMER[c],0.10347752332485156,1,False
G7055,G7055-MONOMER[c],0.10390161153519932,1,False
EG10305,FHUD-MONOMER[p],0.10432569974554708,1,False
EG10303,FHUB-MONOMER[i],0.10432569974554708,1,False
EG12309,EG12309-MONOMER[c],0.10432569974554708,1,False
EG10304,FHUC-MONOMER[i],0.10432569974554708,1,False
EG12059,CCMA-MONOMER[i],0.10474978795589483,2,False
EG12058,CCMB-MONOMER[i],0.10474978795589483,2,False
EG10577,ALPHAGALACTOSID-MONOMER[c],0.10559796437659033,1,False
EG10521,KEFC-MONOMER[i],0.10644614079728583,1,False
G6666,MONOMER0-82[i],0.10674906094753421,1,False
EG12007,EG12007-MONOMER[i],0.10687022900763359,1,False
EG11055,BETA-GLUCURONID-MONOMER[c],0.10750636132315522,1,False
EG13161,PD00297[c],0.1077184054283291,1,False
EG10591,PD03938[c],0.10814249363867684,1,False
M012,MHPCHYDROL-MONOMER[c],0.10814249363867684,1,False
G7920,G7920-MONOMER[p],0.10814249363867684,1,False
G7091,UGD-MONOMER[c],0.1085665818490246,1,False
G6906,G6906-MONOMER[c],0.1102629346904156,2,False
G6905,G6905-MONOMER[c],0.1102629346904156,1,False
M011,DHPDIOXYGEN-MONOMER[i],0.11068702290076336,1,False
EG12033,EG12033-MONOMER[c],0.11167656205824145,1,False
EG10613,EG10613-MONOMER[m],0.11280746395250212,1,False
EG10100,ATPC-MONOMER[i],0.11337291489963244,2,False
EG10104,ATPG-MONOMER[m],0.11337291489963244,2,False
EG10105,ATPH-MONOMER[m],0.11337291489963244,2,False
EG11169,TTDB-MONOMER[c],0.11365564037319763,1,False
EG11168,TTDA-MONOMER[c],0.11365564037319763,1,False
G6196,G6196-MONOMER[c],0.11365564037319763,1,False
G6323,G6323-MONOMER[i],0.11426148067369442,1,False
G7531,G7531-MONOMER[c],0.11704834605597965,1,False
EG10928,SBMA-MONOMER[i],0.11704834605597965,1,False
G7286,G7286-MONOMER[c],0.12100650268589201,1,False
G6088,G6088-MONOMER[c],0.12171331636980492,1,False
G6715,G6715-MONOMER[c],0.122702855527283,1,False
G6714,G6714-MONOMER[c],0.122702855527283,1,False
EG12344,EG12344-MONOMER[c],0.12270285552728302,1,False
EG11583,GLYOCARBOLIG-MONOMER[c],0.12298558100084818,1,False
EG10176,CARBODEHYDRAT-MONOMER[c],0.12298558100084818,1,False
EG11049,UGPE-MONOMER[m],0.12340966921119594,1,False
EG11048,UGPC-MONOMER[m],0.12340966921119594,1,False
EG11047,UGPB-MONOMER[m],0.12340966921119594,1,False
EG11046,UGPA-MONOMER[m],0.12340966921119594,1,False
EG10814,RBSA-MONOMER[m],0.12383375742154368,1,False
EG10815,RBSB-MONOMER[m],0.12383375742154368,1,False
EG10816,RBSC-MONOMER[m],0.12383375742154368,1,False
G6281,G6281-MONOMER[c],0.12510602205258695,1,False
EG11580,EG11580-MONOMER[c],0.12595419847328243,1,False
G7107,G7107-MONOMER[o],0.12712044105173875,1,False
G7105,G7105-MONOMER[i],0.12712044105173875,1,False
EG10255,EG10255-MONOMER[p],0.1272264631043257,1,False
EG11787,GDPMANDEHYDRA-MONOMER[c],0.1272264631043257,1,False
EG10033,GLUCOSE-1-PHOSPHAT-MONOMER[p],0.12765055131467345,1,False
G7425,G7425-MONOMER[c],0.1280746395250212,2,False
G6755,G6755-MONOMER[c],0.1289228159457167,1,False
EG11236,EG11236-MONOMER[i],0.12934690415606445,1,False
G6306,G6306-MONOMER[c],0.13019508057675996,1,False
EG10443,EG10443-MONOMER[c],0.13104325699745548,1,False
G6708,G6708-MONOMER[c],0.1316087079445858,1,False
EG10442,EG10442-MONOMER[c],0.13273960983884647,2,False
EG10062,ARCB-MONOMER[i],0.13273960983884647,2,False
EG13238,COBU-MONOMER[c],0.13316369804919423,1,False
G7234,G7234-MONOMER[c],0.13316369804919423,1,False
G6960,G6960-MONOMER[c],0.13379983036471585,1,False
EG10954,SUPEROX-DISMUTFE-MONOMER[c],0.13486005089058525,1,False
G6645,G6645-MONOMER[c],0.13570822731128074,1,False
EG11866,RHAMNULPALDOL-MONOMER[c],0.13761662425784563,1,False
EG11252,EG11252-MONOMER[c],0.13804071246819338,2,False
EG20252,XYLF-MONOMER[p],0.13825275657336725,1,False
EG12275,XYLG-MONOMER[m],0.13825275657336725,1,False
EG12276,XYLH-MONOMER[i],0.13825275657336725,1,False
EG10356,FUMA-MONOMER[c],0.13910093299406276,1,False
EG11451,UDPGLCNACEPIM-MONOMER[c],0.13952502120441052,1,False
EG10195,CYSP-MONOMER[p],0.13994910941475827,1,False
EG10197,CYST-MONOMER[i],0.13994910941475827,2,False
EG10198,CYSW-MONOMER[i],0.13994910941475827,2,False
EG10183,CYSA-MONOMER[i],0.13994910941475827,2,False
G6342,CITRYLY-MONOMER[c],0.14037319762510603,1,False
EG11315,EG11315-MONOMER[c],0.14037319762510603,1,False
G7350,G7350-MONOMER[i],0.1405852417302799,1,False
EG10252,EG10252-MONOMER[c],0.1405852417302799,1,False
EG10253,EG10253-MONOMER[c],0.1405852417302799,1,False
EG11074,XYLISOM-MONOMER[c],0.14079728583545378,1,False
G7858,G7858-MONOMER[c],0.14122137404580154,1,False
EG11535,EG11535-MONOMER[c],0.14122137404580154,1,False
EG11534,EG11534-MONOMER[c],0.14164546225614927,1,False
EG11455,TDPFUCACTRANS-MONOMER[c],0.14249363867684478,1,False
EG12100,TRANSKETOII-MONOMER[c],0.1433418150975403,1,False
EG11045,URPHOS-MONOMER[c],0.1448968052021487,1,False
EG10801,PUTA-MONOMER[c],0.1450381679389313,1,False
EG11828,EG11828-MONOMER[c],0.1450381679389313,1,False
G7413,G7413-MONOMER[c],0.14715860899067007,1,False
EG10362,UDPGLUCEPIM-MONOMER[c],0.14715860899067007,1,False
EG11398,EG11398-MONOMER[p],0.14715860899067007,1,False
EG10564,EG10564-MONOMER[c],0.14715860899067007,1,False
EG11408,ALARACECAT-MONOMER[c],0.1475826972010178,1,False
EG11403,PPX-MONOMER[i],0.14885496183206107,1,False
EG10516,KDPD-MONOMER[c],0.15012722646310434,1,False
EG11435,PD00364[c],0.1505513146734521,1,False
G6621,G6621-MONOMER[c],0.15097540288379982,1,False
EG10512,AKBLIG-MONOMER[c],0.15139949109414758,1,False
EG11126,EG11126-MONOMER[c],0.15267175572519084,1,False
EG11210,EG11210-MONOMER[c],0.15267175572519084,1,False
EG10375,EG10375-MONOMER[c],0.1530958439355386,2,False
EG10248,DPPA-MONOMER[p],0.15351993214588636,1,False
EG10121,7KAPSYN-MONOMER[c],0.15351993214588636,1,False
EG12626,DPPC-MONOMER[i],0.15351993214588636,1,False
EG12625,DPPB-MONOMER[i],0.15351993214588636,1,False
EG12627,DPPD-MONOMER[i],0.15351993214588636,1,False
EG12628,DPPF-MONOMER[i],0.15351993214588636,1,False
G7031,G7031-MONOMER[c],0.15394402035623408,1,False
EG11667,ATOS-MONOMER[i],0.15436810856658184,1,False
EG11847,EG11847-MONOMER[c],0.1547921967769296,1,False
G6717,G6717-MONOMER[c],0.1550042408821035,1,False
EG10026,ICITDEHASE-KIN-PHOSPHA[c],0.15691263782866835,1,False
EG10127,BTUC-MONOMER[m],0.15691263782866835,1,False
EG10128,BTUD-MONOMER[m],0.15691263782866835,1,False
EG12334,EG12334-MONOMER[m],0.15691263782866835,1,False
G6606,G6606-MONOMER[c],0.1573367260390161,1,False
G6939,G6939-MONOMER[p],0.1594571670907549,1,False
EG10637,ACNEULY-MONOMER[c],0.1600932994062765,1,False
G7602,G7602-MONOMER[c],0.16030534351145037,1,False
G7601,G7601-MONOMER[c],0.16072943172179813,2,False
G363,FLGG-FLAGELLAR-MOTOR-ROD-PROTEIN[o],0.1620016963528414,2,False
G359,FLGC-FLAGELLAR-MOTOR-ROD-PROTEIN[j],0.1620016963528414,2,False
G362,FLGF-FLAGELLAR-MOTOR-ROD-PROTEIN[j],0.1620016963528414,2,False
G365,FLGI-FLAGELLAR-P-RING[j],0.1620016963528414,2,False
EG10322,EG10322-MONOMER[j],0.1620016963528414,2,False
G358,FLGB-FLAGELLAR-MOTOR-ROD-PROTEIN[j],0.1620016963528414,2,False
EG11347,FLIF-FLAGELLAR-MS-RING[i],0.1620016963528414,2,False
EG10427,GLUTRNAREDUCT-MONOMER[c],0.1620016963528414,1,False
G6770,G6770-MONOMER[c],0.1620016963528414,1,False
EG10324,FLIN-FLAGELLAR-C-RING-SWITCH[m],0.1620016963528414,2,False
EG10601,MOTA-FLAGELLAR-MOTOR-STATOR-PROTEIN[i],0.1620016963528414,2,False
EG10323,FLIM-FLAGELLAR-C-RING-SWITCH[i],0.1620016963528414,2,False
EG11654,FLIG-FLAGELLAR-SWITCH-PROTEIN[i],0.1620016963528414,2,False
EG10602,MOTB-FLAGELLAR-MOTOR-STATOR-PROTEIN[i],0.1620016963528414,2,False
EG11346,EG11346-MONOMER[p],0.1620016963528414,2,False
G364,FLGH-FLAGELLAR-L-RING[j],0.1620016963528414,2,False
EG11685,EG11685-MONOMER[c],0.16214305908962398,1,False
EG10484,EG10484-MONOMER[c],0.16242578456318915,2,False
EG10054,PD00242[c],0.1645462256149279,1,False
EG11436,EG11436-MONOMER[c],0.1670907548770144,1,False
EG10733,PHOR-MONOMER[c],0.16836301950805768,1,False
G7017,ZNUA-MONOMER[p],0.1692111959287532,1,False
EG12151,DMBPPRIBOSYLTRANS-MONOMER[c],0.1692111959287532,1,False
G7018,ZNUC-MONOMER[i],0.1692111959287532,1,False
EG12368,ZNUB-MONOMER[i],0.1692111959287532,1,False
EG10289,FECD-MONOMER[i],0.1709075487701442,1,False
EG10290,FECE-MONOMER[i],0.1709075487701442,1,False
EG10287,FECB-MONOMER[p],0.1709075487701442,1,False
EG10288,FECC-MONOMER[i],0.1709075487701442,1,False
G6140,G6140-MONOMER[c],0.1715436810856658,1,False
EG10735,EG10735-MONOMER[c],0.1717557251908397,1,False
EG10399,GLYCPDIESTER-PERI-MONOMER[p],0.1726039016115352,1,False
G7409,G7409-MONOMER[c],0.1726039016115352,1,False
G6804,G6804-MONOMER[c],0.1729431721798134,1,False
G7168,G7168-MONOMER[m],0.17359344076901329,1,False
G6799,G6799-MONOMER[c],0.17387616624257846,1,False
EG11859,EG11859-MONOMER[c],0.17472434266327397,1,False
EG10046,ANSB-MONOMER[p],0.1753604749787956,1,False
G6287,G6287-MONOMER[c],0.17557251908396945,1,False
G6198,G6198-MONOMER[c],0.17557251908396945,1,False
G6288,G6288-MONOMER[c],0.17557251908396945,1,False
G6154,G6154-MONOMER[c],0.17557251908396945,1,False
G6289,G6289-MONOMER[c],0.17557251908396945,1,False
G7596,G7596-MONOMER[c],0.1759966072943172,1,False
EG10086,ASCF-MONOMER[i],0.17684478371501272,1,False
EG11929,EG11929-MONOMER[c],0.17684478371501272,1,False
EG11101,EG11101-MONOMER[c],0.17726887192536048,1,False
G6318,G6318-MONOMER[i],0.17726887192536048,1,False
EG11094,EG11094-MONOMER[c],0.178117048346056,1,False
EG10927,EG10927-MONOMER[c],0.178117048346056,1,False
G7398,G7398-MONOMER[i],0.17938931297709923,1,False
EG11888,EG11888-MONOMER[c],0.17938931297709923,1,False
EG11870,EG11870-MONOMER[c],0.18023748939779474,1,False
EG50010,ADHC-MONOMER[c],0.18023748939779474,1,False
EG10527,BETAGALACTOSID-MONOMER[c],0.1806615776081425,1,False
G0-9563,MONOMER0-1564[p],0.181509754028838,1,False
EG10188,SIROHEMESYN-MONOMER[c],0.18278201865988125,1,False
EG10459,EG10459-MONOMER[c],0.183206106870229,1,False
EG10460,EG10460-MONOMER[c],0.183206106870229,1,False
EG10458,EG10458-MONOMER[c],0.183206106870229,1,False
EG10153,EG10153-MONOMER[c],0.18575063613231552,1,False
G7160,G7160-MONOMER[c],0.18649279050042408,1,False
G7530,G7530-MONOMER[c],0.18659881255301103,1,False
G6303,G6303-MONOMER[c],0.18744698897370654,1,False
EG10118,BIOTIN-SYN-MONOMER[c],0.18829516539440203,1,False
EG12396,EG12396-MONOMER[i],0.18829516539440203,1,False
G6662,G6662-MONOMER[c],0.1895674300254453,1,False
G6212,G6212-MONOMER[c],0.18999151823579305,1,False
G7236,G7236-MONOMER[c],0.1912637828668363,1,False
G7727,G7727-MONOMER[c],0.19253604749787956,1,False
EG11670,ATOA-MONOMER[c],0.19550466497031382,2,False
EG11075,XYLULOKIN-MONOMER[c],0.19635284139100934,1,False
EG11761,EG11761-MONOMER[c],0.19635284139100934,1,False
EG11294,EG11294-MONOMER[c],0.19804919423240033,1,False
EG10993,THREODEHYD-MONOMER[c],0.19868532654792198,1,False
EG10840,GLCNACPTRANS-MONOMER[o],0.19974554707379136,1,False
G7492,G7492-MONOMER[c],0.20271416454622562,1,False
EG50009,GLUTDECARBOXA-MONOMER[c],0.20384506644048628,1,False
EG12236,ARSF-MONOMER[i],0.20398642917726886,1,False
EG11306,EG11306-MONOMER[c],0.2056827820186599,1,False
G7901,G7901-MONOMER[c],0.20653095843935537,1,False
EG10572,EG10572-MONOMER[c],0.20737913486005088,1,False
EG10049,APPA-MONOMER[p],0.20780322307039864,1,False
G6810,G6810-MONOMER[i],0.2082273112807464,1,False
EG10001,ALARACEBIOSYN-MONOMER[c],0.2090754877014419,1,False
G7641,G7641-MONOMER[c],0.2090754877014419,1,False
G7271,G7271-MONOMER[c],0.21034775233248512,1,False
G6760,G6760-MONOMER[c],0.21034775233248515,1,False
G6811,G6811-MONOMER[c],0.21034775233248515,1,False
EG10961,ORNDECARBOX-BIO-MONOMER[c],0.21034775233248515,1,False
EG10295,FEPC-MONOMER[i],0.21034775233248515,1,False
EG10294,FEPB-MONOMER[p],0.21034775233248515,1,False
EG10298,FEPG-MONOMER[i],0.21034775233248515,1,False
EG10296,FEPD-MONOMER[i],0.21034775233248515,1,False
G7175,G7175-MONOMER[c],0.21289228159457166,1,False
EG10609,EG10609-MONOMER[i],0.21289228159457166,1,False
EG13270,AQPZ-MONOMER[i],0.21310432569974555,1,False
G6721,G6721-MONOMER[c],0.21317500706813683,1,False
EG11211,EG11211-MONOMER[c],0.21374045801526717,1,False
EG12202,EG12202-MONOMER[c],0.21416454622561493,1,False
EG10670,EG10670-MONOMER[o],0.21430590896239748,1,False
EG12127,TREB-MONOMER[i],0.21458863443596268,1,False
G7855,G7855-MONOMER[c],0.21571953633022337,1,False
EG10357,FUMB-MONOMER[c],0.21586089906700592,1,False
EG11795,PD00339[c],0.21628498727735368,1,False
EG11873,YIIP-MONOMER[i],0.2171331636980492,1,False
G7925,G7925-MONOMER[c],0.2177692960135708,1,False
EG10976,EG10976-MONOMER[c],0.21840542832909246,1,False
EG10590,ASPKINIIHOMOSERDEHYDROGII-MONOMER[c],0.21925360474978794,1,False
EG12235,EG12235-MONOMER[c],0.21925360474978794,1,False
EG10748,EG10748-MONOMER[p],0.2196776929601357,1,False
EG10818,RIBOKIN-MONOMER[c],0.22010178117048346,1,False
EG11606,KCH-MONOMER[i],0.22073791348600508,1,False
G7348,G7348-MONOMER[i],0.2222222222222222,1,False
EG10967,EG10967-MONOMER[c],0.2222222222222222,1,False
EG11630,POTG-MONOMER[i],0.22264631043256997,1,False
EG11629,POTF-MONOMER[p],0.22264631043256997,1,False
EG11632,POTI-MONOMER[i],0.22264631043256997,1,False
EG11631,POTH-MONOMER[i],0.22264631043256997,1,False
EG11452,UDPMANNACADEHYDROG-MONOMER[c],0.22349448685326548,1,False
G6882,G6882-MONOMER[c],0.22391857506361323,1,False
EG10730,CREC-MONOMER[i],0.22561492790500423,1,False
EG10366,GALACTURIDYLYLTRANS-MONOMER[c],0.226039016115352,1,False
EG11669,ATOD-MONOMER[c],0.22646310432569974,2,False
EG12167,EG12167-MONOMER[c],0.22731128074639526,1,False
EG10154,EG10154-MONOMER[c],0.227735368956743,2,False
G7572,G7572-MONOMER[c],0.22815945716709077,1,False
G7571,G7571-MONOMER[c],0.22815945716709077,1,False
G7193,G7193-MONOMER[c],0.2285835453774385,1,False
EG10837,EG10837-MONOMER[c],0.229431721798134,1,False
EG11109,PD01103[c],0.23027989821882952,1,False
EG11981,GALPMUT-MONOMER[c],0.23155216284987276,1,False
EG10646,NARX-MONOMER[i],0.23155216284987276,3,False
EG10445,IMIDPHOSPHADEHYDHISTIDPHOSPHA-MONOMER[c],0.23155216284987276,1,False
EG10629,EMRE-MONOMER[i],0.23197625106022052,1,False
EG11704,ACRB-MONOMER[m],0.23240033927056822,1,False
EG10808,OROPRIBTRANS-MONOMER[c],0.23240033927056827,1,False
EG10163,CPXA-MONOMER[i],0.23282442748091603,1,False
EG10093,PD00250[c],0.23324851569126379,1,False
G7423,G7423-MONOMER[c],0.23367260390161154,1,False
G7455,G7455-MONOMER[c],0.23367260390161154,1,False
EG11298,EG11298-MONOMER[c],0.23452078032230703,1,False
EG11490,GLUTDECARBOXB-MONOMER[c],0.2348035057958722,1,False
G198,HMP-KIN-MONOMER[c],0.23494486853265478,1,False
EG11325,ACONITASE-MONOMER[c],0.23536895674300254,1,False
G6358,G6358-MONOMER[c],0.23558100084817643,1,False
EG12331,YADQ-MONOMER[i],0.2357930449533503,1,False
G6278,G6278-MONOMER[c],0.2360050890585242,1,False
EG11942,YJCG-MONOMER[i],0.2366412213740458,1,False
G7135,HMP-P-KIN-MONOMER[c],0.23706530958439356,1,False
EG11672,ACETYL-COA-ACETYLTRANSFER-MONOMER[c],0.23706530958439356,1,False
EG11877,EG11877-MONOMER[c],0.23748939779474132,1,False
EG11234,EG11234-MONOMER[c],0.23791348600508905,1,False
EG10053,RIBULOKIN-MONOMER[c],0.23791348600508905,1,False
EG11853,EG11853-MONOMER[c],0.2383375742154368,1,False
G7194,G7194-MONOMER[c],0.23876166242578456,1,False
G6550,G6550-MONOMER[c],0.23918575063613232,1,False
G7723,G7723-MONOMER[c],0.24052869663556684,1,False
EG12216,EG12216-MONOMER[c],0.2408821034775233,1,False
EG11610,EVGS-MONOMER[p],0.24130619168787107,1,False
Unknown,HOMO-CYS[c],0.24173027989821882,1,False
Unknown,CPLX0-7759[c],0.24173027989821882,1,False
EG11918,EG11918-MONOMER[p],0.24183630195080577,1,False
EG10635,NAGE-MONOMER[i],0.2430025445292621,1,False
EG11510,PPK-MONOMER[c],0.2430025445292621,2,False
EG11102,GSK-MONOMER[c],0.24342663273960985,1,False
G7853,G7853-MONOMER[c],0.24342663273960985,1,False
EG11460,NARQ-MONOMER[i],0.24342663273960985,1,False
EG12615,TORR-MONOMER[c],0.24427480916030533,1,False
EG10120,DETHIOBIOTIN-SYN-MONOMER[c],0.2446988973706531,1,False
EG11212,EG11212-MONOMER[c],0.2446988973706531,1,False
EG12189,COPROGENOXI-MONOMER[c],0.24512298558100085,1,False
G6092,UPPSYN-MONOMER[c],0.2455470737913486,1,False
EG10413,PPPGPPHYDRO-MONOMER[c],0.24597116200169636,1,False
EG11254,EG11254-MONOMER[c],0.24766751484308736,1,False
EG10615,MTLA-MONOMER[i],0.2480916030534351,1,False
EG11549,EG11549-MONOMER[c],0.24936386768447838,1,False
G6326,G6326-MONOMER[c],0.24936386768447838,1,False
EG10242,EG10242-MONOMER[c],0.2502120441051739,3,False
EG10203,EG10203-MONOMER[p],0.2502120441051739,1,False
EG10852,EG10852-MONOMER[c],0.2506361323155216,1,False
EG11454,DTDPGLUCOSEPP2-MONOMER[c],0.2508481764206955,1,False
EG10208,MONOMER0-1981[c],0.2510602205258694,1,False
EG11810,GCVP-MONOMER[c],0.25148430873621713,1,False
G7021,G7021-MONOMER[c],0.251696352841391,1,False
EG12165,EG12165-MONOMER[c],0.25190839694656486,3,False
G7242,G7242-MONOMER[c],0.25233248515691264,1,False
EG10269,ENVZ-MONOMER[c],0.25233248515691264,1,False
EG10560,MALDEXPHOSPHORYL-MONOMER[c],0.2527565733672604,1,False
EG10454,EG10454-MONOMER[c],0.25318066157760816,1,False
EG10732,PHOQ-MONOMER[i],0.2536047497879559,2,False
EG12410,EG12410-MONOMER[c],0.2544529262086514,1,False
EG12600,EG12600-MONOMER[c],0.2544529262086514,1,False
EG11574,SFUA-MONOMER[p],0.2548770144189991,1,False
EG11573,SFUB-MONOMER[i],0.2548770144189991,1,False
EG10533,PD00205[c],0.2548770144189991,1,False
EG11572,SFUC-MONOMER[m],0.2548770144189991,1,False
EG10078,AROF-MONOMER[c],0.2553011026293469,1,False
G0-9121,MONOMER0-1041[c],0.2553011026293469,2,False
EG10605,MONOMER0-4521[c],0.25572519083969464,1,False
EG10738,MONOMER0-341[o],0.25572519083969464,1,False
EG11018,TRG-MONOMER[i],0.2561492790500424,1,False
G7365,G7365-MONOMER[c],0.25657336726039015,2,False
G7007,G7007-MONOMER[i],0.2568560927339554,1,False
EG11430,EG11430-MONOMER[c],0.25699745547073793,1,False
EG10936,SECA[c],0.25742154368108566,2,False
G7714,G7714-MONOMER[c],0.2578456318914334,1,False
G7713,G7713-MONOMER[c],0.2578456318914334,1,False
G7712,G7712-MONOMER[c],0.2578456318914334,1,False
G7020,G7020-MONOMER[c],0.2578456318914334,1,False
EG12209,EG12209-MONOMER[i],0.2578456318914334,1,False
G6941,SUCCARGDIHYDRO-MONOMER[c],0.2582697201017812,1,False
EG10496,DIHYDROXYACIDDEHYDRAT-MONOMER[c],0.2586938083121289,1,False
G7816,G7816-MONOMER[p],0.2586938083121289,1,False
EG11456,RFFTRANS-MONOMER[c],0.2586938083121289,1,False
EG10247,HOLO-ACP-SYNTH-MONOMER[c],0.2586938083121289,1,False
EG10500,ACETOLACTSYNIII-ICHAIN-MONOMER[c],0.2591178965224767,1,False
EG12313,EG12313-MONOMER[c],0.2591178965224767,1,False
EG10499,ACETOLACTSYNIII-HCHAIN-MONOMER[c],0.2591178965224767,1,False
EG10002,MODB-MONOMER[i],0.2595419847328244,1,False
EG12427,MODA-MONOMER[p],0.2595419847328244,1,False
EG10152,MODC-MONOMER[i],0.2595419847328244,1,False
EG10828,EG10828-MONOMER[c],0.2595419847328244,1,False
EG10619,UDP-NACMUR-ALA-LIG-MONOMER[c],0.2599660729431722,1,False
EG10618,EG10618-MONOMER[c],0.26039016115351993,2,False
G6759,G6759-MONOMER[c],0.2608142493638677,1,False
EG11884,EG11884-MONOMER[c],0.26123833757421544,1,False
EG10394,AERGLYC3PDEHYDROG-MONOMER[i],0.26123833757421544,1,False
G85,XANTHOSINEPHOSPHORY-MONOMER[c],0.2627933276788239,1,False
EG10380,GLYCOPHOSPHORYL-MONOMER[c],0.26293469041560646,1,False
EG10781,PHOSPHASERSYN-MONOMER[c],0.26293469041560646,1,False
G7262,G7262-MONOMER[c],0.2631467345207803,1,False
EG11616,SUGE-MONOMER[i],0.2633587786259542,1,False
EG11039,CHORISMUTPREPHENDEHYDROG-MONOMER[c],0.2633587786259542,1,False
Unknown,ASN[c],0.263782866836302,1,False
Unknown,CPLX0-7733[c],0.263782866836302,1,False
EG11530,ACYLCOASYN-MONOMER[c],0.263782866836302,1,False
EG12399,EG12399-MONOMER[c],0.2642069550466497,2,False
EG11702,EG11702-MONOMER[c],0.26463104325699743,1,False
EG10014,ACRD-MONOMER[i],0.2650551314673452,1,False
EG11703,EG11703-MONOMER[p],0.2650551314673452,2,False
EG10222,DEOD-MONOMER[c],0.26576194515125817,1,False
G7259,PDXK-MONOMER[c],0.26632739609838846,1,False
EG11088,EG11088-MONOMER[c],0.26717557251908397,1,False
G6334,G6334-MONOMER[c],0.26717557251908397,1,False
G6237,DXS-MONOMER[c],0.2675996607294317,1,False
EG10971,SORB6PDEHYDROG-MONOMER[c],0.2680237489397795,1,False
EG11692,EG11692-MONOMER[c],0.2680237489397795,1,False
EG11081,EG11081-MONOMER[c],0.2684478371501272,1,False
EG10067,CHAINF-MONOMER[c],0.26858919988690977,1,False
EG10412,GLUTATHIONE-REDUCT-NADPH-MONOMER[m],0.268871925360475,1,False
G7616,G7616-MONOMER[c],0.2692960135708227,1,False
EG10284,EG10284-MONOMER[c],0.2697201017811705,1,False
EG10144,EG10144-MONOMER[c],0.2703562340966921,1,False
G7924,G7924-MONOMER[c],0.27099236641221375,1,False
EG11299,EG11299-MONOMER[i],0.2714164546225615,1,False
EG10066,ACETYLORNTRANSAM-MONOMER[c],0.2714164546225615,1,False
G6501,G6501-MONOMER[c],0.27184054283290926,1,False
EG10358,FUMC-MONOMER[c],0.2720525869380831,1,False
EG11085,EG11085-MONOMER[c],0.27268871925360477,1,False
G7961,PHENDEHYD-MONOMER[c],0.2731128074639525,1,False
EG10193,ACSERLYB-MONOMER[c],0.27353689567430023,1,False
EG10143,EG10143-MONOMER[c],0.27523324851569125,1,False
EG12371,EG12371-MONOMER[i],0.27565733672603904,1,False
EG10200,PD04028[c],0.27565733672603904,1,False
EG12633,EG12633-MONOMER[c],0.27565733672603904,1,False
EG11723,EG11723-MONOMER[c],0.2767175572519084,1,False
G7456,G7456-MONOMER[c],0.2769296013570823,1,False
G7740,G7740-MONOMER[c],0.27735368956743,1,False
EG11652,EG11652-MONOMER[p],0.2782018659881255,1,False
G58,MALTACETYLTRAN-MONOMER[c],0.2782018659881255,1,False
EG11407,DALADEHYDROGA-MONOMER[i],0.2786259541984733,1,False
EG10202,EG10202-MONOMER[p],0.28074639525021206,1,False
G7678,G7678-MONOMER[c],0.2811704834605598,1,False
EG11492,QOR-MONOMER[c],0.2820186598812553,1,False
EG10449,ATPPHOSRIBOSTRANS-MONOMER[c],0.2828668363019508,1,False
EG10960,AGMATIN-MONOMER[c],0.2828668363019508,1,False
G0-9461,ERYTHRON4PDEHYDROG-MONOMER[c],0.2837150127226463,1,False
EG11131,EG11131-MONOMER[c],0.28477523324851567,1,False
G7845,G7845-MONOMER[c],0.28541136556403734,1,False
EG11331,GTP-CYCLOHYDRO-II-MONOMER[c],0.2858354537743851,1,False
EG11621,ABC-MONOMER[m],0.2858354537743851,1,False
EG11737,METI-MONOMER[m],0.2858354537743851,1,False
EG11504,METQ-MONOMER[m],0.2858354537743851,1,False
EG12417,GALACTITOLPDEHYD-MONOMER[c],0.2866836301950806,1,False
EG11261,EG11261-MONOMER[c],0.2879558948261238,1,False
RUVA,EG10923-MONOMER[c],0.288238620299689,1,False
RUVB,EG10924-MONOMER[c],0.288238620299689,1,False
EG10925,EG10925-MONOMER[c],0.288238620299689,1,False
G6209,G6209-MONOMER[c],0.2883799830364716,1,False
EG10016,KDGALDOL-MONOMER[c],0.2886627085100367,1,False
EG10579,MEND-MONOMER[i],0.28880407124681934,1,False
EG12301,PD01352[c],0.28880407124681934,1,False
G7590,G7590-MONOMER[c],0.28922815945716707,1,False
EG11329,SUCCSEMIALDDEHYDROG-MONOMER[c],0.28922815945716707,1,False
EG10686,EG10686-MONOMER[c],0.2900763358778626,1,False
EG10687,EG10687-MONOMER[c],0.2900763358778626,1,False
EG10809,OROTPDECARB-MONOMER[c],0.2900763358778626,1,False
EG10385,PROTEIN-NRI[c],0.2909245122985581,1,False
EG10546,LIPIDADISACCHARIDESYNTH-MONOMER[c],0.2909245122985581,1,False
G6491,G6491-MONOMER[p],0.29106587503534065,1,False
EG10057,ARAF-MONOMER[p],0.2913486005089059,1,False
EG10059,ARAH-MONOMER[m],0.2913486005089059,1,False
EG10058,ARAG-MONOMER[c],0.2913486005089059,1,False
EG10580,EG10580-MONOMER[p],0.2913486005089059,1,False
EG10553,LYSU-MONOMER[c],0.2913486005089059,1,False
EG10932,SDH-FE-S[i],0.2917726887192536,2,False
EG10934,SDH-MEMB2[i],0.2917726887192536,2,False
EG10933,SDH-MEMB1[i],0.2917726887192536,2,False
EG10931,SDH-FLAVO[i],0.2917726887192536,2,False
EG11167,EG11167-MONOMER[i],0.29219677692960133,1,False
EG12412,DTDPGLUCDEHYDRAT-MONOMER[c],0.29219677692960133,1,False
EG50007,EUTC-MONOMER[c],0.2923381396663839,1,False
EG50006,EUTB-MONOMER[c],0.2923381396663839,1,False
EG10446,HISTPHOSTRANS-MONOMER[c],0.2926208651399491,1,False
EG11597,EG11597-MONOMER[c],0.29346904156064463,2,False
EG11598,EG11598-MONOMER[c],0.29346904156064463,1,False
EG10447,HISTDEHYD-MONOMER[c],0.29389312977099236,1,False
M007,THZ-KIN-MONOMER[c],0.29474130619168787,1,False
EG11157,EG11157-MONOMER[c],0.2951653944020356,1,False
EG11023,EG11023-MONOMER[c],0.2951653944020356,1,False
G7327,G7327-MONOMER[c],0.2951653944020356,1,False
EG12177,EG12177-MONOMER[c],0.29544811987560077,1,False
G7058,G7058-MONOMER[p],0.2960135708227311,1,False
EG10596,EG10596-MONOMER[c],0.2964376590330789,2,False
EG10691,PDXA-MONOMER[c],0.2964376590330789,1,False
G6720,G6720-MONOMER[c],0.2964376590330789,1,False
EG10597,EG10597-MONOMER[c],0.2964376590330789,1,False
EG10424,EG10424-MONOMER[c],0.2964376590330789,1,False
EG10423,EG10423-MONOMER[c],0.2964376590330789,1,False
EG10528,EG10528-MONOMER[o],0.29855810008481765,1,False
EG10277,FABH-MONOMER[c],0.30025445292620867,1,False
EG10435,EG10435-MONOMER[m],0.30025445292620867,2,False
EG10092,ASNSYNB-MONOMER[c],0.30025445292620867,1,False
EG10436,EG10436-MONOMER[c],0.30025445292620867,2,False
EG12129,URAA-MONOMER[i],0.3006785411365564,1,False
EG11286,ACETYLORNDEACET-MONOMER[c],0.30279898218829515,1,False
EG11867,RHAMNISOM-MONOMER[c],0.30301102629346904,1,False
EG50011,H2PTEROATESYNTH-MONOMER[c],0.30322307039864294,1,False
EG20091,GLYC3PDEHYDROGBIOSYN-MONOMER[c],0.30364715860899066,1,False
EG11517,EG11517-MONOMER[c],0.30364715860899066,1,False
EG10209,DIAMINOPIMEPIM-MONOMER[c],0.30364715860899066,1,False
EG11559,CARNDEHYDRA-MONOMER[c],0.30407124681933845,1,False
EG12882,GSP-MONOMER[c],0.30407124681933845,1,False
EG10175,CYANLY-MONOMER[c],0.304325699745547,1,False
G6500,G6500-MONOMER[c],0.3044953350296862,1,False
EG12715,DXPREDISOM-MONOMER[i],0.3053435114503817,1,False
EG11321,RIBOFLAVINSYNDEAM-MONOMER[c],0.3053435114503817,1,False
G6333,DSBG-MONOMER[p],0.3053435114503817,1,False
EG10215,EG10215-MONOMER[c],0.3053435114503817,1,False
G6775,ADHP-MONOMER[c],0.3055555555555556,1,False
G6109,G6109-MONOMER[c],0.3057675996607294,1,False
G6110,G6110-MONOMER[c],0.3057675996607294,1,False
EG12362,MENF-MONOMER[c],0.3061916878710772,1,False
EG10999,HOMOSERKIN-MONOMER[c],0.3061916878710772,1,False
Unknown,ATP[c],0.3061916878710772,1,False
EG10235,PD03831[c],0.3061916878710772,2,False
Unknown,ADP[c],0.3061916878710772,1,False
EG10549,DIAMINOPIMDECARB-MONOMER[c],0.30661577608142493,1,False
EG11511,EG11511-MONOMER[c],0.3070398642917727,1,False
EG10754,PYRUVOXID-MONOMER[c],0.30746395250212044,1,False
G7990,FRUB-MONOMER[i],0.30788804071246817,1,False
EG10336,FRUA-MONOMER[i],0.30788804071246817,1,False
EG10978,EG10978-MONOMER[c],0.3087362171331637,1,False
EG12048,EG12048-MONOMER[c],0.3087362171331637,1,False
EG10395,EG10395-MONOMER[c],0.30916030534351147,1,False
EG11735,EG11735-MONOMER[c],0.3095843935538592,1,False
EG10922,PANTOTHENATE-KIN-MONOMER[c],0.3095843935538592,1,False
G812,RNTRACTIV-MONOMER[c],0.3095843935538592,2,False
G7629,G7629-MONOMER[c],0.3095843935538592,1,False
EG10955,EG10955-MONOMER[c],0.3095843935538592,1,False
EG10764,EG10764-MONOMER[c],0.3104325699745547,1,False
EG10997,EG10997-MONOMER[c],0.3104325699745547,2,False
EG10225,DGTPTRIPHYDRO-MONOMER[c],0.3111393836584676,1,False
EG10432,GSAAMINOTRANS-MONOMER[c],0.3112807463952502,1,False
EG10355,EG10355-MONOMER[c],0.31178965224766747,1,False
G6540,G6540-MONOMER[c],0.31297709923664124,1,False
G6675,G6675-MONOMER[c],0.31297709923664124,1,False
EG10240,EG10240-MONOMER[c],0.3138252756573367,1,False
G6731,G6731-MONOMER[c],0.3142493638676845,1,False
EG20257,NRDE-MONOMER[c],0.3142493638676845,2,False
EG10080,AROH-MONOMER[c],0.3142493638676845,1,False
EG10117,DAPASYN-MONOMER[c],0.3146734520780322,1,False
G6455,LTAA-MONOMER[c],0.31700593723494486,1,False
EG10064,ACETYLGLUTKIN-MONOMER[c],0.31721798134011875,1,False
EG10710,PHET-MONOMER[c],0.3176420695504665,1,False
EG10709,PHES-MONOMER[c],0.3176420695504665,1,False
G6680,G6680-MONOMER[c],0.31806615776081426,1,False
EG10110,BADH-MONOMER[c],0.318490245971162,1,False
EG11418,DCTP-DEAM-MONOMER[c],0.3189143341815098,1,False
G7553,G7553-MONOMER[c],0.3189143341815098,1,False
EG10465,DIOHBUTANONEPSYN-MONOMER[c],0.3197625106022053,1,False
EG10725,EG10725-MONOMER[c],0.3197625106022053,1,False
G7454,G7454-MONOMER[c],0.320186598812553,1,False
G7516,G7516-MONOMER[c],0.32032796154933557,1,False
EG10569,MANZ-MONOMER[m],0.3208934124964659,1,False
EG10568,MANY-MONOMER[m],0.3208934124964659,1,False
EG10069,CHAINI-MONOMER[c],0.3211761379700311,1,False
EG10490,EG10490-MONOMER[c],0.32145886344359625,1,False
EG10661,NRDB-MONOMER[c],0.32188295165394404,2,False
G7431,G7431-MONOMER[c],0.3220243143907266,1,False
EG10571,EG10571-MONOMER[c],0.32230703986429177,2,False
EG11030,TRPS-MONOMER[c],0.32230703986429177,1,False
EG11029,PD00423[c],0.323579304495335,1,False
G6878,GST-MONOMER[c],0.3240033927056828,1,False
EG10943,EG10943-MONOMER[c],0.3248515691263783,1,False
EG10386,GLNH-MONOMER[p],0.32527565733672603,1,False
EG10389,GLNQ-MONOMER[i],0.32527565733672603,1,False
EG10388,GLNP-MONOMER[i],0.32527565733672603,1,False
G6261,G6261-MONOMER[c],0.3254877014418999,1,False
EG11367,BARA-MONOMER[i],0.32612383375742154,1,False
EG10672,OMPR-MONOMER[c],0.32612383375742154,1,False
EG10453,HISS-MONOMER[c],0.32782018659881257,1,False
EG10017,OPPSYN-MONOMER[c],0.3282442748091603,1,False
EG11852,EG11852-MONOMER[c],0.3282442748091603,1,False
G7038,DCYSDESULF-MONOMER[c],0.3286683630195081,1,False
EG12366,EG12366-MONOMER[c],0.3299406276505513,1,False
EG10201,EG10201-MONOMER[p],0.33078880407124683,1,False
G7662,G7662-MONOMER[c],0.3320610687022901,1,False
EG10189,PAPSSULFOTRANS-MONOMER[c],0.3320610687022901,1,False
EG11132,EG11132-MONOMER[c],0.33227311280746397,1,False
EG11372,EG11372-MONOMER[c],0.3324851569126378,1,False
EG10996,EG10996-MONOMER[c],0.33305060785976814,1,False
EG10340,FTSE-MONOMER[c],0.3333333333333333,1,False
EG10345,FTSX-MONOMER[o],0.3333333333333333,1,False
EG11816,EG11816-MONOMER[c],0.3333333333333333,1,False
EG10185,ADENYLYLSULFKIN-MONOMER[c],0.3346055979643766,1,False
EG11335,PD04413[i],0.33502968617472434,1,False
EG11384,EG11384-MONOMER[c],0.33587786259541985,1,False
EG11385,EG11385-MONOMER[c],0.33587786259541985,1,False
G7842,G7842-MONOMER[c],0.33587786259541985,1,False
EG11845,EG11845-MONOMER[c],0.336160588068985,1,False
G6862,G6862-MONOMER[c],0.3377862595419847,1,False
G592,DLACTDEHYDROGNAD-MONOMER[c],0.3377862595419847,1,False
EG12844,EG12844-MONOMER[c],0.3379983036471586,2,False
EG10582,O-SUCCHOMOSERLYASE-MONOMER[c],0.3382103477523325,1,False
EG11546,QUINOPRIBOTRANS-MONOMER[c],0.3384223918575064,1,False
EG10387,PROTEIN-NRII[c],0.3384223918575064,1,False
Unknown,GLN[c],0.33927056827820185,1,False
Unknown,4-AMINO-BUTYRATE[c],0.33927056827820185,1,False
G6812,G6812-MONOMER[c],0.33927056827820185,3,False
Unknown,GLT[c],0.33927056827820185,1,False
G7490,G7490-MONOMER[c],0.34139100932994065,1,False
G6879,PDXY-MONOMER[c],0.3426632739609839,1,False
G6487,G6487-MONOMER[p],0.3435114503816794,1,False
G7184,G7184-MONOMER[c],0.3435114503816794,1,False
EG11028,ANTHRANSYNCOMPI-MONOMER[c],0.34393553859202713,1,False
EG11027,ANTHRANSYNCOMPII-MONOMER[c],0.34393553859202713,1,False
EG10965,GUANYL-KIN-MONOMER[c],0.34478371501272265,1,False
EG11978,DTDPGLUCOSEPP-MONOMER[c],0.3452078032230704,1,False
G7394,G7394-MONOMER[c],0.34563189143341816,1,False
EG11531,CFA-MONOMER[c],0.34563189143341816,1,False
EG10076,AROD-MONOMER[c],0.3469041560644614,1,False
G6395,MONOMER0-185[c],0.3469041560644614,1,False
EG12780,YRAO-MONOMER[c],0.3473282442748092,1,False
G7564,G7564-MONOMER[c],0.3473282442748092,1,False
EG10836,EG10836-MONOMER[c],0.347540288379983,2,False
EG12437,O-SUCCINYLBENZOATE-COA-LIG-MONOMER[c],0.34817642069550464,1,False
EG11070,DSBC-MONOMER[p],0.34817642069550464,1,False
G6094,LDC2-MONOMER[c],0.3485156912637829,1,False
EG11002,THYMIDYLATESYN-MONOMER[c],0.3511450381679389,1,False
G6865,G6865-MONOMER[i],0.3511450381679389,1,False
EG11198,NAG1P-URIDYLTRANS-MONOMER[c],0.3514277636415041,1,False
EG10857,EG10857-MONOMER[c],0.3519932145886344,1,False
EG11612,PROP-MONOMER[i],0.3524173027989822,1,False
G7452,G7452-MONOMER[c],0.35368956743002544,1,False
EG11731,EG11731-MONOMER[c],0.353830930166808,1,False
EG10796,PURK-MONOMER[c],0.35411365564037317,1,False
EG11258,FOCA-MONOMER[i],0.35419847328244275,1,False
EG10382,L-GLN-FRUCT-6-P-AMINOTRANS-MONOMER[c],0.35453774385072095,1,False
EG10632,NAG6PDEACET-MONOMER[c],0.35538592027141647,1,False
EG10075,AROC-MONOMER[c],0.356234096692112,1,False
EG10586,METG-MONOMER[c],0.36005089058524176,1,False
EG11249,EG11249-MONOMER[c],0.36005089058524176,2,False
EG10693,PDXJ-MONOMER[c],0.36005089058524176,1,False
G6673,G6673-MONOMER[c],0.3606870229007634,1,False
EG11548,EG11548-MONOMER[i],0.3615351993214589,1,False
EG10630,QUINOLINATE-SYNTHA-MONOMER[c],0.36259541984732824,1,False
EG12373,EG12373-MONOMER[c],0.36323155216284986,1,False
EG11191,EG11191-MONOMER[c],0.3655640373197625,1,False
EG11825,EG11825-MONOMER[c],0.36683630195080574,1,False
EG11160,EG11160-MONOMER[m],0.36907791106264387,1,False
EG12310,EG12310-MONOMER[c],0.36994628216002257,1,False
EG10660,NRDA-MONOMER[c],0.3706530958439355,2,False
EG10283,F16B-MONOMER[c],0.3710771840542833,1,False
EG10817,EG10817-MONOMER[c],0.3725190839694657,1,False
G7840,G7840-MONOMER[i],0.37343996122622075,1,False
EG10694,EG10694-MONOMER[c],0.37404580152671757,1,False
EG10035,LACTALDDEHYDROG-MONOMER[c],0.3742578456318914,1,False
EG12172,EG12172-MONOMER[c],0.3748939779474131,1,False
EG11485,PROTOPORGENOXI-MONOMER[i],0.3751060220525869,1,False
EG12381,NRDF-MONOMER[c],0.3753180661577608,2,False
EG11487,PDXH-MONOMER[c],0.3757421543681086,1,False
EG12690,EG12690-MONOMER[c],0.3757421543681086,1,False
EG11043,TYRS-MONOMER[c],0.37659033078880405,1,False
EG10256,KDPGALDOL-4OH2OXOGLUTARALDOL-MONOMER[c],0.37743850720949956,1,False
EG12855,EG12855-MONOMER[c],0.3789228159457167,1,False
EG10379,GLUC1PADENYLTRANS-MONOMER[c],0.3791348600508906,1,False
EG11547,EG11547-MONOMER[c],0.3795589482612383,1,False
EG10767,GLUTSEMIALDEHYDROG-MONOMER[c],0.38019508057676,1,False
EG10018,EG10018-MONOMER[i],0.3816793893129771,1,False
EG10063,N-ACETYLTRANSFER-MONOMER[c],0.3833757421543681,1,False
EG10680,EG10680-MONOMER[c],0.3833757421543681,1,False
G7682,G7682-MONOMER[p],0.38450664404862883,1,False
EG10800,PD00219[c],0.3850720949957591,1,False
EG10493,THREDEHYDSYN-MONOMER[c],0.38549618320610685,1,False
EG10251,DUTP-PYROP-MONOMER[c],0.3859202714164546,1,False
EG12656,EG12656-MONOMER[c],0.38592027141645463,1,False
EG10328,FOLD-MONOMER[c],0.38676844783715014,1,False
EG10502,SMALLILVN-MONOMER[c],0.38719253604749787,1,False
EG10494,LARGEILVB-MONOMER[c],0.38719253604749787,1,False
EG12192,MONOMER0-541[c],0.38818207520497594,1,False
EG10099,ATPB-MONOMER[i],0.390754877014419,2,False
EG10698,EG10698-MONOMER[c],0.39185750636132316,1,False
EG12367,YBDE-MONOMER[m],0.39214023183488833,1,False
G6321,G6321-MONOMER[p],0.39214023183488833,1,False
G6322,G6322-MONOMER[p],0.39214023183488833,1,False
G6320,G6320-MONOMER[m],0.39214023183488833,1,False
EG12302,DTMPKI-MONOMER[c],0.3931297709923664,1,False
G6912,G6912-MONOMER[c],0.3935538592027142,1,False
EG10422,GMP-REDUCT-MONOMER[c],0.3939779474130619,1,False
EG10794,PRPPAMIDOTRANS-MONOMER[c],0.3941899915182358,1,False
EG10419,GLUTATHIONE-SYN-MONOMER[c],0.3944020356234097,1,False
EG11553,PHOSGLUCOSAMINEMUT-MONOMER[c],0.39468476109697476,1,False
G7039,G7039-MONOMER[p],0.39525021204410515,1,False
EG12347,EG12347-MONOMER[i],0.39525021204410515,1,False
G7037,G7037-MONOMER[i],0.39525021204410515,1,False
EG10542,EG10542-MONOMER[c],0.3953915747808877,1,False
EG12132,EG12132-MONOMER[c],0.39546225614927905,1,False
EG12878,EG12878-MONOMER[c],0.39588634435962683,1,False
EG11134,EG11134-MONOMER[c],0.39609838846480067,1,False
EG10034,ALAS-MONOMER[c],0.39609838846480067,1,False
EG10159,EG10159-MONOMER[c],0.3962397512015833,3,False
EG10768,GLUTKIN-MONOMER[c],0.39737065309584396,1,False
EG10585,METHYLENETHFREDUCT-MONOMER[c],0.3975826972010178,1,False
EG11241,EG11241-MONOMER[c],0.3983248515691264,1,False
G6104,G6104-MONOMER[p],0.39991518235793044,1,False
G7293,MALIC-NADP-MONOMER[c],0.40023324851569125,1,False
EG12332,EG12332-MONOMER[c],0.4003392705682782,1,False
G7663,G7663-MONOMER[c],0.4003392705682782,1,False
EG10368,ERYTH4PDEHYDROG-MONOMER[c],0.40097540288379985,1,False
EG10810,CTPSYN-MONOMER[c],0.4028837998303647,1,False
EG11879,EG11879-MONOMER[c],0.4037319762510602,1,False
EG11881,EG11881-MONOMER[c],0.4037319762510602,2,False
EG10097,ASPS-MONOMER[c],0.40415606446140795,1,False
EG10224,DIACYLGLYKIN-MONOMER[i],0.40458015267175573,1,False
EG10697,EG10697-MONOMER[c],0.4067005937234945,1,False
EG10633,GLUCOSAMINE-6-P-DEAMIN-MONOMER[c],0.4079728583545377,1,False
EG11443,RIB5PISOMA-MONOMER[c],0.4079728583545377,1,False
EG12606,3-OXOACYL-ACP-SYNTHII-MONOMER[c],0.409245122985581,1,False
EG20173,PHOSACETYLTRANS-MONOMER[c],0.409245122985581,1,False
EG11056,EG11056-MONOMER[m],0.409245122985581,1,False
EG11057,EG11057-MONOMER[c],0.409245122985581,1,False
EG10759,PEPSYNTH-MONOMER[c],0.4100932994062765,1,False
EG11746,PANTOATE-BETA-ALANINE-LIG-MONOMER[c],0.41051738761662426,1,False
EG12146,EG12146-MONOMER[c],0.4122137404580153,2,False
EG10770,PROS-MONOMER[c],0.4122137404580153,1,False
G7192,G7192-MONOMER[c],0.41306191687871074,1,False
G6644,G6644-MONOMER[c],0.41327396098388464,1,False
EG12391,EG12391-MONOMER[c],0.41433418150975404,1,False
EG10583,CYSTATHIONINE-BETA-LYASE-MONOMER[c],0.41433418150975404,1,False
EG11098,EG11098-MONOMER[c],0.4159951936669494,1,False
EG11072,EG11072-MONOMER[c],0.4159951936669494,1,False
EG10745,PNTB-MONOMER[i],0.41603053435114506,1,False
EG10744,PNTA-MONOMER[i],0.41603053435114506,1,False
G7195,H2NTPEPIM-MONOMER[c],0.4167726887192536,1,False
G7028,G7028-MONOMER[i],0.41680802940344924,1,False
G377,G377-MONOMER[c],0.41680802940344924,1,False
G370,G370-MONOMER[i],0.41680802940344924,1,False
G378,G378-MONOMER[c],0.41680802940344924,1,False
EG11656,EG11656-MONOMER[c],0.41680802940344924,1,False
EG11975,EG11975-MONOMER[i],0.41680802940344924,1,False
EG11977,EG11977-MONOMER[i],0.41680802940344924,1,False
EG11976,EG11976-MONOMER[j],0.41680802940344924,1,False
EG11224,EG11224-MONOMER[j],0.41680802940344924,1,False
EG10959,ARGDECARBOXBIO-MONOMER[p],0.4173027989821883,1,False
EG10948,MALIC-NAD-MONOMER[c],0.4179389312977099,1,False
EG10244,EG10244-MONOMER[c],0.4184337008764489,1,False
EG11676,EG11676-MONOMER[c],0.41857506361323155,2,False
EG10461,EG10461-MONOMER[c],0.41857506361323155,1,False
EG10968,EG10968-MONOMER[m],0.41878710771840544,1,False
EG10338,PD00521[c],0.41899915182357933,1,False
G6543,G6543-MONOMER[o],0.4195646027707096,1,False
G6544,G6544-MONOMER[o],0.4195646027707096,1,False
EG10217,CARBOXYL-TRANSFERASE-BETA-MONOMER[c],0.4211195928753181,1,False
EG11647,CARBOXYL-TRANSFERASE-ALPHA-MONOMER[c],0.4211195928753181,1,False
EG11540,PD01343[c],0.4213316369804919,1,False
EG10045,ANSA-MONOMER[c],0.42217981340118743,1,False
EG11378,EG11378-MONOMER[c],0.42281594571670905,1,False
EG11190,PANTEPADENYLYLTRAN-MONOMER[c],0.42394684761096973,1,False
EG11934,APHA-MONOMER[p],0.4245122985581001,1,False
EG10428,PORPHOBILSYNTH-MONOMER[c],0.4254664970313825,1,False
EG12801,YRBF-MONOMER[i],0.42592592592592593,1,False
EG12800,YRBE-MONOMER[i],0.42592592592592593,1,False
EG12799,EG12799-MONOMER[i],0.42592592592592593,1,False
G7658,G7658-MONOMER[c],0.42592592592592593,1,False
EG11326,CYTDEAM-MONOMER[c],0.4264913768730562,1,False
EG10941,EG10941-MONOMER[c],0.4269720101781171,1,False
EG10844,EG10844-MONOMER[c],0.4270568278201866,2,False
EG10425,7-ALPHA-HYDROXYSTEROID-DEH-MONOMER[c],0.4279050042408821,1,False
EG10859,EG10859-MONOMER[m],0.42832909245122985,3,False
EG10004,EG10004-MONOMER[c],0.4284704551880124,1,False
G7005,G7005-MONOMER[c],0.4287531806615776,1,False
EG11406,RIBOFLAVIN-SYN-MONOMER[c],0.4291772688719253,1,False
EG10545,UDPNACETYLGLUCOSAMACYLTRANS-MONOMER[c],0.42917726887192537,1,False
EG11589,THIG-MONOMER[c],0.4297427198190557,1,False
EG11590,THIH-MONOMER[c],0.4297427198190557,1,False
EG10095,ASPARTASE-MONOMER[c],0.429813401187447,1,False
EG11666,EG11666-MONOMER[c],0.43073225897653383,1,False
EG11404,EG11404-MONOMER[c],0.43299406276505514,1,False
EG10567,MANX-MONOMER[c],0.4355385920271416,2,False
EG11396,EG11396-MONOMER[c],0.4355385920271416,1,False
EG10497,BRANCHED-CHAINAMINOTRANSFER-MONOMER[c],0.43582131750070685,1,False
G6106,G6106-MONOMER[c],0.4359626802374894,1,False
EG10550,ASPKINIII-MONOMER[c],0.43638676844783714,1,False
EG10186,CYSD-MONOMER[c],0.43638676844783714,1,False
EG10194,CYSN-MONOMER[c],0.43638676844783714,1,False
EG10998,ASPKINIHOMOSERDEHYDROGI-MONOMER[c],0.43808312128922816,1,False
EG10995,THIOESTERII-MONOMER[c],0.44232400339270567,1,False
G6842,SPERMACTRAN-MONOMER[c],0.4442324003392706,1,False
G7696,G7696-MONOMER[c],0.4444444444444444,1,False
G6913,G6913-MONOMER[c],0.4450805767599661,1,False
EG11596,MONOMER0-1501[c],0.446282160022618,1,False
EG10743,EG10743-MONOMER[c],0.44698897370653096,2,False
EG10463,EG10463-MONOMER[i],0.44783715012722647,1,False
EG10070,PD00194[c],0.4485439638111394,1,False
EG10190,BETACOMP-MONOMER[c],0.448579304495335,1,False
EG10191,ALPHACOMP-MONOMER[c],0.448579304495335,2,False
EG11192,EG11192-MONOMER[c],0.44882668928470454,1,False
EG10414,GPT-MONOMER[c],0.4499575911789652,1,False
EG10206,DIHYDROPICRED-MONOMER[c],0.45059372349448684,1,False
EG10409,GLYQ-MONOMER[c],0.45335029686174727,1,False
EG10798,AIRS-MONOMER[c],0.45335029686174727,1,False
EG10410,GLYS-MONOMER[c],0.45335029686174727,1,False
EG10511,HYDROPEROXIDI-MONOMER[c],0.4546225614927905,1,False
EG20098,HYPOXANPRIBOSYLTRAN-MONOMER[c],0.45525869380831213,1,False
EG11493,ADCLY-MONOMER[c],0.45589482612383375,1,False
G7129,FRUCBISALD-CLASSI-MONOMER[c],0.4569974554707379,1,False
EG10236,EG10236-MONOMER[c],0.4570257280180944,1,False
EG10151,CHEZ-MONOMER[c],0.457167090754877,1,False
EG10803,PKII-MONOMER[c],0.4580152671755725,1,False
EG11542,THIOESTERI-MONOMER[p],0.45949957591178964,1,False
EG11319,GLUC1PURIDYLTRANS-MONOMER[c],0.4599236641221374,1,False
EG10979,E1O-MONOMER[c],0.46112524738478944,2,False
EG10039,AMP-NUCLEOSID-MONOMER[c],0.46169069833191967,1,False
EG10306,EG10306-MONOMER[o],0.462086513994911,1,False
EG10293,EG10293-MONOMER[o],0.462086513994911,1,False
EG10126,EG10126-MONOMER[m],0.462086513994911,1,False
G6414,G6414-MONOMER[o],0.462086513994911,1,False
EG10272,EG10272-MONOMER[i],0.462086513994911,9,False
EG10286,EG10286-MONOMER[o],0.462086513994911,1,False
EG10302,EG10302-MONOMER[o],0.462086513994911,1,False
EG10271,EG10271-MONOMER[i],0.462086513994911,9,False
G6762,G6762-MONOMER[o],0.462086513994911,1,False
EG10155,EG10155-MONOMER[o],0.462086513994911,1,False
EG11012,EG11012-MONOMER[p],0.462086513994911,9,False
EG11428,UDHA-MONOMER[c],0.4625742154368109,1,False
EG11009,EG11009-MONOMER[m],0.46395250212044103,9,False
EG11105,EG11105-MONOMER[c],0.46480067854113655,1,False
EG10384,PROTEIN-PII[c],0.4667797568560927,1,False
EG10187,SERINE-O-ACETTRAN-MONOMER[c],0.4667797568560927,2,False
EG11180,EG11180-MONOMER[m],0.4675148430873622,1,False
G6379,G6379-MONOMER[c],0.46791065875035337,1,False
EG11835,EG11835-MONOMER[c],0.4681933842239186,1,False
EG10259,ENTA-MONOMER[c],0.46840542832909243,1,False
EG10263,ENTE-MONOMER[c],0.4686174724342663,1,False
EG10921,EG10921-MONOMER[c],0.46900621996041836,1,False
EG11539,UMPKI-MONOMER[c],0.4701724625388748,1,False
EG10113,EG10113-MONOMER[c],0.47031382527565735,1,False
EG11673,H2NEOPTERINALDOL-MONOMER[c],0.47031382527565735,1,False
EG11032,THIOREDOXIN-REDUCT-NADPH-MONOMER[c],0.47455470737913485,1,False
EG10793,PURE-MONOMER[c],0.4746607294317218,1,False
EG10205,DIHYDRODIPICSYN-MONOMER[c],0.47476675148430875,1,False
EG11314,ASL-MONOMER[c],0.47497879558948264,1,False
EG11322,LUMAZINESYN-MONOMER[c],0.47849872773536894,1,False
EG10156,EG10156-MONOMER[c],0.48006785411365566,3,False
EG10987,TAP-MONOMER[i],0.48346055979643765,1,False
EG11587,THIF-MONOMER[c],0.48430873621713316,1,False
EG11024,TRYPSYN-APROTEIN[c],0.4851569126378287,1,False
EG10134,CARBPSYN-SMALL[c],0.48854961832061067,1,False
EG10135,CARBPSYN-LARGE[c],0.48854961832061067,1,False
EG10838,EG10838-MONOMER[c],0.49041560644614085,1,False
EG10988,TAR-MONOMER[i],0.49363867684478374,1,False
EG12026,EG12026-MONOMER[c],0.4946988973706531,1,False
EG10158,EG10158-MONOMER[c],0.4955167817763238,4,False
EG10276,BIOTIN-CARBOXYL-MONOMER[c],0.4961832061068702,1,False
EG10518,KDO-8PSYNTH-MONOMER[c],0.49809160305343514,1,False
G7188,G7188-MONOMER[c],0.4992225049476958,1,False
EG10031,ADHE-MONOMER[c],0.5009541984732824,1,False
EG10552,LYSS-MONOMER[c],0.501696352841391,1,False
EG10769,PYRROLINECARBREDUCT-MONOMER[c],0.5021204410517388,1,False
EG11675,3-CH3-2-OXOBUTANOATE-OH-CH3-XFER-MONOMER[c],0.5024597116200169,1,False
EG10980,E2O-MONOMER[c],0.5036400904721516,2,False
EG10963,SPERMIDINESYN-MONOMER[c],0.5038167938931297,1,False
EG10274,FABB-MONOMER[c],0.5042408821034775,1,False
EG10320,EG10320-MONOMER[c],0.5048770144189991,1,False
EG10319,MONOMER0-2488[c],0.5048770144189991,1,False
EG10079,AROG-MONOMER[c],0.5059372349448685,1,False
EG10695,EG10695-MONOMER[c],0.5059372349448685,1,False
EG12345,EG12345-MONOMER[c],0.5061492790500424,1,False
EG12657,EG12657-MONOMER[c],0.5063613231552163,1,False
EG11819,FORMYLTHFDEFORMYL-MONOMER[c],0.5089058524173028,1,False
EG11368,NAPHTHOATE-SYN-MONOMER[c],0.5106022052586938,1,False
G6497,METHGLYSYN-MONOMER[c],0.511591744416172,1,False
EG11090,EG11090-MONOMER[c],0.5139949109414759,1,False
EG10420,GMP-SYN-MONOMER[c],0.518659881255301,1,False
EG10599,EG10599-MONOMER[c],0.5279898218829516,1,False
EG10600,EG10600-MONOMER[c],0.5279898218829516,1,False
EG11415,EG11415-MONOMER[m],0.5301809443030817,1,False
EG11025,TRYPSYN-BPROTEIN[c],0.5309584393553859,2,False
EG11427,TRANSKETOI-MONOMER[c],0.5351993214588634,1,False
EG10404,GLUSYNSMALL-MONOMER[c],0.5351993214588634,2,False
EG10403,GLUSYNLARGE-MONOMER[c],0.5351993214588634,2,False
EG10316,UDPHYDROXYMYRGLUCOSAMNACETYLTRANS-MONO[c],0.5385920271416454,1,False
EG10103,ATPF-MONOMER[i],0.5385920271416454,3,False
EG10051,ADENPRIBOSYLTRAN-MONOMER[c],0.539440203562341,1,False
EG10699,6PFK-1-MONOMER[c],0.5417726887192537,1,False
G7865,G7865-MONOMER[c],0.546225614927905,1,False
EG10982,SUCCCOASYN-ALPHA[c],0.5483460559796438,1,False
EG10981,SUCCCOASYN-BETA[c],0.5483460559796438,1,False
EG10603,EG10603-MONOMER[c],0.5504664970313825,1,False
EG11034,TSR-MONOMER[i],0.5508905852417303,1,False
EG11001,THRS-MONOMER[c],0.5517387616624257,1,False
EG10707,CHORISMUTPREPHENDEHYDRAT-MONOMER[c],0.553011026293469,1,False
EG10663,NAD-SYNTH-MONOMER[c],0.5559796437659033,1,False
EG10845,EG10845-MONOMER[c],0.556403731976251,1,False
EG10421,IMP-DEHYDROG-MONOMER[c],0.5570398642917727,1,False
EG10774,PRPPSYN-MONOMER[c],0.560503251342946,1,False
EG10702,PGLUCISOM[c],0.5619168787107719,1,False
Unknown,ARCB-CPLX[i],0.5716709075487701,1,False
Unknown,OXYGEN-MOLECULE[p],0.5716709075487701,1,False
EG10022,ISOCIT-LYASE-MONOMER[c],0.5771840542832909,1,False
EG10756,PEPCARBOX-MONOMER[c],0.5786683630195081,1,False
EG50005,DIHYDROPTERIREDUCT-MONOMER[c],0.5801526717557252,1,False
EG10438,EG10438-MONOMER[c],0.5819903873338989,1,False
G7325,G7325-MONOMER[c],0.5877862595419847,2,False
EG10947,SERS-MONOMER[c],0.5937234944868532,1,False
EG10383,GLUTAMINESYN-MONOMER[c],0.598035057958722,1,False
EG10325,PD00197[c],0.6017811704834606,1,False
EG10024,E1P-MONOMER[c],0.6085665818490246,2,False
EG10396,GLPF-MONOMER[i],0.6157760814249363,1,False
EG11318,3-OXOACYL-ACP-REDUCT-MONOMER[c],0.6221374045801527,1,False
EG10125,EG10125-MONOMER[c],0.63019508057676,1,False
EG10411,6PGLUCONDEHYDROG-MONOMER[c],0.6310432569974554,1,False
EG10091,ASNSYNA-MONOMER[c],0.6314673452078032,1,False
EG12272,MONOMER-43[c],0.6344359626802375,1,False
EG10589,S-ADENMETSYN-MONOMER[c],0.6448261238337574,1,False
EG10068,ARGSUCCINSYN-MONOMER[c],0.647370653095844,1,False
EG11332,URACIL-PRIBOSYLTRANS-MONOMER[c],0.6474413344642351,1,False
EG10098,ATPA-MONOMER[m],0.6601639807746679,3,False
EG11375,GTP-CYCLOHYDRO-I-MONOMER[c],0.6796437659033079,1,False
EG10937,SECB[c],0.6829940627650551,1,False
G7716,G7716-MONOMER[p],0.6836301950805768,1,False
EG10791,SAICARSYN-MONOMER[c],0.6847610969748373,1,False
EG10806,DIHYDROOROT-MONOMER[c],0.7014418999151824,1,False
EG10581,HOMSUCTRAN-MONOMER[c],0.7022900763358778,1,False
EG10101,ATPD-MONOMER[m],0.7087927622278768,3,False
G7657,G7657-MONOMER[c],0.7090754877014419,1,False
EG12181,EG12181-MONOMER[c],0.7090754877014419,3,False
G6891,GLYOXI-MONOMER[c],0.7090754877014419,1,False
EG10102,ATPE-MONOMER[i],0.7125530110262935,3,False
EG10804,PKI-MONOMER[c],0.7160729431721798,1,False
EG10164,PD00257[c],0.7264631043256997,2,False
EG12159,EG12159-MONOMER[c],0.7336726039016115,1,False
EG10372,GDHA-MONOMER[c],0.7425784563189143,1,False
EG10402,CITSYN-MONOMER[c],0.7482329657902178,1,False
EG10094,ASNS-MONOMER[c],0.7519083969465649,1,False
EG11284,FABZ-MONOMER[m],0.7687305626236924,1,False
EG10184,PD00232[c],0.7762934690415606,1,False
EG10650,NUCLEOSIDE-DIP-KIN-MONOMER[c],0.7835029686174725,1,False
EG11111,EG11111-MONOMER[c],0.7854113655640373,1,False
EG10441,PD00348[c],0.8015267175572519,1,False
EG10440,PD00347[c],0.8015267175572519,1,False
EG10273,FABA-MONOMER[c],0.8104325699745547,1,False
EG10398,GLYCEROL-KIN-MONOMER[c],0.8259117896522477,1,False
EG10787,PTSG-MONOMER[i],0.8303647158608991,2,False
EG10165,CRR-MONOMER[c],0.8303647158608991,3,False
G0-9662,MONOMER0-1701[c],0.8740458015267175,1,False
EG10790,ADENYLOSUCCINATE-SYN-MONOMER[c],0.8782866836301951,1,False
EG10894,RPOB-MONOMER[c],0.8880407124681934,1,False
EG10893,EG10893-MONOMER[c],0.8880407124681934,1,False
EG10895,RPOC-MONOMER[c],0.8880407124681934,1,False
EG11100,EG11100-MONOMER[c],0.9033078880407125,1,False
G7885,G7885-MONOMER[c],0.926208651399491,1,False
EG10944,PGLYCDEHYDROG-MONOMER[c],0.9272688719253604,1,False
EG11528,ENOYL-ACP-REDUCT-NADH-MONOMER[c],0.9334181509754029,1,False
EG10701,PYRUVFORMLY-MONOMER[c],0.943596268023749,1,False
EG11577,3-ISOPROPYLMALDEHYDROG-MONOMER[c],0.9495335029686175,1,False
G6895,G6895-MONOMER[c],0.9631043256997456,1,False
EG12319,EG12319-MONOMER[c],0.9796437659033079,1,False
EG10755,INORGPYROPHOSPHAT-MONOMER[c],1.057817359344077,1,True
EG10811,ASPCARBREG-MONOMER[c],1.087362171331637,2,True
EG10455,EG10455-MONOMER[c],1.095561210065027,1,True
EG10805,ASPCARBCAT-MONOMER[c],1.0995193666949394,2,True
EG10180,CYOC-MONOMER[i],1.1331636980491941,1,True
EG10178,CYOA-MONOMER[i],1.1331636980491941,1,True
EG10179,CYOB-MONOMER[i],1.1331636980491941,1,True
EG10181,CYOD-MONOMER[i],1.1331636980491941,1,True
EG10789,PTSI-MONOMER[c],1.1365564037319762,1,True
EG10588,PD04032[c],1.1407972858354538,2,True
Unknown,ADENINE[c],1.1407972858354538,1,True
EG10946,PSERTRANSAM-MONOMER[c],1.1424936386768447,1,True
EG10258,ENOLASE-MONOMER[c],1.1530958439355385,2,True
EG10096,ASPAMINOTRANS-MONOMER[c],1.1649703138252756,1,True
Unknown,GLY[c],1.2128922815945717,2,True
EG11149,EG11149-MONOMER[c],1.2128922815945717,1,True
EG10543,E3-MONOMER[c],1.2230703986429177,3,True
EG11015,TPI-MONOMER[c],1.2417302798982188,1,True
EG11663,EG11663-MONOMER[c],1.3015267175572518,1,True
EG11878,EG11878-MONOMER[c],1.316793893129771,1,True
EG10416,EG10416-MONOMER[c],1.3256997455470738,1,True
EG10282,FRUCTBISALD-CLASSII-MONOMER[c],1.4020356234096691,1,True
G7748,G7748-MONOMER[c],1.4300254452926209,1,True
EG10207,MONOMER0-2001[c],1.4648006785411365,1,True
EG11575,LEUD-MONOMER[c],1.5122985581000847,1,True
EG11576,LEUC-MONOMER[c],1.5122985581000847,1,True
EG10495,KETOLREDUCTOISOM-MONOMER[c],1.585665818490246,1,True
EG10088,ASP-SEMIALDEHYDE-DEHYDROGENASE-MONOMER[c],1.5949957591178965,1,True
G7877,G7877-MONOMER[c],1.609838846480068,1,True
EG10317,PD00196[c],1.6187446988973706,1,True
EG11556,TRANSALDOLB-MONOMER[c],1.70186598812553,1,True
EG10408,GLYOHMETRANS-MONOMER[c],1.8282442748091603,1,True
EG10576,MALATE-DEHASE-MONOMER[c],1.9893977947413062,1,True
EG10192,ACSERLYA-MONOMER[c],2.1823579304495335,2,True
EG11447,EG11447-MONOMER[c],2.4953350296861747,4,True
EG11699,GPMA-MONOMER[c],3.4185750636132317,1,True
EG10953,SUPEROX-DISMUTMN-MONOMER[c],3.5335029686174724,1,True
EG11615,BASR-MONOMER[c],3.6412213740458017,1,True
EG11390,EG11390-MONOMER[m],4.0245971162001695,1,True
EG10489,ISOCITDEH-SUBUNIT[c],4.132739609838847,1,True
EG12630,PD03585[c],4.383375742154368,1,True
Unknown,GLUCONATE[c],4.383375742154368,1,True
G6660,G6660-MONOMER[c],4.409245122985581,1,True
EG11042,PD00413[c],4.590330788804072,2,True
Unknown,PHE[c],4.590330788804072,1,True
Unknown,TYR[c],4.590330788804072,1,True
EG10367,GAPDH-A-MONOMER[c],4.943172179813401,1,True
Unknown,PYRUVATE[c],5.687871077184054,3,True
EG10491,PD04099[c],5.687871077184054,1,True
EG10871,EG10871-MONOMER[c],5.980067854113655,2,True
EG10671,EG10671-MONOMER[o],8.636415040995194,1,True
Unknown,CPLX0-7740[c],9.538592027141645,1,True
Unknown,CYTIDINE[c],9.538592027141645,1,True
EG10466,EG10466-MONOMER[c],11.607294317217981,2,True
EG10467,EG10467-MONOMER[c],11.607294317217981,1,True
Unknown,ADP-D-GLUCOSE[c],11.680237489397795,1,True
G7133,G7133-MONOMER[c],11.680237489397795,1,True
EG10873,EG10873-MONOMER[c],12.419423240033927,3,True
Unknown,CPLX0-8168[i],14.52078032230704,1,True
Unknown,CA+2[p],14.52078032230704,1,True
Unknown,PUTA-CPLX[c],18.657336726039016,1,True
Unknown,PRO[c],18.657336726039016,1,True
EG12179,EG12179-MONOMER[c],18.857506361323153,1,True
Unknown,ACETOACETYL-COA[c],21.821034775233247,1,True
EG10281,PD01520[c],21.821034775233247,1,True
G7071,G7071-MONOMER[c],41.625106022052584,1,True
Unknown,APS[c],41.625106022052584,1,True
EG10728,PHOB-MONOMER[c],48.883799830364715,1,True
Unknown,S-ADENOSYLMETHIONINE[c],53.74893977947413,2,True
Unknown,CPLX0-7796APO[c],53.74893977947413,2,True
Unknown,LYS[c],75.55810008481764,1,True
Unknown,CPLX0-7669[c],75.55810008481764,1,True
G7826,DCUR-MONOMER[c],93.82442748091603,1,True
EG11617,BAES-MONOMER[i],93.97285835453775,3,True
Unknown,TRP[c],110.37234944868533,1,True
Unknown,PC00007[c],110.37234944868533,1,True
EG11618,BAER-MONOMER[c],123.7370653095844,1,True
Unknown,PC00005[c],158.62680237489397,1,True
Unknown,ARG[c],158.62680237489397,1,True
EG10643,NARL-MONOMER[c],285.70992366412213,1,True
EG10731,PHOP-MONOMER[c],376.72773536895676,1,True
EG10547,PD00353[c],460.02205258693806,1,True
Unknown,LEU[c],460.02205258693806,1,True
Unknown,PC00033[c],534.8922815945717,1,True
Unknown,HYPOXANTHINE[c],534.8922815945717,1,True
Unknown,CAMP[c],1892.2154368108565,1,True
Unknown,PC00004[c],1892.2154368108565,1,True
EG10061,ARCA-MONOMER[c],3284.203562340967,1,True
Unknown,Pi[c],444603.63867684477,17,True
