tu,coef_full,coef_seedA_train,coef_seedB_train,abs_full,abs_seedA_train,abs_seedB_train,coef_mean,coef_std,stability_score,abs_mean
tu_available__TU0-13135[c],0.8633882919646831,0.9234464465390406,0.8033301373903203,0.8633882919646831,0.9234464465390406,0.8033301373903203,0.8633882919646814,0.060058154574360145,0.8633882919646814,0.8633882919646814
tu_available__TU0-14004[c],0.8633882919646816,0.9234464465390402,0.8033301373903207,0.8633882919646816,0.9234464465390402,0.8033301373903207,0.8633882919646808,0.06005815457435976,0.8633882919646808,0.8633882919646808
tu_available__EG10901_RNA[c],0.8633882919646799,0.9234464465390415,0.80333013739032,0.8633882919646799,0.9234464465390415,0.80333013739032,0.8633882919646805,0.060058154574360756,0.8633882919646805,0.8633882919646805
tu_available__TU0-14399[c],0.8633882919646805,0.9234464465390404,0.8033301373903203,0.8633882919646805,0.9234464465390404,0.8033301373903203,0.8633882919646805,0.060058154574360034,0.8633882919646805,0.8633882919646805
tu_available__TU0-7842[c],0.8633882919646807,0.92344644653904,0.8033301373903203,0.8633882919646807,0.92344644653904,0.8033301373903203,0.8633882919646804,0.06005815457435981,0.8633882919646804,0.8633882919646804
tu_available__TU0-13593[c],0.8633882919646825,0.9234464465390393,0.8033301373903191,0.8633882919646825,0.9234464465390393,0.8033301373903191,0.8633882919646804,0.06005815457436009,0.8633882919646804,0.8633882919646804
tu_available__TU0-13444[c],0.8633882919646816,0.9234464465390393,0.8033301373903199,0.8633882919646816,0.9234464465390393,0.8033301373903199,0.8633882919646801,0.0600581545743597,0.8633882919646801,0.8633882919646801
tu_available__TU0-14654[c],0.8633882919646806,0.9234464465390398,0.80333013739032,0.8633882919646806,0.9234464465390398,0.80333013739032,0.8633882919646801,0.06005815457435992,0.8633882919646801,0.8633882919646801
tu_available__TU0-13080[c],0.8633882919646806,0.9234464465390404,0.8033301373903197,0.8633882919646806,0.9234464465390404,0.8033301373903197,0.8633882919646801,0.06005815457436037,0.8633882919646801,0.8633882919646801
tu_available__TU00060[c],0.8633882919646798,0.9234464465390402,0.80333013739032,0.8633882919646798,0.9234464465390402,0.80333013739032,0.86338829196468,0.06005815457436009,0.86338829196468,0.86338829196468
tu_available__TU0-14634[c],0.86338829196468,0.9234464465390402,0.8033301373903199,0.86338829196468,0.9234464465390402,0.8033301373903199,0.86338829196468,0.060058154574360145,0.86338829196468,0.86338829196468
tu_available__TU0-42202[c],0.8633882919646799,0.92344644653904,0.8033301373903203,0.8633882919646799,0.92344644653904,0.8033301373903203,0.86338829196468,0.06005815457435981,0.86338829196468,0.86338829196468
tu_available__TU00055[c],0.8633882919646793,0.9234464465390404,0.80333013739032,0.8633882919646793,0.9234464465390404,0.80333013739032,0.8633882919646799,0.0600581545743602,0.8633882919646799,0.8633882919646799
tu_available__TU0-13519[c],0.8633882919646785,0.9234464465390406,0.8033301373903206,0.8633882919646785,0.9234464465390406,0.8033301373903206,0.8633882919646799,0.060058154574360034,0.8633882919646799,0.8633882919646799
tu_available__TU0-6441[c],0.8633882919646796,0.9234464465390397,0.8033301373903202,0.8633882919646796,0.9234464465390397,0.8033301373903202,0.8633882919646799,0.06005815457435976,0.8633882919646799,0.8633882919646799
tu_available__TU0-1021[c],0.863388291964682,0.9234464465390387,0.8033301373903192,0.863388291964682,0.9234464465390387,0.8033301373903192,0.8633882919646799,0.06005815457435976,0.8633882919646799,0.8633882919646799
tu_available__TU0-5061[c],0.8633882919646804,0.92344644653904,0.8033301373903197,0.8633882919646804,0.92344644653904,0.8033301373903197,0.8633882919646799,0.060058154574360145,0.8633882919646799,0.8633882919646799
tu_available__TU0-13935[c],0.8633882919646797,0.9234464465390402,0.8033301373903197,0.8633882919646797,0.9234464465390402,0.8033301373903197,0.8633882919646799,0.060058154574360256,0.8633882919646799,0.8633882919646799
tu_available__TU0-13557[c],0.8633882919646796,0.9234464465390395,0.8033301373903203,0.8633882919646796,0.9234464465390395,0.8033301373903203,0.8633882919646799,0.06005815457435959,0.8633882919646799,0.8633882919646799
tu_available__TU0-14255[c],0.8633882919646795,0.9234464465390397,0.8033301373903199,0.8633882919646795,0.9234464465390397,0.8033301373903199,0.8633882919646797,0.06005815457435992,0.8633882919646797,0.8633882919646797
tu_available__TU00178[c],0.8633882919646807,0.9234464465390388,0.8033301373903198,0.8633882919646807,0.9234464465390388,0.8033301373903198,0.8633882919646797,0.060058154574359535,0.8633882919646797,0.8633882919646797
tu_available__TU0-14467[c],0.86338829196468,0.9234464465390393,0.80333013739032,0.86338829196468,0.9234464465390393,0.80333013739032,0.8633882919646797,0.060058154574359646,0.8633882919646797,0.8633882919646797
tu_available__TU0-6481[c],0.86338829196468,0.9234464465390391,0.8033301373903201,0.86338829196468,0.9234464465390391,0.8033301373903201,0.8633882919646797,0.06005815457435948,0.8633882919646797,0.8633882919646797
tu_available__TU00058[c],0.8633882919646798,0.9234464465390395,0.8033301373903199,0.8633882919646798,0.9234464465390395,0.8033301373903199,0.8633882919646797,0.06005815457435981,0.8633882919646797,0.8633882919646797
tu_available__TU00061[c],0.8633882919646798,0.9234464465390395,0.8033301373903199,0.8633882919646798,0.9234464465390395,0.8033301373903199,0.8633882919646797,0.06005815457435981,0.8633882919646797,0.8633882919646797
tu_available__TU0-14257[c],0.8633882919646798,0.9234464465390395,0.8033301373903193,0.8633882919646798,0.9234464465390395,0.8033301373903193,0.8633882919646796,0.06005815457436009,0.8633882919646796,0.8633882919646796
tu_available__TU0-8477[c],0.8633882919646794,0.9234464465390393,0.8033301373903199,0.8633882919646794,0.9234464465390393,0.8033301373903199,0.8633882919646796,0.0600581545743597,0.8633882919646796,0.8633882919646796
tu_available__TU00054[c],0.86338829196468,0.9234464465390395,0.8033301373903194,0.86338829196468,0.9234464465390395,0.8033301373903194,0.8633882919646796,0.060058154574360034,0.8633882919646796,0.8633882919646796
tu_available__TU00357[c],0.8633882919646789,0.9234464465390397,0.8033301373903203,0.8633882919646789,0.9234464465390397,0.8033301373903203,0.8633882919646796,0.0600581545743597,0.8633882919646796,0.8633882919646796
tu_available__TU00192[c],0.8633882919646796,0.9234464465390394,0.8033301373903199,0.8633882919646796,0.9234464465390394,0.8033301373903199,0.8633882919646796,0.06005815457435976,0.8633882919646796,0.8633882919646796
tu_available__TU0-7341[c],0.8633882919646796,0.9234464465390395,0.8033301373903198,0.8633882919646796,0.9234464465390395,0.8033301373903198,0.8633882919646796,0.06005815457435987,0.8633882919646796,0.8633882919646796
tu_available__TU0-6653[c],0.8633882919646805,0.9234464465390391,0.8033301373903191,0.8633882919646805,0.9234464465390391,0.8033301373903191,0.8633882919646796,0.06005815457435998,0.8633882919646796,0.8633882919646796
tu_available__TU0-6409[c],0.8633882919646798,0.9234464465390392,0.8033301373903197,0.8633882919646798,0.9234464465390392,0.8033301373903197,0.8633882919646796,0.06005815457435976,0.8633882919646796,0.8633882919646796
tu_available__TU0-6660[c],0.8633882919646807,0.9234464465390391,0.8033301373903189,0.8633882919646807,0.9234464465390391,0.8033301373903189,0.8633882919646796,0.06005815457436009,0.8633882919646796,0.8633882919646796
tu_available__TU00347[c],0.8633882919646794,0.9234464465390394,0.8033301373903198,0.8633882919646794,0.9234464465390394,0.8033301373903198,0.8633882919646796,0.06005815457435981,0.8633882919646796,0.8633882919646796
tu_available__TU00336[c],0.8633882919646807,0.9234464465390391,0.8033301373903189,0.8633882919646807,0.9234464465390391,0.8033301373903189,0.8633882919646796,0.06005815457436009,0.8633882919646796,0.8633882919646796
tu_available__TU00281[c],0.8633882919646797,0.9234464465390396,0.8033301373903196,0.8633882919646797,0.9234464465390396,0.8033301373903196,0.8633882919646796,0.060058154574360034,0.8633882919646796,0.8633882919646796
tu_available__TU00484[c],0.8633882919646799,0.9234464465390391,0.8033301373903197,0.8633882919646799,0.9234464465390391,0.8033301373903197,0.8633882919646796,0.06005815457435971,0.8633882919646796,0.8633882919646796
tu_available__TU0-5522[c],0.8633882919646804,0.9234464465390394,0.8033301373903192,0.8633882919646804,0.9234464465390394,0.8033301373903192,0.8633882919646796,0.06005815457436009,0.8633882919646796,0.8633882919646796
tu_available__TU0-14042[c],0.8633882919646809,0.9234464465390391,0.8033301373903189,0.8633882919646809,0.9234464465390391,0.8033301373903189,0.8633882919646796,0.06005815457436009,0.8633882919646796,0.8633882919646796
tu_available__TU0-6562[c],0.8633882919646805,0.9234464465390391,0.8033301373903194,0.8633882919646805,0.9234464465390391,0.8033301373903194,0.8633882919646796,0.06005815457435981,0.8633882919646796,0.8633882919646796
tu_available__TU0-8323[c],0.863388291964679,0.9234464465390394,0.8033301373903199,0.863388291964679,0.9234464465390394,0.8033301373903199,0.8633882919646795,0.06005815457435976,0.8633882919646795,0.8633882919646795
tu_available__TU0-6501[c],0.8633882919646783,0.9234464465390402,0.8033301373903198,0.8633882919646783,0.9234464465390402,0.8033301373903198,0.8633882919646795,0.0600581545743602,0.8633882919646795,0.8633882919646795
tu_available__TU0-6482[c],0.8633882919646789,0.9234464465390397,0.8033301373903196,0.8633882919646789,0.9234464465390397,0.8033301373903196,0.8633882919646795,0.06005815457436009,0.8633882919646795,0.8633882919646795
tu_available__TU00008[c],0.8633882919646789,0.9234464465390394,0.8033301373903199,0.8633882919646789,0.9234464465390394,0.8033301373903199,0.8633882919646795,0.06005815457435976,0.8633882919646795,0.8633882919646795
tu_available__TU00056[c],0.8633882919646788,0.923446446539039,0.8033301373903206,0.8633882919646788,0.923446446539039,0.8033301373903206,0.8633882919646795,0.0600581545743592,0.8633882919646795,0.8633882919646795
tu_available__TU0-198747[c],0.8633882919646791,0.9234464465390393,0.8033301373903199,0.8633882919646791,0.9234464465390393,0.8033301373903199,0.8633882919646795,0.0600581545743597,0.8633882919646795,0.8633882919646795
tu_available__TU00256[c],0.8633882919646793,0.9234464465390395,0.8033301373903194,0.8633882919646793,0.9234464465390395,0.8033301373903194,0.8633882919646795,0.060058154574360034,0.8633882919646795,0.8633882919646795
tu_available__TU0-7281[c],0.8633882919646796,0.9234464465390391,0.8033301373903193,0.8633882919646796,0.9234464465390391,0.8033301373903193,0.8633882919646793,0.06005815457435987,0.8633882919646793,0.8633882919646793
tu_available__TU00185[c],0.8633882919646791,0.9234464465390391,0.8033301373903198,0.8633882919646791,0.9234464465390391,0.8033301373903198,0.8633882919646793,0.060058154574359646,0.8633882919646793,0.8633882919646793
tu_available__TU0-8472[c],0.8633882919646791,0.9234464465390391,0.8033301373903197,0.8633882919646791,0.9234464465390391,0.8033301373903197,0.8633882919646793,0.0600581545743597,0.8633882919646793,0.8633882919646793
tu_available__TU361[c],0.8633882919646796,0.9234464465390388,0.8033301373903194,0.8633882919646796,0.9234464465390388,0.8033301373903194,0.8633882919646793,0.0600581545743597,0.8633882919646793,0.8633882919646793
tu_available__TU0-5501[c],0.8633882919646786,0.9234464465390394,0.8033301373903199,0.8633882919646786,0.9234464465390394,0.8033301373903199,0.8633882919646793,0.06005815457435976,0.8633882919646793,0.8633882919646793
tu_available__TU0-6506[c],0.8633882919646797,0.9234464465390388,0.8033301373903192,0.8633882919646797,0.9234464465390388,0.8033301373903192,0.8633882919646793,0.06005815457435981,0.8633882919646793,0.8633882919646793
tu_available__TU00337[c],0.8633882919646791,0.9234464465390391,0.8033301373903197,0.8633882919646791,0.9234464465390391,0.8033301373903197,0.8633882919646793,0.0600581545743597,0.8633882919646793,0.8633882919646793
tu_available__TU00340[c],0.8633882919646787,0.9234464465390395,0.8033301373903196,0.8633882919646787,0.9234464465390395,0.8033301373903196,0.8633882919646793,0.06005815457435998,0.8633882919646793,0.8633882919646793
tu_available__TU00094[c],0.8633882919646787,0.9234464465390393,0.8033301373903197,0.8633882919646787,0.9234464465390393,0.8033301373903197,0.8633882919646793,0.06005815457435981,0.8633882919646793,0.8633882919646793
tu_available__TU0-8492[c],0.8633882919646794,0.9234464465390388,0.8033301373903194,0.8633882919646794,0.9234464465390388,0.8033301373903194,0.8633882919646793,0.0600581545743597,0.8633882919646793,0.8633882919646793
tu_available__TU00057[c],0.8633882919646791,0.9234464465390393,0.8033301373903192,0.8633882919646791,0.9234464465390393,0.8033301373903192,0.8633882919646793,0.060058154574360034,0.8633882919646793,0.8633882919646793
tu_available__TU0-42478[c],0.863388291964678,0.9234464465390395,0.8033301373903192,0.863388291964678,0.9234464465390395,0.8033301373903192,0.863388291964679,0.060058154574360145,0.863388291964679,0.863388291964679
tu_available__TU00352[c],0.86338829196468,0.9234464465390384,0.8033301373903188,0.86338829196468,0.9234464465390384,0.8033301373903188,0.863388291964679,0.06005815457435981,0.863388291964679,0.863388291964679
tu_available__TU00082[c],0.863388291964679,0.9234464465390391,0.8033301373903192,0.863388291964679,0.9234464465390391,0.8033301373903192,0.863388291964679,0.06005815457435992,0.863388291964679,0.863388291964679
tu_available__TU0-6886[c],0.8633882919646788,0.9234464465390392,0.803330137390319,0.8633882919646788,0.9234464465390392,0.803330137390319,0.863388291964679,0.06005815457436009,0.863388291964679,0.863388291964679
tu_available__TU0-45156[c],0.8633882919646776,0.92344644653904,0.8033301373903197,0.8633882919646776,0.92344644653904,0.8033301373903197,0.863388291964679,0.060058154574360145,0.863388291964679,0.863388291964679
tu_available__TU00334[c],0.8633882919646791,0.9234464465390388,0.8033301373903189,0.8633882919646791,0.9234464465390388,0.8033301373903189,0.863388291964679,0.06005815457435998,0.863388291964679,0.863388291964679
tu_available__TU00351[c],0.863388291964678,0.9234464465390396,0.8033301373903194,0.863388291964678,0.9234464465390396,0.8033301373903194,0.863388291964679,0.06005815457436009,0.863388291964679,0.863388291964679
tu_available__TU00348[c],0.8633882919646776,0.9234464465390393,0.8033301373903199,0.8633882919646776,0.9234464465390393,0.8033301373903199,0.863388291964679,0.0600581545743597,0.863388291964679,0.863388291964679
tu_available__TU0-8493[c],0.8633882919646793,0.9234464465390384,0.803330137390319,0.8633882919646793,0.9234464465390384,0.803330137390319,0.8633882919646788,0.0600581545743597,0.8633882919646788,0.8633882919646788
tu_available__TU0-13642[c],0.8633882919646787,0.9234464465390386,0.8033301373903191,0.8633882919646787,0.9234464465390386,0.8033301373903191,0.8633882919646788,0.06005815457435976,0.8633882919646788,0.8633882919646788
tu_available__TU00346[c],0.8633882919646794,0.9234464465390384,0.8033301373903189,0.8633882919646794,0.9234464465390384,0.8033301373903189,0.8633882919646788,0.06005815457435976,0.8633882919646788,0.8633882919646788
tu_available__TU0-42628[c],0.8633882919646795,0.9234464465390386,0.8033301373903184,0.8633882919646795,0.9234464465390386,0.8033301373903184,0.8633882919646788,0.06005815457436009,0.8633882919646788,0.8633882919646788
tu_available__TU0-14658[c],0.8633882919646771,0.9234464465390397,0.8033301373903194,0.8633882919646771,0.9234464465390397,0.8033301373903194,0.8633882919646787,0.060058154574360145,0.8633882919646787,0.8633882919646787
tu_available__TU0-13093[c],0.8633882919646761,0.92344644653904,0.8033301373903198,0.8633882919646761,0.92344644653904,0.8033301373903198,0.8633882919646787,0.06005815457436009,0.8633882919646787,0.8633882919646787
tu_available__TU00004[c],0.8633882919646789,0.9234464465390381,0.8033301373903186,0.8633882919646789,0.9234464465390381,0.8033301373903186,0.8633882919646786,0.06005815457435976,0.8633882919646786,0.8633882919646786
tu_available__TU00090[c],0.8633882919646777,0.9234464465390382,0.8033301373903187,0.8633882919646777,0.9234464465390382,0.8033301373903187,0.8633882919646781,0.06005815457435976,0.8633882919646781,0.8633882919646781
tu_available__EG10383_RNA[c],0.8633882919646767,0.9234464465390221,0.8033301373903078,0.8633882919646767,0.9234464465390221,0.8033301373903078,0.8633882919646689,0.06005815457435715,0.8633882919646689,0.8633882919646689
tu_available__TU00112[c],0.4471427040181192,0.5121288745516788,0.38215653348455947,0.4471427040181192,0.5121288745516788,0.38215653348455947,0.4471427040181191,0.06498617053355965,0.4471427040181191,0.4471427040181191
tu_available__TU00067[c],0.8633882919646798,4.440892098500626e-16,-1.6653345369377348e-16,0.8633882919646798,4.440892098500626e-16,1.6653345369377348e-16,0.28779609732156003,0.498477462780979,0.28779609732156003,0.28779609732156003
tu_available__TU0-6512[c],0.8633882919646789,2.8449465006019636e-16,3.469446951953614e-16,0.8633882919646789,2.8449465006019636e-16,3.469446951953614e-16,0.28779609732155986,0.4984774627809784,0.28779609732155986,0.28779609732155986
tu_available__TU00205[c],0.8633882919646787,-5.551115123125783e-17,0.0,0.8633882919646787,5.551115123125783e-17,0.0,0.2877960973215596,0.49847746278097843,0.2877960973215596,0.2877960973215596
tu_available__TU0-1[c],0.8633882919646789,-7.771561172376096e-16,-2.7755575615628914e-16,0.8633882919646789,7.771561172376096e-16,2.7755575615628914e-16,0.28779609732155925,0.49847746278097893,0.28779609732155925,0.28779609732155925
tu_available__TU0-8574[c],0.1525165220467792,0.20454548785343984,0.10048755624011993,0.1525165220467792,0.20454548785343984,0.10048755624011993,0.15251652204677968,0.05202896580665996,0.15251652204677968,0.15251652204677968
tu_available__TU00116[c],0.12705472234817833,0.2114458040649597,0.0426636406313993,0.12705472234817833,0.2114458040649597,0.0426636406313993,0.12705472234817908,0.0843910817167802,0.12705472234817908,0.12705472234817908
tu_available__TU0-14459[c],0.12360724621829991,0.2040039575873987,0.043210534849199525,0.12360724621829991,0.2040039575873987,0.043210534849199525,0.12360724621829938,0.0803967113690996,0.12360724621829938,0.12360724621829938
tu_available__TU0-14159[c],0.12123948514823946,0.2081459415106794,0.034333028785799136,0.12123948514823946,0.2081459415106794,0.034333028785799136,0.12123948514823933,0.08690645636244013,0.12123948514823933,0.12123948514823933
tu_available__TU0-1002[c],0.11609959437377756,0.23237374768847993,-0.00017455894092013977,0.11609959437377756,0.23237374768847993,0.00017455894092013977,0.1160995943737791,0.11627415331470004,0.1160995943737791,0.1160995943737791
tu_available__TU0-14509[c],0.11571348133205722,0.21569954594039872,0.015727416723718968,0.11571348133205722,0.21569954594039872,0.015727416723718968,0.11571348133205829,0.09998606460833988,0.11571348133205829,0.11571348133205829
tu_available__EG10016_RNA[c],0.11285414527644047,0.1858910924052095,0.03981719814768589,0.11285414527644047,0.1858910924052095,0.03981719814768589,0.11285414527644529,0.07303694712876181,0.11285414527644529,0.11285414527644529
tu_available__TU0-13552[c],0.11122764205212174,0.20720549979180042,0.01524978431243984,0.11122764205212174,0.20720549979180042,0.01524978431243984,0.11122764205212066,0.09597785773968029,0.11122764205212066,0.11122764205212066
tu_available__TU0-13883[c],0.11015557206984108,0.1370702799597591,0.08324086417991941,0.11015557206984108,0.1370702799597591,0.08324086417991941,0.11015557206983988,0.026914707889919842,0.11015557206983988,0.11015557206983988
tu_available__TU0-14454[c],0.10935111632562233,0.1915782103843199,0.027124022266919373,0.10935111632562233,0.1915782103843199,0.027124022266919373,0.10935111632562051,0.08222709405870027,0.10935111632562051,0.10935111632562051
tu_available__TU0-42569[c],0.10420878562434116,0.16793075531879897,0.04048681592987893,0.10420878562434116,0.16793075531879897,0.04048681592987893,0.1042087856243397,0.06372196969446002,0.1042087856243397,0.1042087856243397
tu_available__TU00087[c],0.10345069463580064,0.12261963390119787,0.08428175537039838,0.10345069463580064,0.12261963390119787,0.08428175537039838,0.10345069463579896,0.019168939265399747,0.10345069463579896,0.10345069463579896
tu_available__TU0-12797[c],0.10212613834049801,0.1491672508451991,0.0550850258358003,0.10212613834049801,0.1491672508451991,0.0550850258358003,0.10212613834049915,0.0470411125046994,0.10212613834049915,0.10212613834049915
tu_available__EG10214_RNA[c],0.10116084815964399,0.2338067133640811,-0.031485017044801555,0.10116084815964399,0.2338067133640811,0.031485017044801555,0.10116084815964117,0.13264586520444133,0.10116084815964117,0.10116084815964117
tu_available__TU0-45265[c],0.10109774839913957,0.0742579889119192,0.12793750788635944,0.10109774839913957,0.0742579889119192,0.12793750788635944,0.10109774839913939,0.026839759487220116,0.10109774839913939,0.10109774839913939
tu_available__TU0-13010[c],0.10069720241273468,0.17120091902363943,0.030193485801839476,0.10069720241273468,0.17120091902363943,0.030193485801839476,0.10069720241273787,0.07050371661089998,0.10069720241273787,0.10069720241273787
tu_available__TU0-4201[c],0.10019088974249957,0.14863393019915916,0.05174784928583931,0.10019088974249957,0.14863393019915916,0.05174784928583931,0.10019088974249934,0.048443040456659925,0.10019088974249934,0.10019088974249934
tu_available__TU00280[c],0.09810287275769994,0.13027798733075927,0.06592775818463914,0.09810287275769994,0.13027798733075927,0.06592775818463914,0.09810287275769945,0.03217511457306006,0.09810287275769945,0.09810287275769945
tu_available__TU00254[c],0.09397820851289979,0.16769314528451995,0.02026327174127973,0.09397820851289979,0.16769314528451995,0.02026327174127973,0.09397820851289983,0.07371493677162011,0.09397820851289983,0.09397820851289983
tu_available__TU0-198711[c],0.09337032976013915,0.18498863313179817,0.0017520263884788778,0.09337032976013915,0.18498863313179817,0.0017520263884788778,0.09337032976013872,0.09161830337165965,0.09337032976013872,0.09337032976013872
tu_available__TU164[c],0.09330247703627928,0.13786924449023863,0.048735709582318515,0.09330247703627928,0.13786924449023863,0.048735709582318515,0.09330247703627881,0.04456676745396006,0.09330247703627881,0.09330247703627881
tu_available__TU00220[c],0.09243307681469959,0.1998264452540392,-0.014960291624640909,0.09243307681469959,0.1998264452540392,0.014960291624640909,0.0924330768146993,0.10739336843934005,0.0924330768146993,0.0924330768146993
tu_available__TU0-13736[c],0.09174006179855726,0.12169457874612005,0.06178554485099992,0.09174006179855726,0.12169457874612005,0.06178554485099992,0.09174006179855908,0.029954516947560066,0.09174006179855908,0.09174006179855908
tu_available__TU0-13839[c],0.09131472197874038,0.1351859471333995,0.04744349682408003,0.09131472197874038,0.1351859471333995,0.04744349682408003,0.09131472197873997,0.04387122515465973,0.09131472197873997,0.09131472197873997
tu_available__TU0-13440[c],0.08951573571300048,0.08088656223995849,0.09814490918603877,0.08951573571300048,0.08088656223995849,0.09814490918603877,0.08951573571299924,0.008629173473040139,0.08951573571299924,0.08951573571299924
tu_available__EG10982_RNA[c],0.08917690755743946,0.17026303273919957,0.008090782375680505,0.08917690755743946,0.17026303273919957,0.008090782375680505,0.08917690755743984,0.08108612518175953,0.08917690755743984,0.08917690755743984
tu_available__TU0-14121[c],0.08899687896065911,0.1933446107757588,-0.015350852854440905,0.08899687896065911,0.1933446107757588,0.015350852854440905,0.088996878960659,0.10434773181509985,0.088996878960659,0.088996878960659
tu_available__TU0-12812[c],0.08815109864886045,0.15949372274927917,0.016808474548439478,0.08815109864886045,0.15949372274927917,0.016808474548439478,0.08815109864885969,0.07134262410041985,0.08815109864885969,0.08815109864885969
tu_available__TU0-3426[c],0.08791020351143847,0.13742260315127908,0.03839780387159933,0.08791020351143847,0.13742260315127908,0.03839780387159933,0.08791020351143897,0.049512399639839874,0.08791020351143897,0.08791020351143897
tu_available__TU0-13215[c],0.08647893878292276,0.05016430008935863,0.12279357747647937,0.08647893878292276,0.05016430008935863,0.12279357747647937,0.08647893878292025,0.03631463869356037,0.08647893878292025,0.08647893878292025
tu_available__TU0-7861[c],0.08628561816930014,0.15134750230320035,0.021223734035399677,0.08628561816930014,0.15134750230320035,0.021223734035399677,0.08628561816930007,0.06506188413390034,0.08628561816930007,0.08628561816930007
tu_available__TU00313[c],0.08484318909629943,0.17481275655263906,-0.005126378360040762,0.08484318909629943,0.17481275655263906,0.005126378360040762,0.08484318909629923,0.08996956745633991,0.08484318909629923,0.08484318909629923
tu_available__TU0-13783[c],0.08441481585365612,0.1942081734304801,-0.025378541723159675,0.08441481585365612,0.1942081734304801,0.025378541723159675,0.08441481585365884,0.10979335757681989,0.08441481585365884,0.08441481585365884
tu_available__TU00444[c],0.08220902555556012,0.1775093315381991,-0.013091280427080687,0.08220902555556012,0.1775093315381991,0.013091280427080687,0.08220902555555952,0.09530030598263989,0.08220902555555952,0.08220902555555952
tu_available__TU0-6425[c],0.08164502393184017,0.2072511934613987,-0.04396114559772124,0.08164502393184017,0.2072511934613987,0.04396114559772124,0.08164502393183921,0.12560616952955997,0.08164502393183921,0.08164502393183921
tu_available__TU0-13807[c],0.08141323266666109,0.16889459453603997,-0.006068129202719708,0.08141323266666109,0.16889459453603997,0.006068129202719708,0.08141323266666045,0.08748136186937984,0.08141323266666045,0.08141323266666045
tu_available__TU101[c],0.08012156929577982,0.11939165875727936,0.04085147983427975,0.08012156929577982,0.11939165875727936,0.04085147983427975,0.08012156929577964,0.039270089461499805,0.08012156929577964,0.08012156929577964
tu_available__TU0-13848[c],0.07970539160231824,0.10180300764887998,0.057607775555759994,0.07970539160231824,0.10180300764887998,0.057607775555759994,0.0797053916023194,0.022097616046559992,0.0797053916023194,0.0797053916023194
tu_available__TU0-14787[c],0.07914533879988045,0.1546001675204397,0.0036905100793196144,0.07914533879988045,0.1546001675204397,0.0036905100793196144,0.07914533879987992,0.07545482872056004,0.07914533879987992,0.07914533879987992
tu_available__TU0-13499[c],0.07869238860995958,0.12908249734860142,0.028302279871321792,0.07869238860995958,0.12908249734860142,0.028302279871321792,0.07869238860996093,0.05039010873863981,0.07869238860996093,0.07869238860996093
tu_available__TU0-42684[c],0.07845655304825522,0.13268122500095889,0.024231881095559155,0.07845655304825522,0.13268122500095889,0.024231881095559155,0.07845655304825776,0.054224671952699866,0.07845655304825776,0.07845655304825776
tu_available__TU0-13929[c],0.07730066424617893,0.14375202419267868,0.010849304299678786,0.07730066424617893,0.14375202419267868,0.010849304299678786,0.0773006642461788,0.06645135994649995,0.0773006642461788,0.0773006642461788
tu_available__TU0-4444[c],0.07725659765291931,0.13036130542871918,0.02415188987711936,0.07725659765291931,0.13036130542871918,0.02415188987711936,0.07725659765291928,0.05310470777579991,0.07725659765291928,0.07725659765291928
tu_available__TU0-4929[c],0.07677825653322129,0.16706981992463923,-0.013513306858201235,0.07677825653322129,0.16706981992463923,0.013513306858201235,0.07677825653321976,0.09029156339142025,0.07677825653321976,0.07677825653321976
tu_available__TU0-14291[c],0.0751743863679617,0.13550001893027908,0.014848753805639242,0.0751743863679617,0.13550001893027908,0.014848753805639242,0.07517438636796,0.06032563256231992,0.07517438636796,0.07517438636796
tu_available__TU0-13069[c],0.07509931244423979,0.11023605798515887,0.0399625669033192,0.07509931244423979,0.11023605798515887,0.0399625669033192,0.07509931244423929,0.035136745540919834,0.07509931244423929,0.07509931244423929
tu_available__TU00270[c],0.07454242124333851,0.16418130786323842,-0.01509646537656098,0.07454242124333851,0.16418130786323842,0.01509646537656098,0.07454242124333865,0.0896388866198997,0.07454242124333865,0.07454242124333865
tu_available__TU0-6569[c],0.07414349435280015,0.15387707748455914,-0.005590088778961444,0.07414349435280015,0.15387707748455914,0.005590088778961444,0.07414349435279928,0.0797335831317603,0.07414349435279928,0.07414349435279928
tu_available__TU0-14513[c],0.07409455198830042,0.11519853597180069,0.032990568004800325,0.07409455198830042,0.11519853597180069,0.032990568004800325,0.07409455198830048,0.04110398398350018,0.07409455198830048,0.07409455198830048
tu_available__TU0-13373[c],0.07397723165471652,0.1404829315702771,0.007471531739158127,0.07397723165471652,0.1404829315702771,0.007471531739158127,0.07397723165471724,0.06650569991555949,0.07397723165471724,0.07397723165471724
tu_available__TU0-14571[c],0.07365244955976091,0.12485621432303909,0.022448684796479212,0.07365244955976091,0.12485621432303909,0.022448684796479212,0.07365244955975973,0.05120376476327994,0.07365244955975973,0.07365244955975973
tu_available__TU00209[c],0.07149020951717941,0.18310534206947926,-0.040124923035121024,0.07149020951717941,0.18310534206947926,0.040124923035121024,0.07149020951717923,0.11161513255230014,0.07149020951717923,0.07149020951717923
tu_available__TU0-14536[c],0.07132595297669875,0.11692930276871974,0.025722603184680032,0.07132595297669875,0.11692930276871974,0.025722603184680032,0.07132595297669951,0.045603349792019854,0.07132595297669951,0.07132595297669951
tu_available__TU0-13077[c],0.0695550531954586,0.12439937157623815,0.014710734814678772,0.0695550531954586,0.12439937157623815,0.014710734814678772,0.0695550531954585,0.05484431838077969,0.0695550531954585,0.0695550531954585
tu_available__TU0-14396[c],0.0689193898385396,0.10914669820259953,0.028692081474480352,0.0689193898385396,0.10914669820259953,0.028692081474480352,0.06891938983853983,0.04022730836405959,0.06891938983853983,0.06891938983853983
tu_available__TU0-3741[c],0.06887170683666083,0.10618565471639935,0.03155775895692009,0.06887170683666083,0.10618565471639935,0.03155775895692009,0.0688717068366601,0.03731394787973963,0.0688717068366601,0.0688717068366601
tu_available__TU0-45255[c],0.06886217080691986,0.09660561525036035,0.04111872636348146,0.06886217080691986,0.09660561525036035,0.04111872636348146,0.06886217080692056,0.027743444443439447,0.06886217080692056,0.06886217080692056
tu_available__TU0-7163[c],0.067992714426419,0.12246889217579929,0.013516536677039503,0.067992714426419,0.12246889217579929,0.013516536677039503,0.06799271442641926,0.05447617774937989,0.06799271442641926,0.06799271442641926
tu_available__TU0-5981[c],0.06738173514395895,0.16417531694771956,-0.029411846659799734,0.06738173514395895,0.16417531694771956,0.029411846659799734,0.06738173514395959,0.09679358180375965,0.06738173514395959,0.06738173514395959
tu_available__TU0-12962[c],0.06723175749228072,0.1248106480109994,0.009652866973559179,0.06723175749228072,0.1248106480109994,0.009652866973559179,0.06723175749227976,0.05757889051872011,0.06723175749227976,0.06723175749227976
tu_available__TU00219[c],0.06719797999475913,0.12506388467543905,0.00933207531407948,0.06719797999475913,0.12506388467543905,0.00933207531407948,0.06719797999475922,0.057865904680679786,0.06719797999475922,0.06719797999475922
tu_available__TU0-13637[c],0.0667988016818371,0.10175538026915978,0.03184222309452045,0.0667988016818371,0.10175538026915978,0.03184222309452045,0.06679880168183912,0.03495657858731967,0.06679880168183912,0.06679880168183912
tu_available__TU0-14225[c],0.06660986019857817,0.1445852477761208,-0.011365527378958656,0.06660986019857817,0.1445852477761208,0.011365527378958656,0.0666098601985801,0.07797538757753973,0.0666098601985801,0.0666098601985801
tu_available__TU0-13284[c],0.06584583854609993,0.13022598731075868,0.0014656897814396552,0.06584583854609993,0.13022598731075868,0.0014656897814396552,0.06584583854609942,0.06438014876465951,0.06584583854609942,0.06584583854609942
tu_available__TU0-13627[c],0.06575462619354097,0.11361254272415938,0.01789670966291909,0.06575462619354097,0.11361254272415938,0.01789670966291909,0.06575462619353982,0.047857916530620145,0.06575462619353982,0.06575462619353982
tu_available__TU00144[c],0.06565945585157959,0.08413894107755898,0.04717997062559898,0.06565945585157959,0.08413894107755898,0.04717997062559898,0.06565945585157919,0.018479485225980002,0.06565945585157919,0.06565945585157919
tu_available__TU00001[c],0.06491527867619837,0.12902009618375873,0.0008104611686391705,0.06491527867619837,0.12902009618375873,0.0008104611686391705,0.06491527867619876,0.06410481750755978,0.06491527867619876,0.06491527867619876
tu_available__TU0-14356[c],0.06472659876857934,0.12155102708939933,0.007902170447759205,0.06472659876857934,0.12155102708939933,0.007902170447759205,0.0647265987685793,0.05682442832082006,0.0647265987685793,0.0647265987685793
tu_available__TU0-14049[c],0.06420023761427629,0.12157340904143907,0.006827066187119202,0.06420023761427629,0.12157340904143907,0.006827066187119202,0.06420023761427819,0.05737317142715993,0.06420023761427819,0.06420023761427819
tu_available__TU0-42568[c],0.06408908977697877,0.13264805369879948,-0.004469874144840347,0.06408908977697877,0.13264805369879948,0.004469874144840347,0.0640890897769793,0.06855896392181991,0.0640890897769793,0.0640890897769793
tu_available__TU0-7981[c],0.06398430772085933,0.10444732058699965,0.023521294854719765,0.06398430772085933,0.10444732058699965,0.023521294854719765,0.06398430772085958,0.040463012866139944,0.06398430772085958,0.06398430772085958
tu_available__TU0-14162[c],0.06386781393468105,0.12389167170359888,0.0038439561657595267,0.06386781393468105,0.12389167170359888,0.0038439561657595267,0.06386781393467982,0.06002385776891968,0.06386781393467982,0.06386781393467982
tu_available__TU0-42482[c],0.06360404434541883,0.13033024520759992,-0.0031221565167590115,0.06360404434541883,0.13033024520759992,0.0031221565167590115,0.06360404434541991,0.06672620086217947,0.06360404434541991,0.06360404434541991
tu_available__TU0-45291[c],0.06360404434542014,0.13033024520759925,-0.0031221565167601495,0.06360404434542014,0.13033024520759925,0.0031221565167601495,0.06360404434541975,0.0667262008621797,0.06360404434541975,0.06360404434541975
tu_available__TU0-45147[c],0.06360404434542041,0.13033024520759923,-0.003122156516760677,0.06360404434542041,0.13033024520759923,0.003122156516760677,0.06360404434541965,0.06672620086217995,0.06360404434541965,0.06360404434541965
tu_available__TU0-14143[c],0.06274710237564046,0.04002725342159896,0.08546695132967971,0.06274710237564046,0.04002725342159896,0.08546695132967971,0.06274710237563971,0.022719848954040375,0.06274710237563971,0.06274710237563971
tu_available__TU0-14161[c],0.062355510232020156,0.12284774590464068,0.0018632745593995526,0.062355510232020156,0.12284774590464068,0.0018632745593995526,0.06235551023202013,0.06049223567262056,0.06235551023202013,0.06235551023202013
tu_available__TU841[c],0.06219455162075932,0.15221237376635902,-0.027823270524839683,0.06219455162075932,0.15221237376635902,0.027823270524839683,0.06219455162075955,0.09001782214559935,0.06219455162075955,0.06219455162075955
tu_available__TU00455[c],0.06183155626182055,0.11383055925371943,0.00983255326991983,0.06183155626182055,0.11383055925371943,0.00983255326991983,0.06183155626181994,0.0519990029918998,0.06183155626181994,0.06183155626181994
tu_available__TU0-14506[c],0.06162666827543914,0.1619691360616785,-0.0387157995108007,0.06162666827543914,0.1619691360616785,0.0387157995108007,0.06162666827543898,0.1003424677862396,0.06162666827543898,0.06162666827543898
tu_available__TU00003[c],0.06126363160991996,0.11136623519843883,0.011161028021399205,0.06126363160991996,0.11136623519843883,0.011161028021399205,0.06126363160991933,0.05010260358851981,0.06126363160991933,0.06126363160991933
tu_available__TU0-42509[c],0.060814664663038004,0.17380864591884027,-0.05217931659275951,0.060814664663038004,0.17380864591884027,0.05217931659275951,0.060814664663039586,0.11299398125579989,0.060814664663039586,0.060814664663039586
tu_available__TU0-14099[c],0.06057167642351699,0.11805349438871943,0.0030898584583192445,0.06057167642351699,0.11805349438871943,0.0030898584583192445,0.06057167642351855,0.05748181796520009,0.06057167642351855,0.06057167642351855
tu_available__EG12662_RNA[c],0.06056950873589817,0.07660122290460043,0.04453779456720114,0.06056950873589817,0.07660122290460043,0.04453779456720114,0.06056950873589991,0.016031714168699647,0.06056950873589991,0.06056950873589991
tu_available__TU0-12963[c],0.05830417309103863,0.1084211041654786,0.00818724201659915,0.05830417309103863,0.1084211041654786,0.00818724201659915,0.058304173091038795,0.05011693107443972,0.058304173091038795,0.058304173091038795
tu_available__TU582[c],0.05807118945851872,0.13758925128371885,-0.021446872366681025,0.05807118945851872,0.13758925128371885,0.021446872366681025,0.05807118945851885,0.07951806182519994,0.05807118945851885,0.05807118945851885
tu_available__TU0-13209[c],0.0580236910326023,0.11030418814859955,0.005743193916599693,0.0580236910326023,0.11030418814859955,0.005743193916599693,0.058023691032600515,0.05228049711599993,0.058023691032600515,0.058023691032600515
tu_available__TU0-14394[c],0.05727292135542092,0.15325831812599847,-0.03871247541516104,0.05727292135542092,0.15325831812599847,0.03871247541516104,0.05727292135541945,0.09598539677057974,0.05727292135541945,0.05727292135541945
tu_available__TU0-14496[c],0.05710014729108173,0.13143423877163918,-0.01723394418948032,0.05710014729108173,0.13143423877163918,0.01723394418948032,0.0571001472910802,0.07433409148055975,0.0571001472910802,0.0571001472910802
tu_available__TU0-7521[c],0.056951310394799226,0.1037886668049594,0.010113953984639379,0.056951310394799226,0.1037886668049594,0.010113953984639379,0.05695131039479934,0.046837356410160014,0.05695131039479934,0.05695131039479934
tu_available__TU0-14472[c],0.05653232865648189,0.0969483593231992,0.01611629798975961,0.05653232865648189,0.0969483593231992,0.01611629798975961,0.05653232865648023,0.040416030666719796,0.05653232865648023,0.05653232865648023
tu_available__TU0-14254[c],0.05642361855989564,0.14426595265283934,-0.031418715533040875,0.05642361855989564,0.14426595265283934,0.031418715533040875,0.05642361855989803,0.08784233409294011,0.05642361855989803,0.05642361855989803
tu_available__TU0-13885[c],0.05622245875926127,0.06410144048147884,0.048343477037039756,0.05622245875926127,0.06410144048147884,0.048343477037039756,0.056222458759259956,0.007878981722219541,0.056222458759259956,0.056222458759259956
tu_available__TU0-6652[c],0.05604023495933694,0.12444594371675907,-0.012365473798080728,0.05604023495933694,0.12444594371675907,0.012365473798080728,0.05604023495933843,0.0684057087574199,0.05604023495933843,0.05604023495933843
tu_available__TU0-1063[c],0.055835958485696335,0.08578202142131938,0.025889895550079763,0.055835958485696335,0.08578202142131938,0.025889895550079763,0.05583595848569849,0.02994606293561981,0.05583595848569849,0.05583595848569849
tu_available__TU0-1881[c],0.05566106781611768,0.0839559185024395,0.027366217129799503,0.05566106781611768,0.0839559185024395,0.027366217129799503,0.055661067816118896,0.028294850686319997,0.055661067816118896,0.055661067816118896
tu_available__TU0-14521[c],0.05550012117323838,0.11867031599760036,-0.0076700736511201295,0.05550012117323838,0.11867031599760036,0.0076700736511201295,0.05550012117323954,0.06317019482436025,0.05550012117323954,0.05550012117323954
tu_available__TU524[c],0.05426404358003942,0.09210642559919957,0.016421661560879736,0.05426404358003942,0.09210642559919957,0.016421661560879736,0.05426404358003958,0.03784238201915992,0.05426404358003958,0.05426404358003958
tu_available__TU872[c],0.054168066698219636,0.13430824703603922,-0.025972113639601224,0.054168066698219636,0.13430824703603922,0.025972113639601224,0.05416806669821921,0.08014018033782022,0.05416806669821921,0.05416806669821921
tu_available__TU0-14538[c],0.054120991467601354,0.08924339515463964,0.018998587780560405,0.054120991467601354,0.08924339515463964,0.018998587780560405,0.054120991467600466,0.035122403687039616,0.054120991467600466,0.054120991467600466
tu_available__TU0-8301[c],0.05388494020919993,0.01894904537399955,0.08882083504439997,0.05388494020919993,0.01894904537399955,0.08882083504439997,0.053884940209199816,0.03493589483520021,0.053884940209199816,0.053884940209199816
tu_available__TU0-14176[c],0.053732826577619464,0.10883464841663909,-0.0013689952613999967,0.053732826577619464,0.10883464841663909,0.0013689952613999967,0.05373282657761952,0.055101821839019544,0.05373282657761952,0.05373282657761952
tu_available__TU00258[c],0.05352608755763863,0.07073059342427962,0.036321581690999916,0.05352608755763863,0.07073059342427962,0.036321581690999916,0.053526087557639386,0.017204505866639852,0.053526087557639386,0.053526087557639386
tu_available__TU00169[c],0.05349318762905886,0.12991872367080015,-0.022932348412680187,0.05349318762905886,0.12991872367080015,0.022932348412680187,0.05349318762905961,0.07642553604174017,0.05349318762905961,0.05349318762905961
tu_available__TU0-8610[c],0.053072169327359225,0.09852134315759944,0.007622995497120033,0.053072169327359225,0.09852134315759944,0.007622995497120033,0.053072169327359565,0.045449173830239706,0.053072169327359565,0.053072169327359565
tu_available__TU00039[c],0.05292312124374049,0.09583378654895855,0.010012455938518544,0.05292312124374049,0.09583378654895855,0.010012455938518544,0.05292312124373919,0.04291066530522,0.05292312124373919,0.05292312124373919
tu_available__TU0-13087[c],0.05160011034456065,0.10677742800876015,-0.0035772073196402576,0.05160011034456065,0.10677742800876015,0.0035772073196402576,0.051600110344560184,0.055177317664200205,0.051600110344560184,0.051600110344560184
tu_available__TU0-13792[c],0.051582983921097,0.08539307267867965,0.017772895163519445,0.051582983921097,0.08539307267867965,0.017772895163519445,0.0515829839210987,0.033810088757580105,0.0515829839210987,0.0515829839210987
tu_available__TU0-3501[c],0.05134720655051811,0.12759338067659942,-0.02489896757556015,0.05134720655051811,0.12759338067659942,0.02489896757556015,0.05134720655051913,0.07624617412607979,0.05134720655051913,0.05134720655051913
tu_available__TU0-4562[c],0.05128532586378065,0.13502776842215874,-0.03245711669460141,0.05128532586378065,0.13502776842215874,0.03245711669460141,0.051285325863779326,0.08374244255838008,0.051285325863779326,0.051285325863779326
tu_available__TU0-42499[c],0.05030108592641869,0.07740011048903911,0.023202061363799625,0.05030108592641869,0.07740011048903911,0.023202061363799625,0.05030108592641914,0.02709902456261974,0.05030108592641914,0.05030108592641914
tu_available__TU0-14313[c],0.05007268167371995,0.057420224945278875,0.04272513840215894,0.05007268167371995,0.057420224945278875,0.04272513840215894,0.050072681673719255,0.007347543271559967,0.050072681673719255,0.050072681673719255
tu_available__TU0-6631[c],0.04922100000683724,0.07494467301107954,0.023497327002599516,0.04922100000683724,0.07494467301107954,0.023497327002599516,0.049221000006838767,0.025723673004240014,0.049221000006838767,0.049221000006838767
tu_available__TU0-1601[c],0.04917918819959913,0.10491231182471994,-0.006553935425520019,0.04917918819959913,0.10491231182471994,0.006553935425520019,0.04917918819959968,0.05573312362511998,0.04917918819959968,0.04917918819959968
tu_available__TU00006[c],0.04888557167957852,0.09642337711343962,0.0013477662457199724,0.04888557167957852,0.09642337711343962,0.0013477662457199724,0.048885571679579375,0.047537805433859825,0.048885571679579375,0.048885571679579375
tu_available__TU0-45231[c],0.048697816678918676,0.11384598715703884,-0.016450353799201428,0.048697816678918676,0.11384598715703884,0.016450353799201428,0.0486978166789187,0.06514817047812013,0.0486978166789187,0.0486978166789187
tu_available__TU00373[c],0.04862972844881924,0.10401750123083867,-0.006758044333200847,0.04862972844881924,0.10401750123083867,0.006758044333200847,0.04862972844881902,0.055387772782019756,0.04862972844881902,0.04862972844881902
tu_available__TU0-4802[c],0.048404853662761066,0.013567356145799181,0.08324235117971887,0.048404853662761066,0.013567356145799181,0.08324235117971887,0.048404853662759706,0.034837497516959845,0.048404853662759706,0.048404853662759706
tu_available__TU0-42461[c],0.04772023533197933,0.15070719904199942,-0.05526672837804053,0.04772023533197933,0.15070719904199942,0.05526672837804053,0.04772023533197941,0.10298696371001997,0.04772023533197941,0.04772023533197941
tu_available__TU0-13100[c],0.04725023215031679,0.11077734786767901,-0.016276883567040823,0.04725023215031679,0.11077734786767901,0.016276883567040823,0.04725023215031832,0.06352711571735992,0.04725023215031832,0.04725023215031832
tu_available__TU0-12921[c],0.04723131447089762,0.07191208638072044,0.022550542561079828,0.04723131447089762,0.07191208638072044,0.022550542561079828,0.047231314470899295,0.024680771909820307,0.047231314470899295,0.047231314470899295
tu_available__TU0-6649[c],0.04649713217189802,0.17186103657107984,-0.07886677222728053,0.04649713217189802,0.17186103657107984,0.07886677222728053,0.04649713217189911,0.1253639043991802,0.04649713217189911,0.04649713217189911
tu_available__TU0-13078[c],0.04602686880492168,0.11196219017447923,-0.01990845256464041,0.04602686880492168,0.11196219017447923,0.01990845256464041,0.046026868804920164,0.06593532136955982,0.046026868804920164,0.046026868804920164
tu_available__TU0-14415[c],0.045396746197557875,0.09630643696991842,-0.005512944574800532,0.045396746197557875,0.09630643696991842,0.005512944574800532,0.04539674619755859,0.050909690772359475,0.04539674619755859,0.04539674619755859
tu_available__TU862[c],0.045348073252200055,0.09619715099303988,-0.005501004488639771,0.045348073252200055,0.09619715099303988,0.005501004488639771,0.045348073252200055,0.050849077740839826,0.045348073252200055,0.045348073252200055
tu_available__TU0-8343[c],0.044619867355678855,0.19597610428451886,-0.10673636957316096,0.044619867355678855,0.19597610428451886,0.10673636957316096,0.04461986735567892,0.15135623692883993,0.04461986735567892,0.04461986735567892
tu_available__TU00218[c],0.04458856873535871,0.12098852959571929,-0.03181139212500067,0.04458856873535871,0.12098852959571929,0.03181139212500067,0.04458856873535911,0.07639996086035998,0.04458856873535911,0.04458856873535911
tu_available__TU0-12827[c],0.04433958270108107,0.14887503669779933,-0.060195871295640344,0.04433958270108107,0.14887503669779933,0.060195871295640344,0.044339582701080016,0.10453545399671983,0.044339582701080016,0.044339582701080016
tu_available__TU00106[c],0.04401753945912082,0.1244829781551596,-0.03644789923692007,0.04401753945912082,0.1244829781551596,0.03644789923692007,0.04401753945912012,0.08046543869603984,0.04401753945912012,0.04401753945912012
tu_available__TU0-14474[c],0.044010639851037814,0.10596651758460002,-0.017945237882519893,0.044010639851037814,0.10596651758460002,0.017945237882519893,0.04401063985103931,0.061955877733559955,0.04401063985103931,0.04401063985103931
tu_available__TU0-12838[c],0.04363062038963865,0.12622136953787955,-0.03896012875860022,0.04363062038963865,0.12622136953787955,0.03896012875860022,0.04363062038963933,0.08259074914823988,0.04363062038963933,0.04363062038963933
tu_available__TU0-901[c],0.04360802031953992,0.08539893118259856,0.0018171094564780887,0.04360802031953992,0.08539893118259856,0.0018171094564780887,0.04360802031953886,0.041790910863060235,0.04360802031953886,0.04360802031953886
tu_available__TU0-12947[c],0.04313106183744189,0.1560630925691987,-0.06980096889432086,0.04313106183744189,0.1560630925691987,0.06980096889432086,0.043131061837439914,0.11293203073175978,0.043131061837439914,0.043131061837439914
tu_available__TU0-4961[c],0.04289214327965968,0.09075168935099923,-0.004967402791680425,0.04289214327965968,0.09075168935099923,0.004967402791680425,0.04289214327965949,0.047859546071339826,0.04289214327965949,0.04289214327965949
tu_available__TU0-13785[c],0.04281310323413495,0.0978090156226783,-0.012182809154400842,0.04281310323413495,0.0978090156226783,0.012182809154400842,0.04281310323413747,0.05499591238853957,0.04281310323413747,0.04281310323413747
tu_available__TU0-12810[c],0.042782570443620986,0.13855936836599886,-0.052994227478760925,0.042782570443620986,0.13855936836599886,0.052994227478760925,0.04278257044361964,0.09577679792237989,0.04278257044361964,0.04278257044361964
tu_available__TU0-14537[c],0.04177411480062229,0.12879922737419963,-0.04525099777295996,0.04177411480062229,0.12879922737419963,0.04525099777295996,0.041774114800620654,0.0870251125735798,0.041774114800620654,0.041774114800620654
tu_available__TU0-14783[c],0.0417337793776793,0.05809738392647967,0.02537017482887985,0.0417337793776793,0.05809738392647967,0.02537017482887985,0.04173377937767961,0.016363604548799912,0.04173377937767961,0.04173377937767961
tu_available__TU0-13189[c],0.041199809750817606,0.08130124602431868,0.0010983734773196557,0.041199809750817606,0.08130124602431868,0.0010983734773196557,0.04119980975081865,0.04010143627349951,0.04119980975081865,0.04119980975081865
tu_available__TU0-12831[c],0.041147816667481824,0.10033110313919899,-0.0180354698042407,0.041147816667481824,0.10033110313919899,0.0180354698042407,0.04114781666748004,0.059183286471719845,0.04114781666748004,0.04114781666748004
tu_available__TU0-14366[c],0.04108145358077828,0.08177997591539868,0.0003829312461589851,0.04108145358077828,0.08177997591539868,0.0003829312461589851,0.041081453580778644,0.04069852233461985,0.041081453580778644,0.041081453580778644
tu_available__TU0-13335[c],0.04098489367662231,0.09906988752503942,-0.017100100171800192,0.04098489367662231,0.09906988752503942,0.017100100171800192,0.04098489367662051,0.05808499384841981,0.04098489367662051,0.04098489367662051
tu_available__TU0-14018[c],0.04078491887933963,0.0034318344434398074,0.0781380033152402,0.04078491887933963,0.0034318344434398074,0.0781380033152402,0.04078491887933988,0.0373530844359002,0.04078491887933988,0.04078491887933988
tu_available__TU67[c],0.03998099016341905,0.11562228062027813,-0.03566030029344139,0.03998099016341905,0.11562228062027813,0.03566030029344139,0.0399809901634186,0.07564129045685976,0.0399809901634186,0.0399809901634186
tu_available__TU0-13651[c],-0.03951742233438388,0.027496658773798865,-0.10653150344256129,0.03951742233438388,0.027496658773798865,0.10653150344256129,-0.0395174223343821,0.06701408110818008,0.0395174223343821,0.0395174223343821
tu_available__TU0-42451[c],0.038730808209060136,0.12047393073311996,-0.043012314315000466,0.038730808209060136,0.12047393073311996,0.043012314315000466,0.03873080820905988,0.08174312252406021,0.03873080820905988,0.03873080820905988
tu_available__TU0-7162[c],0.038511131018399924,0.05960360513699953,0.017418656899799073,0.038511131018399924,0.05960360513699953,0.017418656899799073,0.03851113101839951,0.021092474118600227,0.03851113101839951,0.03851113101839951
tu_available__TU0-3602[c],0.03805954822565759,0.09260387045099983,-0.016484773999679736,0.03805954822565759,0.09260387045099983,0.016484773999679736,0.03805954822565923,0.05454432222533978,0.03805954822565923,0.03805954822565923
tu_available__TU0-13713[c],0.03804169770431587,0.06167187410759914,0.014411521301039398,0.03804169770431587,0.06167187410759914,0.014411521301039398,0.03804169770431814,0.02363017640327987,0.03804169770431814,0.03804169770431814
tu_available__TU0-4682[c],0.03794470322669968,0.040141630497959824,0.03574777595543982,0.03794470322669968,0.040141630497959824,0.03574777595543982,0.03794470322669977,0.002196927271260002,0.03794470322669977,0.03794470322669977
tu_available__TU0-45181[c],0.03787053131087817,0.12557936191499905,-0.04983829929324074,0.03787053131087817,0.12557936191499905,0.04983829929324074,0.03787053131087883,0.0877088306041199,0.03787053131087883,0.03787053131087883
tu_available__TU0-14120[c],0.03787029946529866,0.06527294742743867,0.010467651503159064,0.03787029946529866,0.06527294742743867,0.010467651503159064,0.037870299465298796,0.0274026479621398,0.037870299465298796,0.037870299465298796
tu_available__TU0-6884[c],0.037862183212019174,0.13752099438551993,-0.06179662796148089,0.037862183212019174,0.13752099438551993,0.06179662796148089,0.0378621832120194,0.09965881117350041,0.0378621832120194,0.0378621832120194
tu_available__TU0-8828[c],0.037072495049939785,0.11190002909183852,-0.03775503899196131,0.037072495049939785,0.11190002909183852,0.03775503899196131,0.037072495049939,0.07482753404189992,0.037072495049939,0.037072495049939
tu_available__TU00111[c],0.03676856710211973,0.13061363713811963,-0.057076502933880696,0.03676856710211973,0.13061363713811963,0.057076502933880696,0.03676856710211956,0.09384507003600016,0.03676856710211956,0.03676856710211956
tu_available__TU0-3645[c],0.03667937261507975,0.10803126830795934,-0.034672523077799805,0.03667937261507975,0.10803126830795934,0.034672523077799805,0.03667937261507976,0.07135189569287957,0.03667937261507976,0.03667937261507976
tu_available__TU0-13018[c],0.03665210968673788,0.04583050457436,0.0274737147991195,0.03665210968673788,0.04583050457436,0.0274737147991195,0.036652109686739126,0.00917839488762025,0.036652109686739126,0.036652109686739126
tu_available__TU0-4181[c],0.03630069936161856,0.07555259789423874,-0.0029511991710007845,0.03630069936161856,0.07555259789423874,0.0029511991710007845,0.03630069936161884,0.03925189853261976,0.03630069936161884,0.03630069936161884
tu_available__TU0-14642[c],0.0359965404271797,0.09232810548443943,-0.020335024630080772,0.0359965404271797,0.09232810548443943,0.020335024630080772,0.03599654042717945,0.0563315650572601,0.03599654042717945,0.03599654042717945
tu_available__TU00368[c],0.035924973226199586,0.10665045676080057,-0.03480051030839937,0.035924973226199586,0.10665045676080057,0.03480051030839937,0.03592497322620026,0.07072548353459997,0.03592497322620026,0.03592497322620026
tu_available__TU0-8862[c],0.03483176254704026,0.032617548239038896,0.03704597685503866,0.03483176254704026,0.032617548239038896,0.03704597685503866,0.03483176254703927,0.0022142143079998816,0.03483176254703927,0.03483176254703927
tu_available__TU0-8726[c],0.03479045050152024,0.06150268328003944,0.008078217722999187,0.03479045050152024,0.06150268328003944,0.008078217722999187,0.034790450501519625,0.026712232778520126,0.034790450501519625,0.034790450501519625
tu_available__TU0-13182[c],0.034607599630197716,0.049261454006399974,0.019953745254000704,0.034607599630197716,0.049261454006399974,0.019953745254000704,0.034607599630199465,0.014653854376199635,0.034607599630199465,0.034607599630199465
tu_available__TU0-3123[c],0.0346033738510271,0.10784636399195846,-0.03863961628992127,0.0346033738510271,0.10784636399195846,0.03863961628992127,0.034603373851021434,0.07324299014093986,0.034603373851021434,0.034603373851021434
tu_available__TU0-42616[c],0.03456434220209689,0.10812992470199898,-0.0390012402978005,0.03456434220209689,0.10812992470199898,0.0390012402978005,0.034564342202098454,0.07356558249989974,0.034564342202098454,0.034564342202098454
tu_available__TU0-8121[c],0.033894394102441744,0.10412107860491873,-0.03633229040004027,0.033894394102441744,0.10412107860491873,0.03633229040004027,0.03389439410244007,0.0702266845024795,0.03389439410244007,0.03389439410244007
tu_available__TU00321[c],0.033877931694118735,0.11388649411979909,-0.04613063073156118,0.033877931694118735,0.11388649411979909,0.04613063073156118,0.03387793169411888,0.08000856242568014,0.03387793169411888,0.03387793169411888
tu_available__TU00012[c],0.03361307362433899,0.1002801163723189,-0.033053969123641114,0.03361307362433899,0.1002801163723189,0.033053969123641114,0.03361307362433893,0.06666704274798001,0.03361307362433893,0.03361307362433893
tu_available__TU0-41760[c],0.03354705452322021,0.13302867721895903,-0.06593456817252089,0.03354705452322021,0.13302867721895903,0.06593456817252089,0.033547054523219454,0.09948162269573996,0.033547054523219454,0.033547054523219454
tu_available__TU0-6422[c],0.03343876338672014,0.06469264555883839,0.002184881214598644,0.03343876338672014,0.06469264555883839,0.002184881214598644,0.033438763386719056,0.03125388217211987,0.033438763386719056,0.033438763386719056
tu_available__TU00157[c],0.033220274275440664,0.13490889877727896,-0.0684683502264011,0.033220274275440664,0.13490889877727896,0.0684683502264011,0.033220274275439506,0.10168862450184003,0.033220274275439506,0.033220274275439506
tu_available__TU102[c],0.03290733182087885,0.09340932770675878,-0.027594664065001107,0.03290733182087885,0.09340932770675878,0.027594664065001107,0.03290733182087884,0.06050199588587994,0.03290733182087884,0.03290733182087884
tu_available__TU0-8765[c],0.03262701389597997,0.09990090366336007,-0.03464687587139936,0.03262701389597997,0.09990090366336007,0.03464687587139936,0.032627013895980224,0.06727388976737972,0.032627013895980224,0.032627013895980224
tu_available__TU0-5561[c],0.03229148098745946,0.06813595554623877,-0.0035529935713209115,0.03229148098745946,0.06813595554623877,0.0035529935713209115,0.032291480987459105,0.03584447455877984,0.032291480987459105,0.032291480987459105
tu_available__TU0-14417[c],0.031162435981920117,0.10866640040315984,-0.046341528439320545,0.031162435981920117,0.10866640040315984,0.046341528439320545,0.0311624359819198,0.07750396442124019,0.0311624359819198,0.0311624359819198
tu_available__TU0-12942[c],0.031157416719538977,0.05693861246435849,0.005376220974718925,0.031157416719538977,0.05693861246435849,0.005376220974718925,0.0311574167195388,0.025781195744819782,0.0311574167195388,0.0311574167195388
tu_available__TU00147[c],0.03078555244019915,0.05836161762143888,0.0032094872589593926,0.03078555244019915,0.05836161762143888,0.0032094872589593926,0.03078555244019914,0.027576065181239742,0.03078555244019914,0.03078555244019914
tu_available__TU0-2302[c],0.030411756555481423,0.06279233562395908,-0.0019688225130000125,0.030411756555481423,0.06279233562395908,0.0019688225130000125,0.030411756555480163,0.03238057906847955,0.030411756555480163,0.030411756555480163
tu_available__TU0-14151[c],0.030307044205258926,0.08019264395664041,-0.019578555546119397,0.030307044205258926,0.08019264395664041,0.019578555546119397,0.03030704420525998,0.049885599751379905,0.03030704420525998,0.03030704420525998
tu_available__TU00467[c],0.030094333017299107,0.1325417932529994,-0.07235312721840012,0.030094333017299107,0.1325417932529994,0.07235312721840012,0.030094333017299458,0.10244746023569976,0.030094333017299458,0.030094333017299458
tu_available__TU5[c],0.029974999657859713,0.08272508763455916,-0.022775088318841258,0.029974999657859713,0.08272508763455916,0.022775088318841258,0.029974999657859203,0.05275008797670021,0.029974999657859203,0.029974999657859203
tu_available__TU0-6623[c],0.029867260909499566,0.11512942391879846,-0.05539490209980111,0.029867260909499566,0.11512942391879846,0.05539490209980111,0.029867260909498972,0.08526216300929979,0.029867260909498972,0.029867260909498972
tu_available__TU0-13984[c],0.02967683079671979,0.11605813056575956,-0.05670446897232051,0.02967683079671979,0.11605813056575956,0.05670446897232051,0.02967683079671961,0.08638129976904003,0.02967683079671961,0.02967683079671961
tu_available__TU0-8745[c],0.029215912759379348,0.08164989079163859,-0.023218065272880978,0.029215912759379348,0.08164989079163859,0.023218065272880978,0.029215912759378987,0.052433978032259784,0.029215912759378987,0.029215912759378987
tu_available__TU0-0[c],0.028287875082960462,0.10765641790187852,-0.05108066773596054,0.028287875082960462,0.10765641790187852,0.05108066773596054,0.02828787508295948,0.07936854281891953,0.02828787508295948,0.02828787508295948
tu_available__TU0-3862[c],0.02816782371665949,0.06351145099847941,-0.007175803565160677,0.02816782371665949,0.06351145099847941,0.007175803565160677,0.028167823716659407,0.03534362728182004,0.028167823716659407,0.028167823716659407
tu_available__TU0-42571[c],0.027918700740538926,0.1371805575803993,-0.08134315609932083,0.027918700740538926,0.1371805575803993,0.08134315609932083,0.02791870074053913,0.10926185683986006,0.02791870074053913,0.02791870074053913
tu_available__TU00017[c],0.027447081660000427,0.06649590979151887,-0.011601746471520652,0.027447081660000427,0.06649590979151887,0.011601746471520652,0.02744708165999955,0.03904882813151976,0.02744708165999955,0.02744708165999955
tu_available__TU0-36414[c],0.02644643760209861,0.12067372714211924,-0.06778085193792052,0.02644643760209861,0.12067372714211924,0.06778085193792052,0.02644643760209911,0.09422728954001988,0.02644643760209911,0.02644643760209911
tu_available__TU0-13350[c],0.026374502712592507,0.04300568152271894,0.00974332390247945,0.026374502712592507,0.04300568152271894,0.00974332390247945,0.026374502712596965,0.016631178810119746,0.026374502712596965,0.026374502712596965
tu_available__TU0-8806[c],0.025855434729720655,0.12906088019747866,-0.07735001073804154,0.025855434729720655,0.12906088019747866,0.07735001073804154,0.025855434729719257,0.1032054454677601,0.025855434729719257,0.025855434729719257
tu_available__TU0-1547[c],0.02564163047087989,0.13140666195155964,-0.0801234010098007,0.02564163047087989,0.13140666195155964,0.0801234010098007,0.02564163047087961,0.10576503148068017,0.02564163047087961,0.02564163047087961
tu_available__TU0-12924[c],0.025574215785302445,0.09807185562047996,-0.046923424049879564,0.025574215785302445,0.09807185562047996,0.046923424049879564,0.025574215785300947,0.07249763983517976,0.025574215785300947,0.025574215785300947
tu_available__TU0-198873[c],0.025499901059640256,0.05396573205072014,-0.0029659299314401255,0.025499901059640256,0.05396573205072014,0.0029659299314401255,0.02549990105964009,0.028465830991080132,0.02549990105964009,0.02549990105964009
tu_available__TU0-13823[c],0.0251071053998409,0.10818767152259942,-0.05797346072292037,0.0251071053998409,0.10818767152259942,0.05797346072292037,0.025107105399839985,0.0830805661227599,0.025107105399839985,0.025107105399839985
tu_available__TU00214[c],0.07488995008886988,-8.673617379884035e-17,6.938893903907228e-17,0.07488995008886988,8.673617379884035e-17,6.938893903907228e-17,0.024963316696289956,0.04323773284340667,0.024963316696289956,0.024963316696289956
tu_available__TU0-13514[c],0.02484242424017885,0.002890450742038836,0.0467943977383192,0.02484242424017885,0.002890450742038836,0.0467943977383192,0.024842424240178962,0.02195197349814018,0.024842424240178962,0.024842424240178962
tu_available__TU0-1921[c],0.02464815912839924,0.09659851348067905,-0.04730219522388007,0.02464815912839924,0.09659851348067905,0.04730219522388007,0.024648159128399405,0.07195035435227956,0.024648159128399405,0.024648159128399405
tu_available__TU0-14629[c],0.024178931036458712,0.023377658765039888,0.024980203307880006,0.024178931036458712,0.023377658765039888,0.024980203307880006,0.024178931036459534,0.0008012722714200587,0.024178931036459534,0.024178931036459534
tu_available__TU0-198714[c],0.0239710913200806,0.0503768817478793,-0.002434699107721039,0.0239710913200806,0.0503768817478793,0.002434699107721039,0.02397109132007962,0.02640579042780017,0.02397109132007962,0.02397109132007962
tu_available__TU0-45222[c],-0.02390282225028012,0.009265103486279347,-0.05707074798684009,0.02390282225028012,0.009265103486279347,0.05707074798684009,-0.023902822250280287,0.03316792573655972,0.023902822250280287,0.023902822250280287
tu_available__TU0-14792[c],0.023870676944698577,0.12334374819143962,-0.07560239430204005,0.023870676944698577,0.12334374819143962,0.07560239430204005,0.02387067694469938,0.09947307124673983,0.02387067694469938,0.02387067694469938
tu_available__TU0-13987[c],0.023731645671901613,0.12044705443703901,-0.07298376309324017,0.023731645671901613,0.12044705443703901,0.07298376309324017,0.023731645671900153,0.0967154087651396,0.023731645671900153,0.023731645671900153
tu_available__TU00162[c],0.023360639373719017,0.12281207669675862,-0.076090797949321,0.023360639373719017,0.12281207669675862,0.076090797949321,0.023360639373718878,0.0994514373230398,0.023360639373718878,0.023360639373718878
tu_available__TU0-8360[c],0.02325532709249939,0.07008232842431944,-0.0235716742393193,0.02325532709249939,0.07008232842431944,0.0235716742393193,0.023255327092499844,0.04682700133181937,0.023255327092499844,0.023255327092499844
tu_available__TU00078[c],0.022639863418379785,0.0332369301373191,0.012042796699439084,0.022639863418379785,0.0332369301373191,0.012042796699439084,0.022639863418379324,0.010597066718940007,0.022639863418379324,0.022639863418379324
tu_available__TU0-14511[c],0.022630548570659242,0.10408405316147967,-0.05882295602015997,0.022630548570659242,0.10408405316147967,0.05882295602015997,0.02263054857065965,0.08145350459081982,0.02263054857065965,0.02263054857065965
tu_available__TU0-8473[c],0.022351437795958884,0.09236961066923915,-0.04766673507732089,0.022351437795958884,0.09236961066923915,0.04766673507732089,0.02235143779595905,0.07001817287328002,0.02235143779595905,0.02235143779595905
tu_available__TU0-13084[c],0.02215797844086076,0.0951508891234796,-0.05083493224176003,0.02215797844086076,0.0951508891234796,0.05083493224176003,0.02215797844086011,0.07299291068261982,0.02215797844086011,0.02215797844086011
tu_available__TU0-6021[c],0.02211553794114038,0.05590094951807939,-0.01166987363580077,0.02211553794114038,0.05590094951807939,0.01166987363580077,0.022115537941139667,0.03378541157694008,0.022115537941139667,0.022115537941139667
tu_available__TU00101[c],0.06429795975603002,-3.885780586188048e-16,-1.1102230246251565e-16,0.06429795975603002,3.885780586188048e-16,1.1102230246251565e-16,0.02143265325200984,0.0371224443734878,0.02143265325200984,0.02143265325200984
tu_available__TU00046[c],0.020882592534960415,0.09743131226627952,-0.05566612719636052,0.020882592534960415,0.09743131226627952,0.05566612719636052,0.020882592534959804,0.07654871973132002,0.020882592534959804,0.020882592534959804
tu_available__TU0-14547[c],0.0203590702483189,0.05722873818299895,-0.01651059768636079,0.0203590702483189,0.05722873818299895,0.01651059768636079,0.02035907024831902,0.03686966793467987,0.02035907024831902,0.02035907024831902
tu_available__TU0-6408[c],0.0198756498034805,0.040027445702279174,-0.00027614609532039536,0.0198756498034805,0.040027445702279174,0.00027614609532039536,0.01987564980347976,0.020151795898799785,0.01987564980347976,0.01987564980347976
tu_available__TU00115[c],0.0587553350569191,3.885780586188048e-16,1.6653345369377348e-16,0.0587553350569191,3.885780586188048e-16,1.6653345369377348e-16,0.019585111685639884,0.03392240851143874,0.019585111685639884,0.019585111685639884
tu_available__TU0-14819[c],0.01952848932317977,0.07417999831895955,-0.03512301967259995,0.01952848932317977,0.07417999831895955,0.03512301967259995,0.019528489323179788,0.054651508995779745,0.019528489323179788,0.019528489323179788
tu_available__TU0-5162[c],0.05827723944506934,4.926614671774132e-16,2.914335439641036e-16,0.05827723944506934,4.926614671774132e-16,2.914335439641036e-16,0.01942574648169004,0.03364637988123883,0.01942574648169004,0.01942574648169004
tu_available__TU00184[c],0.019401140533678807,0.055370965495318614,-0.016568684427961333,0.019401140533678807,0.055370965495318614,0.016568684427961333,0.019401140533678696,0.03596982496163997,0.019401140533678696,0.019401140533678696
tu_available__TU00117[c],0.05686241584688975,-1.3877787807814457e-17,2.3592239273284576e-16,0.05686241584688975,1.3877787807814457e-17,2.3592239273284576e-16,0.01895413861562999,0.032829531095974175,0.01895413861562999,0.01895413861562999
tu_available__TU0-45225[c],0.01706336405874101,0.05906616950484045,-0.0249394413873594,0.01706336405874101,0.05906616950484045,0.0249394413873594,0.017063364058740687,0.042002805446099925,0.017063364058740687,0.017063364058740687
tu_available__TU0-6635[c],0.05014319634503983,3.885780586188048e-16,-5.551115123125783e-17,0.05014319634503983,3.885780586188048e-16,5.551115123125783e-17,0.016714398781680056,0.028950187907836905,0.016714398781680056,0.016714398781680056
tu_available__TU0-13066[c],0.01635019145892108,0.07199201655719836,-0.039291633639360946,0.01635019145892108,0.07199201655719836,0.039291633639360946,0.0163501914589195,0.055641825098279654,0.0163501914589195,0.0163501914589195
tu_available__TU0-8773[c],0.01628812861541923,0.11900869184447849,-0.08643243461364114,0.01628812861541923,0.11900869184447849,0.08643243461364114,0.016288128615418857,0.10272056322905981,0.016288128615418857,0.016288128615418857
tu_available__TU0-8346[c],0.016204152729600213,0.029910230777519142,0.0024980746816786747,0.016204152729600213,0.029910230777519142,0.0024980746816786747,0.016204152729599342,0.013706078047920234,0.016204152729599342,0.016204152729599342
tu_available__TU00013[c],0.015525757729979522,0.0010723642131597044,0.029979151246800284,0.015525757729979522,0.0010723642131597044,0.029979151246800284,0.015525757729979836,0.01445339351682029,0.015525757729979836,0.015525757729979836
tu_available__TU0-13741[c],0.015409293802557678,0.09883081591380016,-0.06801222830867941,0.015409293802557678,0.09883081591380016,0.06801222830867941,0.015409293802559476,0.08342152211123978,0.015409293802559476,0.015409293802559476
tu_available__TU0-14158[c],0.015363578007898587,0.10015494876251949,-0.06942779274671962,0.015363578007898587,0.10015494876251949,0.06942779274671962,0.015363578007899484,0.08479137075461955,0.015363578007899484,0.015363578007899484
tu_available__TU0-3901[c],-0.015287013455760778,0.05579112828167898,-0.08636515519320176,0.015287013455760778,0.05579112828167898,0.08636515519320176,-0.015287013455761186,0.07107814173744037,0.015287013455761186,0.015287013455761186
tu_available__TU0-45229[c],0.015249336382980316,0.07647014081664044,-0.045971468050680586,0.015249336382980316,0.07647014081664044,0.045971468050680586,0.015249336382980058,0.061220804433660514,0.015249336382980058,0.015249336382980058
tu_available__TU0-13210[c],-0.014351335047363356,0.07643148368579916,-0.10513415378052018,0.014351335047363356,0.07643148368579916,0.10513415378052018,-0.01435133504736146,0.09078281873315967,0.01435133504736146,0.01435133504736146
tu_available__TU0-5402[c],-0.014204544312779954,0.07620131307635997,-0.1046104017019199,0.014204544312779954,0.07620131307635997,0.1046104017019199,-0.014204544312779963,0.09040585738913993,0.014204544312779963,0.014204544312779963
tu_available__TU0-13106[c],0.014131424798098702,0.08183296986479927,-0.053570120268599475,0.014131424798098702,0.08183296986479927,0.053570120268599475,0.014131424798099498,0.06770154506669937,0.014131424798099498,0.014131424798099498
tu_available__TU0-8793[c],0.014113598414579515,0.12725137668887954,-0.09902417985971959,0.014113598414579515,0.12725137668887954,0.09902417985971959,0.01411359841457982,0.11313777827429956,0.01411359841457982,0.01411359841457982
tu_available__TU0-198746[c],0.038081906090728423,-2.761679773755077e-15,-2.4147350785597155e-15,0.038081906090728423,2.761679773755077e-15,2.4147350785597155e-15,0.012693968696907748,0.0219865987327376,0.012693968696907748,0.012693968696907748
tu_available__TU00238[c],0.012408416868958577,0.107509633325999,-0.08269279958808118,0.012408416868958577,0.107509633325999,0.08269279958808118,0.0124084168689588,0.09510121645704009,0.0124084168689588,0.0124084168689588
tu_available__TU0-6630[c],0.011861013545459487,0.07592883264108025,-0.05220680555015958,0.011861013545459487,0.07592883264108025,0.05220680555015958,0.01186101354546005,0.06406781909561991,0.01186101354546005,0.01186101354546005
tu_available__TU0-5961[c],0.011754941909579097,0.03243482311680024,-0.008924939297640128,0.011754941909579097,0.03243482311680024,0.008924939297640128,0.011754941909579736,0.020679881207220183,0.011754941909579736,0.011754941909579736
tu_available__TU00146[c],0.011171669419980212,0.050814893410919215,-0.028471554570960816,0.011171669419980212,0.050814893410919215,0.028471554570960816,0.011171669419979538,0.039643223990940016,0.011171669419979538,0.011171669419979538
tu_available__TU0-1962[c],0.010725285006896734,0.07936204667579908,-0.05791147666200078,0.010725285006896734,0.07936204667579908,0.05791147666200078,0.010725285006898344,0.06863676166889993,0.010725285006898344,0.010725285006898344
tu_available__EG12663_RNA[c],0.010299851964721635,0.13461803862731958,-0.11401833469788053,0.010299851964721635,0.13461803862731958,0.11401833469788053,0.010299851964720228,0.12431818666260006,0.010299851964720228,0.010299851964720228
tu_available__TU0-14192[c],0.010107453834357988,0.08676845585531998,-0.06655354818660017,0.010107453834357988,0.08676845585531998,0.06655354818660017,0.010107453834359265,0.07666100202096007,0.010107453834359265,0.010107453834359265
tu_available__TU00128[c],0.009962938304819036,0.09656494132751942,-0.07663906471788093,0.009962938304819036,0.09656494132751942,0.07663906471788093,0.009962938304819174,0.08660200302270017,0.009962938304819174,0.009962938304819174
tu_available__TU00183[c],-0.009896619039840931,0.06489209518631861,-0.08468533326600083,0.009896619039840931,0.06489209518631861,0.08468533326600083,-0.009896619039841051,0.07478871422615972,0.009896619039841051,0.009896619039841051
tu_available__TU0-13565[c],0.009205953304137343,0.07286438121443886,-0.054452474606160595,0.009205953304137343,0.07286438121443886,0.054452474606160595,0.009205953304138537,0.06365842791029973,0.009205953304138537,0.009205953304138537
tu_available__TU0-42602[c],-0.008824211103780899,0.04075395725555997,-0.058402379463120796,0.008824211103780899,0.04075395725555997,0.058402379463120796,-0.008824211103780575,0.04957816835934038,0.008824211103780575,0.008824211103780575
tu_available__TU0-12833[c],0.00702017058150084,0.09303068902967926,-0.07899034786668063,0.00702017058150084,0.09303068902967926,0.07899034786668063,0.007020170581499822,0.08601051844817995,0.007020170581499822,0.007020170581499822
tu_available__TU00047[c],0.007013052070920123,0.037706375858039154,-0.02368027171620085,0.007013052070920123,0.037706375858039154,0.02368027171620085,0.007013052070919475,0.030693323787120003,0.007013052070919475,0.007013052070919475
tu_available__TU0-6485[c],0.007002786594601129,0.09564534746855957,-0.0816397742793609,0.007002786594601129,0.09564534746855957,0.0816397742793609,0.007002786594599936,0.08864256087396023,0.007002786594599936,0.007002786594599936
tu_available__TU0-13132[c],0.0069530664990586355,0.004642601959799542,0.009263531038319422,0.0069530664990586355,0.004642601959799542,0.009263531038319422,0.0069530664990592,0.0023104645392599404,0.0069530664990592,0.0069530664990592
tu_available__TU0-8772[c],0.005996007730978803,0.028639211571718948,-0.016647196109760204,0.005996007730978803,0.028639211571718948,0.016647196109760204,0.005996007730979182,0.022643203840739576,0.005996007730979182,0.005996007730979182
tu_available__TU00009[c],-0.005847280881479261,-0.010087905802680375,-0.0016066559602793407,0.005847280881479261,0.010087905802680375,0.0016066559602793407,-0.005847280881479659,0.004240624921200517,0.005847280881479659,0.005847280881479659
tu_available__TU0-198743[c],0.00575986827689981,0.05779178662427986,-0.046272050070479936,0.00575986827689981,0.05779178662427986,0.046272050070479936,0.0057598682768999114,0.0520319183473799,0.0057598682768999114,0.0057598682768999114
tu_available__TU0-13580[c],0.005759868276900337,0.05779178662427978,-0.04627205007048092,0.005759868276900337,0.05779178662427978,0.04627205007048092,0.005759868276899731,0.05203191834738035,0.005759868276899731,0.005759868276899731
tu_available__TU0-14693[c],0.005759868276900393,0.05779178662427942,-0.04627205007048063,0.005759868276900393,0.05779178662427942,0.04627205007048063,0.005759868276899727,0.052031918347380024,0.005759868276899727,0.005759868276899727
tu_available__TU0-14290[c],0.005759868276899172,0.05779178662427997,-0.04627205007048013,0.005759868276899172,0.05779178662427997,0.04627205007048013,0.005759868276899671,0.05203191834738005,0.005759868276899671,0.005759868276899671
tu_available__TU0-13837[c],-0.004947890587202353,0.020926885037039267,-0.030822666211440586,0.004947890587202353,0.020926885037039267,0.030822666211440586,-0.004947890587201224,0.025874775624239926,0.004947890587201224,0.004947890587201224
tu_available__TU0-13286[c],0.004935676438619224,0.08082904000392022,-0.07095768712667999,0.004935676438619224,0.08082904000392022,0.07095768712667999,0.004935676438619817,0.0758933635653001,0.004935676438619817,0.004935676438619817
tu_available__TU0-3581[c],0.0047641374320391006,0.08924979288923979,-0.07972151802516017,0.0047641374320391006,0.08924979288923979,0.07972151802516017,0.004764137432039572,0.08448565545719998,0.004764137432039572,0.004764137432039572
tu_available__TU21[c],-0.004702437179460339,0.06417462973103902,-0.07357950408996042,0.004702437179460339,0.06417462973103902,0.07357950408996042,-0.0047024371794605795,0.06887706691049972,0.0047024371794605795,0.0047024371794605795
tu_available__TU0-13539[c],0.004576875652799434,-0.015159372688800993,0.024313123994399777,0.004576875652799434,0.015159372688800993,0.024313123994399777,0.004576875652799406,0.019736248341600385,0.004576875652799406,0.004576875652799406
tu_available__TU0-14070[c],0.0031067943850768553,0.10153250482463971,-0.09531891605447973,0.0031067943850768553,0.10153250482463971,0.09531891605447973,0.003106794385078946,0.09842571043955972,0.003106794385078946,0.003106794385078946
tu_available__TU00109[c],0.002963802814559685,0.06371167479407952,-0.05778406916496043,0.002963802814559685,0.06371167479407952,0.05778406916496043,0.0029638028145595927,0.060747871979519974,0.0029638028145595927,0.0029638028145595927
tu_available__TU0-14640[c],0.002696987185738575,0.04892638330223881,-0.04353240893076102,0.002696987185738575,0.04892638330223881,0.04353240893076102,0.002696987185738788,0.04622939611649991,0.002696987185738788,0.002696987185738788
tu_available__TU0-8101[c],0.0013073904572403205,0.0769244999414393,-0.07430971902696021,0.0013073904572403205,0.0769244999414393,0.07430971902696021,0.0013073904572398025,0.07561710948419975,0.0013073904572398025,0.0013073904572398025
tu_available__TU0-8818[c],0.0009668887736391518,0.08619804279467994,-0.08426426524739983,0.0009668887736391518,0.08619804279467994,0.08426426524739983,0.0009668887736397532,0.08523115402103988,0.0009668887736397532,0.0009668887736397532
tu_available__TU0-14431[c],-0.0009566404975798193,0.01818559361807942,-0.020098874613240336,0.0009566404975798193,0.01818559361807942,0.020098874613240336,-0.0009566404975802448,0.01914223411565988,0.0009566404975802448,0.0009566404975802448
tu_available__TU0-13917[c],0.0005272105004995864,0.029897259148079613,-0.028842838147080357,0.0005272105004995864,0.029897259148079613,0.028842838147080357,0.0005272105004996142,0.029370048647579985,0.0005272105004996142,0.0005272105004996142
tu_available__TU344[c],0.0004886815904996678,0.07002926973755905,-0.0690519065565613,0.0004886815904996678,0.07002926973755905,0.0690519065565613,0.0004886815904991404,0.06954058814706017,0.0004886815904991404,0.0004886815904991404
tu_available__TU0-5186[c],-0.0003079084802399823,0.0607879862146794,-0.0614038031751602,0.0003079084802399823,0.0607879862146794,0.0614038031751602,-0.00030790848024025985,0.0610958946949198,0.00030790848024025985,0.00030790848024025985
