gene_id,RNA ID,Essentiality_ML_surrogate,ml_surrogate_bool,Rousset_all_strains_M9,rousset_bool,expected_category,criteria_match
EG11679,EG11679_RNA,0,False,0,False,expected_nonessential,True
EG11112,EG11112_RNA,0,False,0,False,expected_nonessential,True
EG11647,EG11647_RNA,0,False,1,True,expected_essential,False
EG10276,EG10276_RNA,0,False,1,True,expected_essential,False
EG10217,EG10217_RNA,0,False,1,True,expected_essential,False
EG10022,EG10022_RNA,0,False,0,False,expected_nonessential,True
EG10023,EG10023_RNA,0,False,0,False,expected_nonessential,True
EG10024,EG10024_RNA,0,False,0,False,expected_nonessential,True
EG10025,EG10025_RNA,0,False,0,False,expected_nonessential,True
EG10027,EG10027_RNA,0,False,0,False,expected_nonessential,True
EG11325,EG11325_RNA,0,False,0,False,expected_nonessential,True
EG12316,EG12316_RNA,0,False,0,False,expected_nonessential,True
EG11095,EG11095_RNA,0,False,0,False,expected_nonessential,True
EG10247,EG10247_RNA,0,False,0,False,expected_nonessential,True
EG12221,EG12221_RNA,0,False,0,False,expected_nonessential,True
EG11703,EG11703_RNA,0,False,0,False,expected_nonessential,True
EG11704,EG11704_RNA,0,False,0,False,expected_nonessential,True
EG11448,EG11448_RNA,0,False,0,False,expected_nonessential,True
EG10030,EG10030_RNA,0,False,0,False,expected_nonessential,True
EG11692,EG11692_RNA,0,False,0,False,expected_nonessential,True
EG10031,EG10031_RNA,0,False,0,False,expected_nonessential,True
G6775,G6775_RNA,0,False,0,False,expected_nonessential,True
EG11501,EG11501_RNA,0,False,0,False,expected_nonessential,True
EG10032,EG10032_RNA,1,True,1,True,expected_essential,True
EG11436,EG11436_RNA,0,False,0,False,expected_nonessential,True
EG11811,EG11811_RNA,0,False,0,False,expected_nonessential,True
G7184,G7184_RNA,0,False,0,False,expected_nonessential,True
G7242,G7242_RNA,0,False,0,False,expected_nonessential,True
G7399,G7399_RNA,0,False,0,False,expected_nonessential,True
EG10034,EG10034_RNA,1,True,1,True,expected_essential,True
EG10035,EG10035_RNA,0,False,0,False,expected_nonessential,True
EG12292,EG12292_RNA,0,False,0,False,expected_nonessential,True
G6281,G6281_RNA,0,False,0,False,expected_nonessential,True
G6285,G6285_RNA,0,False,0,False,expected_nonessential,True
G6284,G6284_RNA,0,False,0,False,expected_nonessential,True
EG10001,EG10001_RNA,0,False,0,False,expected_nonessential,True
EG11959,EG11959_RNA,0,False,0,False,expected_nonessential,True
EG12458,EG12458_RNA,0,False,0,False,expected_nonessential,True
EG11958,EG11958_RNA,0,False,0,False,expected_nonessential,True
EG11957,EG11957_RNA,0,False,0,False,expected_nonessential,True
EG11956,EG11956_RNA,0,False,0,False,expected_nonessential,True
EG10039,EG10039_RNA,0,False,0,False,expected_nonessential,True
EG11821,EG11821_RNA,0,False,0,False,expected_nonessential,True
EG10045,EG10045_RNA,0,False,0,False,expected_nonessential,True
EG10046,EG10046_RNA,0,False,0,False,expected_nonessential,True
G6764,G6764_RNA,0,False,0,False,expected_nonessential,True
EG10048,EG10048_RNA,0,False,0,False,expected_nonessential,True
EG11934,EG11934_RNA,0,False,0,False,expected_nonessential,True
EG10049,EG10049_RNA,0,False,0,False,expected_nonessential,True
EG11379,EG11379_RNA,0,False,0,False,expected_nonessential,True
EG11380,EG11380_RNA,0,False,0,False,expected_nonessential,True
EG10051,EG10051_RNA,0,False,0,False,expected_nonessential,True
EG13270,EG13270_RNA,0,False,0,False,expected_nonessential,True
EG10052,EG10052_RNA,0,False,0,False,expected_nonessential,True
EG10053,EG10053_RNA,0,False,0,False,expected_nonessential,True
EG10054,EG10054_RNA,0,False,0,False,expected_nonessential,True
EG10055,EG10055_RNA,0,False,0,False,expected_nonessential,True
EG10056,EG10056_RNA,0,False,0,False,expected_nonessential,True
EG10057,EG10057_RNA,0,False,0,False,expected_nonessential,True
EG10058,EG10058_RNA,0,False,0,False,expected_nonessential,True
EG10059,EG10059_RNA,0,False,0,False,expected_nonessential,True
EG10061,EG10061_RNA,0,False,0,False,expected_nonessential,True
EG10063,EG10063_RNA,1,True,0,False,expected_nonessential,False
EG10064,EG10064_RNA,1,True,1,True,expected_essential,True
EG10065,EG10065_RNA,1,True,1,True,expected_essential,True
EG10066,EG10066_RNA,0,False,0,False,expected_nonessential,True
EG11286,EG11286_RNA,1,True,0,False,expected_nonessential,False
EG10067,EG10067_RNA,0,False,0,False,expected_nonessential,True
EG10068,EG10068_RNA,1,True,1,True,expected_essential,True
EG11223,EG11223_RNA,1,True,1,True,expected_essential,True
EG10069,EG10069_RNA,0,False,0,False,expected_nonessential,True
EG10490,EG10490_RNA,0,False,0,False,expected_nonessential,True
EG10070,EG10070_RNA,0,False,0,False,expected_nonessential,True
EG10071,EG10071_RNA,1,True,1,True,expected_essential,True
EG10072,EG10072_RNA,0,False,0,False,expected_nonessential,True
G7168,G7168_RNA,0,False,0,False,expected_nonessential,True
G7166,G7166_RNA,0,False,0,False,expected_nonessential,True
EG10073,EG10073_RNA,1,True,1,True,expected_essential,True
EG10074,EG10074_RNA,1,True,1,True,expected_essential,True
EG10075,EG10075_RNA,1,True,1,True,expected_essential,True
EG10076,EG10076_RNA,1,True,1,True,expected_essential,True
EG10077,EG10077_RNA,0,False,1,True,expected_essential,False
EG10078,EG10078_RNA,0,False,0,False,expected_nonessential,True
EG10079,EG10079_RNA,0,False,0,False,expected_nonessential,True
EG10080,EG10080_RNA,0,False,0,False,expected_nonessential,True
EG10081,EG10081_RNA,0,False,1,True,expected_essential,False
EG10082,EG10082_RNA,0,False,0,False,expected_nonessential,True
EG10084,EG10084_RNA,0,False,0,False,expected_nonessential,True
EG12236,EG12236_RNA,0,False,0,False,expected_nonessential,True
EG12237,EG12237_RNA,0,False,0,False,expected_nonessential,True
EG11628,EG11628_RNA,0,False,0,False,expected_nonessential,True
EG11627,EG11627_RNA,0,False,0,False,expected_nonessential,True
EG11624,EG11624_RNA,0,False,0,False,expected_nonessential,True
EG11626,EG11626_RNA,0,False,0,False,expected_nonessential,True
EG10088,EG10088_RNA,1,True,0,False,expected_nonessential,False
EG10091,EG10091_RNA,0,False,0,False,expected_nonessential,True
EG10092,EG10092_RNA,0,False,0,False,expected_nonessential,True
EG10094,EG10094_RNA,1,True,1,True,expected_essential,True
EG10095,EG10095_RNA,0,False,0,False,expected_nonessential,True
EG10096,EG10096_RNA,0,False,0,False,expected_nonessential,True
EG10097,EG10097_RNA,1,True,1,True,expected_essential,True
G6943,G6943_RNA,0,False,0,False,expected_nonessential,True
G6941,G6941_RNA,0,False,0,False,expected_nonessential,True
G6944,G6944_RNA,0,False,0,False,expected_nonessential,True
G6942,G6942_RNA,0,False,0,False,expected_nonessential,True
G6940,G6940_RNA,0,False,0,False,expected_nonessential,True
EG11670,EG11670_RNA,0,False,0,False,expected_nonessential,True
EG11672,EG11672_RNA,0,False,0,False,expected_nonessential,True
EG11669,EG11669_RNA,0,False,0,False,expected_nonessential,True
EG10098,EG10098_RNA,1,True,0,False,expected_nonessential,False
EG10099,EG10099_RNA,1,True,0,False,expected_nonessential,False
EG10100,EG10100_RNA,1,True,0,False,expected_nonessential,False
EG10101,EG10101_RNA,1,True,0,False,expected_nonessential,False
EG10102,EG10102_RNA,1,True,0,False,expected_nonessential,False
EG10103,EG10103_RNA,1,True,0,False,expected_nonessential,False
EG10104,EG10104_RNA,1,True,0,False,expected_nonessential,False
EG10105,EG10105_RNA,1,True,0,False,expected_nonessential,False
EG10107,EG10107_RNA,0,False,0,False,expected_nonessential,True
G6731,G6731_RNA,0,False,0,False,expected_nonessential,True
EG11618,EG11618_RNA,0,False,0,False,expected_nonessential,True
EG11615,EG11615_RNA,0,False,0,False,expected_nonessential,True
EG10109,EG10109_RNA,0,False,0,False,expected_nonessential,True
EG10110,EG10110_RNA,0,False,0,False,expected_nonessential,True
EG10112,EG10112_RNA,0,False,0,False,expected_nonessential,True
EG10115,EG10115_RNA,0,False,0,False,expected_nonessential,True
G7948,G7948_RNA,0,False,0,False,expected_nonessential,True
EG10117,EG10117_RNA,0,False,0,False,expected_nonessential,True
EG10118,EG10118_RNA,0,False,0,False,expected_nonessential,True
EG10119,EG10119_RNA,0,False,0,False,expected_nonessential,True
EG10120,EG10120_RNA,0,False,0,False,expected_nonessential,True
EG10121,EG10121_RNA,0,False,0,False,expected_nonessential,True
EG10122,EG10122_RNA,0,False,0,False,expected_nonessential,True
EG10123,EG10123_RNA,0,False,0,False,expected_nonessential,True
EG10124,EG10124_RNA,0,False,0,False,expected_nonessential,True
EG12168,EG12168_RNA,0,False,0,False,expected_nonessential,True
EG10129,EG10129_RNA,0,False,0,False,expected_nonessential,True
EG10131,EG10131_RNA,0,False,0,False,expected_nonessential,True
EG10132,EG10132_RNA,0,False,0,False,expected_nonessential,True
EG12319,EG12319_RNA,0,False,1,True,expected_essential,False
EG10134,EG10134_RNA,1,True,1,True,expected_essential,True
EG10135,EG10135_RNA,1,True,1,True,expected_essential,True
EG10137,EG10137_RNA,0,False,0,False,expected_nonessential,True
EG10138,EG10138_RNA,0,False,0,False,expected_nonessential,True
EG10139,EG10139_RNA,0,False,1,True,expected_essential,False
EG11753,EG11753_RNA,0,False,0,False,expected_nonessential,True
EG10148,EG10148_RNA,0,False,0,False,expected_nonessential,True
G6344,G6344_RNA,0,False,0,False,expected_nonessential,True
EG12331,EG12331_RNA,0,False,0,False,expected_nonessential,True
EG11608,EG11608_RNA,0,False,0,False,expected_nonessential,True
G6406,G6406_RNA,0,False,0,False,expected_nonessential,True
G6551,G6551_RNA,0,False,0,False,expected_nonessential,True
EG11265,EG11265_RNA,0,False,0,False,expected_nonessential,True
EG10922,EG10922_RNA,0,False,0,False,expected_nonessential,True
EG11190,EG11190_RNA,0,False,1,True,expected_essential,False
EG12312,EG12312_RNA,0,False,0,False,expected_nonessential,True
EG11326,EG11326_RNA,0,False,0,False,expected_nonessential,True
G6246,G6246_RNA,0,False,0,False,expected_nonessential,True
G6260,G6260_RNA,0,False,0,False,expected_nonessential,True
EG11463,EG11463_RNA,0,False,0,False,expected_nonessential,True
G7579,G7579_RNA,0,False,0,False,expected_nonessential,True
EG10161,EG10161_RNA,0,False,0,False,expected_nonessential,True
EG10162,EG10162_RNA,0,False,0,False,expected_nonessential,True
EG10164,EG10164_RNA,0,False,0,False,expected_nonessential,True
EG10165,EG10165_RNA,0,False,0,False,expected_nonessential,True
G7454,G7454_RNA,0,False,0,False,expected_nonessential,True
EG12318,EG12318_RNA,0,False,0,False,expected_nonessential,True
EG10170,EG10170_RNA,0,False,0,False,expected_nonessential,True
EG12504,EG12504_RNA,0,False,0,False,expected_nonessential,True
EG10173,EG10173_RNA,0,False,0,False,expected_nonessential,True
EG10174,EG10174_RNA,0,False,0,False,expected_nonessential,True
EG10012,EG10012_RNA,0,False,0,False,expected_nonessential,True
EG11405,EG11405_RNA,0,False,0,False,expected_nonessential,True
EG10176,EG10176_RNA,0,False,0,False,expected_nonessential,True
EG10178,EG10178_RNA,0,False,0,False,expected_nonessential,True
EG10179,EG10179_RNA,0,False,0,False,expected_nonessential,True
EG10180,EG10180_RNA,0,False,0,False,expected_nonessential,True
EG10181,EG10181_RNA,0,False,0,False,expected_nonessential,True
EG10182,EG10182_RNA,0,False,0,False,expected_nonessential,True
EG10183,EG10183_RNA,1,True,0,False,expected_nonessential,False
EG10185,EG10185_RNA,1,True,1,True,expected_essential,True
EG10186,EG10186_RNA,1,True,1,True,expected_essential,True
EG10187,EG10187_RNA,1,True,1,True,expected_essential,True
EG10188,EG10188_RNA,0,False,1,True,expected_essential,False
EG10189,EG10189_RNA,1,True,1,True,expected_essential,True
EG10190,EG10190_RNA,1,True,1,True,expected_essential,True
EG10191,EG10191_RNA,1,True,1,True,expected_essential,True
EG10192,EG10192_RNA,0,False,0,False,expected_nonessential,True
EG10193,EG10193_RNA,0,False,0,False,expected_nonessential,True
EG10194,EG10194_RNA,1,True,1,True,expected_essential,True
EG10195,EG10195_RNA,0,False,0,False,expected_nonessential,True
EG10043,EG10043_RNA,1,True,0,False,expected_nonessential,False
EG10196,EG10196_RNA,1,True,1,True,expected_essential,True
EG10197,EG10197_RNA,1,True,0,False,expected_nonessential,False
EG10198,EG10198_RNA,1,True,0,False,expected_nonessential,False
EG10200,EG10200_RNA,0,False,0,False,expected_nonessential,True
EG11407,EG11407_RNA,0,False,0,False,expected_nonessential,True
EG11408,EG11408_RNA,0,False,0,False,expected_nonessential,True
EG10205,EG10205_RNA,1,True,0,False,expected_nonessential,False
EG10206,EG10206_RNA,1,True,0,False,expected_nonessential,False
EG10207,EG10207_RNA,1,True,1,True,expected_essential,True
EG10208,EG10208_RNA,1,True,1,True,expected_essential,True
EG10209,EG10209_RNA,1,True,0,False,expected_nonessential,False
EG12392,EG12392_RNA,0,False,0,False,expected_nonessential,True
EG11418,EG11418_RNA,0,False,1,True,expected_essential,False
EG20044,EG20044_RNA,0,False,0,False,expected_nonessential,True
EG11225,EG11225_RNA,0,False,0,False,expected_nonessential,True
EG10006,EG10006_RNA,0,False,0,False,expected_nonessential,True
G7826,G7826_RNA,0,False,0,False,expected_nonessential,True
G7038,G7038_RNA,0,False,0,False,expected_nonessential,True
EG10213,EG10213_RNA,0,False,0,False,expected_nonessential,True
EG10214,EG10214_RNA,0,False,1,True,expected_essential,False
G6782,G6782_RNA,0,False,0,False,expected_nonessential,True
EG11440,EG11440_RNA,0,False,1,True,expected_essential,False
EG10219,EG10219_RNA,0,False,0,False,expected_nonessential,True
EG10220,EG10220_RNA,0,False,0,False,expected_nonessential,True
EG10221,EG10221_RNA,0,False,0,False,expected_nonessential,True
EG10222,EG10222_RNA,0,False,0,False,expected_nonessential,True
EG10004,EG10004_RNA,0,False,1,True,expected_essential,False
EG10224,EG10224_RNA,0,False,0,False,expected_nonessential,True
EG20049,EG20049_RNA,0,False,0,False,expected_nonessential,True
EG10225,EG10225_RNA,0,False,0,False,expected_nonessential,True
G6627,G6627_RNA,0,False,0,False,expected_nonessential,True
G6626,G6626_RNA,0,False,0,False,expected_nonessential,True
EG12399,EG12399_RNA,0,False,0,False,expected_nonessential,True
G7565,G7565_RNA,0,False,0,False,expected_nonessential,True
EG11648,EG11648_RNA,0,False,0,False,expected_nonessential,True
EG10231,EG10231_RNA,0,False,0,False,expected_nonessential,True
G6986,G6986_RNA,0,False,0,False,expected_nonessential,True
EG10232,EG10232_RNA,0,False,0,False,expected_nonessential,True
EG10233,EG10233_RNA,0,False,0,False,expected_nonessential,True
EG10234,EG10234_RNA,0,False,0,False,expected_nonessential,True
EG10235,EG10235_RNA,0,False,1,True,expected_essential,False
EG10248,EG10248_RNA,0,False,0,False,expected_nonessential,True
EG12625,EG12625_RNA,0,False,0,False,expected_nonessential,True
EG12626,EG12626_RNA,0,False,0,False,expected_nonessential,True
EG12627,EG12627_RNA,0,False,0,False,expected_nonessential,True
EG12628,EG12628_RNA,0,False,0,False,expected_nonessential,True
EG10249,EG10249_RNA,0,False,0,False,expected_nonessential,True
EG12232,EG12232_RNA,0,False,0,False,expected_nonessential,True
G6378,G6378_RNA,0,False,0,False,expected_nonessential,True
EG10251,EG10251_RNA,0,False,0,False,expected_nonessential,True
EG12715,EG12715_RNA,0,False,0,False,expected_nonessential,True
G6237,G6237_RNA,0,False,1,True,expected_essential,False
EG11639,EG11639_RNA,0,False,0,False,expected_nonessential,True
EG12445,EG12445_RNA,0,False,0,False,expected_nonessential,True
EG10256,EG10256_RNA,0,False,0,False,expected_nonessential,True
EG10257,EG10257_RNA,0,False,0,False,expected_nonessential,True
EG11735,EG11735_RNA,0,False,0,False,expected_nonessential,True
EG10629,EG10629_RNA,0,False,0,False,expected_nonessential,True
G6622,G6622_RNA,0,False,0,False,expected_nonessential,True
EG10258,EG10258_RNA,0,False,1,True,expected_essential,False
EG10259,EG10259_RNA,0,False,0,False,expected_nonessential,True
EG10261,EG10261_RNA,0,False,0,False,expected_nonessential,True
EG10262,EG10262_RNA,0,False,0,False,expected_nonessential,True
EG10263,EG10263_RNA,0,False,0,False,expected_nonessential,True
EG10368,EG10368_RNA,0,False,0,False,expected_nonessential,True
G7836,G7836_RNA,0,False,0,False,expected_nonessential,True
EG12267,EG12267_RNA,0,False,0,False,expected_nonessential,True
EG11826,EG11826_RNA,0,False,0,False,expected_nonessential,True
G6503,G6503_RNA,0,False,0,False,expected_nonessential,True
EG50006,EG50006_RNA,0,False,0,False,expected_nonessential,True
EG50007,EG50007_RNA,0,False,0,False,expected_nonessential,True
G7288,G7288_RNA,0,False,0,False,expected_nonessential,True
EG12738,EG12738_RNA,0,False,0,False,expected_nonessential,True
EG10273,EG10273_RNA,0,False,0,False,expected_nonessential,True
EG10274,EG10274_RNA,0,False,1,True,expected_essential,False
EG11317,EG11317_RNA,0,False,1,True,expected_essential,False
EG12606,EG12606_RNA,0,False,0,False,expected_nonessential,True
EG11318,EG11318_RNA,1,True,1,True,expected_essential,True
EG10277,EG10277_RNA,0,False,1,True,expected_essential,False
EG11528,EG11528_RNA,0,False,1,True,expected_essential,False
EG11284,EG11284_RNA,0,False,1,True,expected_essential,False
EG10278,EG10278_RNA,0,False,0,False,expected_nonessential,True
EG10279,EG10279_RNA,0,False,0,False,expected_nonessential,True
EG11530,EG11530_RNA,0,False,0,False,expected_nonessential,True
G6105,G6105_RNA,0,False,0,False,expected_nonessential,True
G7213,G7213_RNA,0,False,0,False,expected_nonessential,True
G7212,G7212_RNA,0,False,0,False,expected_nonessential,True
EG12357,EG12357_RNA,0,False,0,False,expected_nonessential,True
EG10280,EG10280_RNA,0,False,0,False,expected_nonessential,True
G6244,G6244_RNA,0,False,0,False,expected_nonessential,True
EG11158,EG11158_RNA,0,False,0,False,expected_nonessential,True
EG10282,EG10282_RNA,0,False,1,True,expected_essential,False
G7129,G7129_RNA,0,False,0,False,expected_nonessential,True
EG10283,EG10283_RNA,0,False,0,False,expected_nonessential,True
EG10285,EG10285_RNA,0,False,0,False,expected_nonessential,True
EG11227,EG11227_RNA,0,False,0,False,expected_nonessential,True
EG11228,EG11228_RNA,0,False,0,False,expected_nonessential,True
EG11229,EG11229_RNA,0,False,0,False,expected_nonessential,True
EG11858,EG11858_RNA,0,False,0,False,expected_nonessential,True
EG11857,EG11857_RNA,0,False,0,False,expected_nonessential,True
EG11856,EG11856_RNA,0,False,0,False,expected_nonessential,True
G7961,G7961_RNA,0,False,0,False,expected_nonessential,True
EG12102,EG12102_RNA,0,False,0,False,expected_nonessential,True
EG10299,EG10299_RNA,0,False,0,False,expected_nonessential,True
EG11873,EG11873_RNA,0,False,0,False,expected_nonessential,True
EG10317,EG10317_RNA,0,False,0,False,expected_nonessential,True
G7865,G7865_RNA,0,False,0,False,expected_nonessential,True
G7716,G7716_RNA,0,False,0,False,expected_nonessential,True
EG11080,EG11080_RNA,0,False,1,True,expected_essential,False
G7039,G7039_RNA,0,False,0,False,expected_nonessential,True
EG11268,EG11268_RNA,0,False,0,False,expected_nonessential,True
EG10325,EG10325_RNA,0,False,0,False,expected_nonessential,True
EG11258,EG11258_RNA,0,False,0,False,expected_nonessential,True
EG10326,EG10326_RNA,0,False,1,True,expected_essential,False
EG11673,EG11673_RNA,0,False,1,True,expected_essential,False
EG10327,EG10327_RNA,0,False,1,True,expected_essential,False
EG10328,EG10328_RNA,0,False,1,True,expected_essential,False
EG11375,EG11375_RNA,0,False,1,True,expected_essential,False
EG11374,EG11374_RNA,0,False,0,False,expected_nonessential,True
G6862,G6862_RNA,0,False,0,False,expected_nonessential,True
EG50011,EG50011_RNA,0,False,0,False,expected_nonessential,True
G7195,G7195_RNA,0,False,0,False,expected_nonessential,True
EG10628,EG10628_RNA,0,False,0,False,expected_nonessential,True
G7237,G7237_RNA,0,False,0,False,expected_nonessential,True
EG10330,EG10330_RNA,0,False,0,False,expected_nonessential,True
EG10331,EG10331_RNA,0,False,0,False,expected_nonessential,True
EG10332,EG10332_RNA,0,False,0,False,expected_nonessential,True
EG10333,EG10333_RNA,0,False,0,False,expected_nonessential,True
EG10334,EG10334_RNA,0,False,0,False,expected_nonessential,True
G7723,G7723_RNA,0,False,0,False,expected_nonessential,True
G7724,G7724_RNA,0,False,0,False,expected_nonessential,True
G7726,G7726_RNA,0,False,0,False,expected_nonessential,True
EG50010,EG50010_RNA,0,False,0,False,expected_nonessential,True
G6208,G6208_RNA,0,False,0,False,expected_nonessential,True
EG10344,EG10344_RNA,0,False,0,False,expected_nonessential,True
EG10348,EG10348_RNA,0,False,0,False,expected_nonessential,True
EG10349,EG10349_RNA,0,False,0,False,expected_nonessential,True
EG10350,EG10350_RNA,0,False,0,False,expected_nonessential,True
EG10351,EG10351_RNA,0,False,0,False,expected_nonessential,True
EG10352,EG10352_RNA,0,False,0,False,expected_nonessential,True
EG10355,EG10355_RNA,0,False,0,False,expected_nonessential,True
EG10356,EG10356_RNA,0,False,0,False,expected_nonessential,True
EG10357,EG10357_RNA,0,False,0,False,expected_nonessential,True
EG10358,EG10358_RNA,0,False,0,False,expected_nonessential,True
EG11329,EG11329_RNA,0,False,0,False,expected_nonessential,True
EG11330,EG11330_RNA,0,False,0,False,expected_nonessential,True
EG10361,EG10361_RNA,0,False,0,False,expected_nonessential,True
EG50009,EG50009_RNA,0,False,0,False,expected_nonessential,True
EG11490,EG11490_RNA,0,False,0,False,expected_nonessential,True
G6786,G6786_RNA,0,False,0,False,expected_nonessential,True
EG10362,EG10362_RNA,0,False,0,False,expected_nonessential,True
EG10363,EG10363_RNA,0,False,0,False,expected_nonessential,True
EG11698,EG11698_RNA,0,False,0,False,expected_nonessential,True
EG12148,EG12148_RNA,0,False,0,False,expected_nonessential,True
EG10366,EG10366_RNA,0,False,0,False,expected_nonessential,True
EG10367,EG10367_RNA,0,False,1,True,expected_essential,False
EG11175,EG11175_RNA,0,False,0,False,expected_nonessential,True
EG10016,EG10016_RNA,0,False,0,False,expected_nonessential,True
EG11176,EG11176_RNA,0,False,0,False,expected_nonessential,True
EG12419,EG12419_RNA,0,False,0,False,expected_nonessential,True
G7128,G7128_RNA,0,False,0,False,expected_nonessential,True
EG11583,EG11583_RNA,0,False,0,False,expected_nonessential,True
EG11810,EG11810_RNA,0,False,0,False,expected_nonessential,True
EG11442,EG11442_RNA,0,False,0,False,expected_nonessential,True
EG10372,EG10372_RNA,0,False,0,False,expected_nonessential,True
G6539,G6539_RNA,0,False,0,False,expected_nonessential,True
EG12272,EG12272_RNA,0,False,0,False,expected_nonessential,True
G7542,G7542_RNA,0,False,0,False,expected_nonessential,True
EG20080,EG20080_RNA,0,False,0,False,expected_nonessential,True
G7545,G7545_RNA,0,False,0,False,expected_nonessential,True
G7544,G7544_RNA,0,False,0,False,expected_nonessential,True
G0-8601,G0-8601_RNA,0,False,0,False,expected_nonessential,True
EG11904,EG11904_RNA,0,False,0,False,expected_nonessential,True
EG11981,EG11981_RNA,0,False,0,False,expected_nonessential,True
EG10379,EG10379_RNA,0,False,0,False,expected_nonessential,True
EG12957,EG12957_RNA,0,False,0,False,expected_nonessential,True
EG11553,EG11553_RNA,0,False,1,True,expected_essential,False
EG10382,EG10382_RNA,0,False,0,False,expected_nonessential,True
EG11198,EG11198_RNA,0,False,1,True,expected_essential,False
EG10383,EG10383_RNA,1,True,0,False,expected_nonessential,False
EG10386,EG10386_RNA,0,False,0,False,expected_nonessential,True
EG10388,EG10388_RNA,0,False,0,False,expected_nonessential,True
EG10389,EG10389_RNA,0,False,0,False,expected_nonessential,True
EG10390,EG10390_RNA,1,True,0,False,expected_nonessential,False
G6891,G6891_RNA,0,False,0,False,expected_nonessential,True
G6099,G6099_RNA,0,False,0,False,expected_nonessential,True
EG10391,EG10391_RNA,0,False,0,False,expected_nonessential,True
EG10392,EG10392_RNA,0,False,0,False,expected_nonessential,True
EG10393,EG10393_RNA,0,False,0,False,expected_nonessential,True
EG10394,EG10394_RNA,0,False,0,False,expected_nonessential,True
EG10395,EG10395_RNA,0,False,0,False,expected_nonessential,True
EG10396,EG10396_RNA,0,False,0,False,expected_nonessential,True
EG10398,EG10398_RNA,0,False,0,False,expected_nonessential,True
EG10399,EG10399_RNA,0,False,0,False,expected_nonessential,True
EG11517,EG11517_RNA,0,False,0,False,expected_nonessential,True
EG10402,EG10402_RNA,0,False,0,False,expected_nonessential,True
EG10403,EG10403_RNA,0,False,0,False,expected_nonessential,True
EG10404,EG10404_RNA,0,False,0,False,expected_nonessential,True
G6359,G6359_RNA,0,False,0,False,expected_nonessential,True
EG12661,EG12661_RNA,0,False,0,False,expected_nonessential,True
EG12662,EG12662_RNA,0,False,0,False,expected_nonessential,True
EG12663,EG12663_RNA,0,False,0,False,expected_nonessential,True
EG10405,EG10405_RNA,0,False,0,False,expected_nonessential,True
EG10407,EG10407_RNA,1,True,1,True,expected_essential,True
G6283,G6283_RNA,0,False,0,False,expected_nonessential,True
G6278,G6278_RNA,0,False,0,False,expected_nonessential,True
EG10408,EG10408_RNA,0,False,0,False,expected_nonessential,True
EG10409,EG10409_RNA,1,True,1,True,expected_essential,True
EG10410,EG10410_RNA,1,True,1,True,expected_essential,True
EG11736,EG11736_RNA,0,False,0,False,expected_nonessential,True
EG10965,EG10965_RNA,1,True,1,True,expected_essential,True
EG10411,EG10411_RNA,0,False,0,False,expected_nonessential,True
EG12629,EG12629_RNA,0,False,0,False,expected_nonessential,True
EG12563,EG12563_RNA,0,False,0,False,expected_nonessential,True
EG10412,EG10412_RNA,0,False,0,False,expected_nonessential,True
EG11699,EG11699_RNA,0,False,0,False,expected_nonessential,True
EG12296,EG12296_RNA,0,False,0,False,expected_nonessential,True
EG10413,EG10413_RNA,0,False,0,False,expected_nonessential,True
EG20091,EG20091_RNA,1,True,0,False,expected_nonessential,False
EG10414,EG10414_RNA,0,False,0,False,expected_nonessential,True
EG10418,EG10418_RNA,0,False,0,False,expected_nonessential,True
EG10419,EG10419_RNA,0,False,0,False,expected_nonessential,True
G6429,G6429_RNA,0,False,0,False,expected_nonessential,True
G6430,G6430_RNA,0,False,0,False,expected_nonessential,True
G6431,G6431_RNA,0,False,0,False,expected_nonessential,True
G6432,G6432_RNA,0,False,0,False,expected_nonessential,True
EG11102,EG11102_RNA,0,False,0,False,expected_nonessential,True
EG12882,EG12882_RNA,0,False,0,False,expected_nonessential,True
EG10420,EG10420_RNA,1,True,1,True,expected_essential,True
EG10421,EG10421_RNA,0,False,1,True,expected_essential,False
EG10422,EG10422_RNA,0,False,0,False,expected_nonessential,True
G7502,G7502_RNA,0,False,0,False,expected_nonessential,True
EG10973,EG10973_RNA,0,False,0,False,expected_nonessential,True
G7055,G7055_RNA,0,False,0,False,expected_nonessential,True
EG10425,EG10425_RNA,0,False,0,False,expected_nonessential,True
EG10427,EG10427_RNA,0,False,0,False,expected_nonessential,True
EG10428,EG10428_RNA,0,False,1,True,expected_essential,False
EG10429,EG10429_RNA,0,False,1,True,expected_essential,False
EG10430,EG10430_RNA,0,False,0,False,expected_nonessential,True
EG11543,EG11543_RNA,0,False,0,False,expected_nonessential,True
EG12189,EG12189_RNA,0,False,0,False,expected_nonessential,True
EG11485,EG11485_RNA,0,False,0,False,expected_nonessential,True
EG10432,EG10432_RNA,0,False,0,False,expected_nonessential,True
EG11836,EG11836_RNA,0,False,0,False,expected_nonessential,True
EG10444,EG10444_RNA,1,True,0,False,expected_nonessential,False
EG10445,EG10445_RNA,1,True,1,True,expected_essential,True
EG10446,EG10446_RNA,1,True,1,True,expected_essential,True
EG10447,EG10447_RNA,1,True,1,True,expected_essential,True
EG10448,EG10448_RNA,1,True,0,False,expected_nonessential,False
EG10449,EG10449_RNA,1,True,0,False,expected_nonessential,False
EG10450,EG10450_RNA,1,True,0,False,expected_nonessential,False
EG10451,EG10451_RNA,1,True,0,False,expected_nonessential,False
EG12124,EG12124_RNA,0,False,0,False,expected_nonessential,True
EG10007,EG10007_RNA,0,False,0,False,expected_nonessential,True
EG10452,EG10452_RNA,0,False,0,False,expected_nonessential,True
EG12125,EG12125_RNA,0,False,0,False,expected_nonessential,True
EG10453,EG10453_RNA,1,True,1,True,expected_essential,True
EG10457,EG10457_RNA,0,False,0,False,expected_nonessential,True
EG20098,EG20098_RNA,0,False,0,False,expected_nonessential,True
EG10475,EG10475_RNA,0,False,0,False,expected_nonessential,True
EG10476,EG10476_RNA,0,False,0,False,expected_nonessential,True
EG10477,EG10477_RNA,0,False,0,False,expected_nonessential,True
EG10478,EG10478_RNA,0,False,0,False,expected_nonessential,True
EG10479,EG10479_RNA,0,False,0,False,expected_nonessential,True
EG10480,EG10480_RNA,0,False,0,False,expected_nonessential,True
G6277,G6277_RNA,0,False,0,False,expected_nonessential,True
EG11551,EG11551_RNA,0,False,0,False,expected_nonessential,True
EG10489,EG10489_RNA,0,False,0,False,expected_nonessential,True
G7508,G7508_RNA,0,False,0,False,expected_nonessential,True
G7893,G7893_RNA,0,False,0,False,expected_nonessential,True
EG12152,EG12152_RNA,0,False,0,False,expected_nonessential,True
G7892,G7892_RNA,0,False,0,False,expected_nonessential,True
EG10440,EG10440_RNA,0,False,0,False,expected_nonessential,True
EG10441,EG10441_RNA,0,False,0,False,expected_nonessential,True
EG10492,EG10492_RNA,1,True,1,True,expected_essential,True
EG10493,EG10493_RNA,0,False,0,False,expected_nonessential,True
EG10494,EG10494_RNA,0,False,0,False,expected_nonessential,True
EG10495,EG10495_RNA,1,True,1,True,expected_essential,True
EG10496,EG10496_RNA,1,True,1,True,expected_essential,True
EG10497,EG10497_RNA,1,True,1,True,expected_essential,True
G8221,G8221_RNA,0,False,0,False,expected_nonessential,True
EG10498,EG10498_RNA,0,False,0,False,expected_nonessential,True
EG10499,EG10499_RNA,0,False,0,False,expected_nonessential,True
EG10500,EG10500_RNA,0,False,0,False,expected_nonessential,True
EG10501,EG10501_RNA,0,False,0,False,expected_nonessential,True
EG10502,EG10502_RNA,0,False,0,False,expected_nonessential,True
G7325,G7325_RNA,0,False,0,False,expected_nonessential,True
EG10508,EG10508_RNA,0,False,1,True,expected_essential,False
EG10017,EG10017_RNA,0,False,1,True,expected_essential,False
G7423,G7423_RNA,0,False,1,True,expected_essential,False
EG11294,EG11294_RNA,0,False,0,False,expected_nonessential,True
EG11816,EG11816_RNA,0,False,0,False,expected_nonessential,True
EG10370,EG10370_RNA,0,False,1,True,expected_essential,False
EG11081,EG11081_RNA,0,False,1,True,expected_essential,False
G6092,G6092_RNA,0,False,1,True,expected_essential,False
EG10509,EG10509_RNA,0,False,0,False,expected_nonessential,True
EG10511,EG10511_RNA,0,False,0,False,expected_nonessential,True
EG12768,EG12768_RNA,0,False,0,False,expected_nonessential,True
G7631,G7631_RNA,0,False,0,False,expected_nonessential,True
EG10512,EG10512_RNA,0,False,0,False,expected_nonessential,True
EG11606,EG11606_RNA,0,False,0,False,expected_nonessential,True
EG12253,EG12253_RNA,0,False,0,False,expected_nonessential,True
EG10513,EG10513_RNA,0,False,0,False,expected_nonessential,True
EG10514,EG10514_RNA,0,False,0,False,expected_nonessential,True
EG10515,EG10515_RNA,0,False,0,False,expected_nonessential,True
G0-10439,G0-10439_RNA,0,False,0,False,expected_nonessential,True
EG10518,EG10518_RNA,0,False,0,False,expected_nonessential,True
EG10519,EG10519_RNA,0,False,0,False,expected_nonessential,True
G7663,G7663_RNA,0,False,1,True,expected_essential,False
G7662,G7662_RNA,0,False,0,False,expected_nonessential,True
EG12361,EG12361_RNA,0,False,0,False,expected_nonessential,True
EG20110,EG20110_RNA,0,False,0,False,expected_nonessential,True
EG10521,EG10521_RNA,0,False,0,False,expected_nonessential,True
EG11568,EG11568_RNA,0,False,0,False,expected_nonessential,True
EG11541,EG11541_RNA,0,False,0,False,expected_nonessential,True
EG10524,EG10524_RNA,0,False,0,False,expected_nonessential,True
EG10526,EG10526_RNA,0,False,0,False,expected_nonessential,True
EG10527,EG10527_RNA,0,False,0,False,expected_nonessential,True
G6094,G6094_RNA,0,False,0,False,expected_nonessential,True
G592,G592_RNA,0,False,0,False,expected_nonessential,True
EG11226,EG11226_RNA,1,True,1,True,expected_essential,True
EG11577,EG11577_RNA,0,False,1,True,expected_essential,False
EG11576,EG11576_RNA,1,True,1,True,expected_essential,True
EG11575,EG11575_RNA,1,True,0,False,expected_nonessential,False
G6984,G6984_RNA,0,False,0,False,expected_nonessential,True
EG10531,EG10531_RNA,0,False,0,False,expected_nonessential,True
EG10532,EG10532_RNA,1,True,1,True,expected_essential,True
EG10533,EG10533_RNA,0,False,0,False,expected_nonessential,True
EG12387,EG12387_RNA,0,False,0,False,expected_nonessential,True
EG11306,EG11306_RNA,0,False,0,False,expected_nonessential,True
EG11591,EG11591_RNA,0,False,0,False,expected_nonessential,True
EG10536,EG10536_RNA,0,False,0,False,expected_nonessential,True
EG10537,EG10537_RNA,0,False,0,False,expected_nonessential,True
EG10538,EG10538_RNA,0,False,0,False,expected_nonessential,True
EG10539,EG10539_RNA,0,False,0,False,expected_nonessential,True
EG10540,EG10540_RNA,0,False,0,False,expected_nonessential,True
EG10541,EG10541_RNA,0,False,0,False,expected_nonessential,True
EG11963,EG11963_RNA,0,False,0,False,expected_nonessential,True
EG11961,EG11961_RNA,0,False,0,False,expected_nonessential,True
G6106,G6106_RNA,0,False,0,False,expected_nonessential,True
EG10543,EG10543_RNA,0,False,1,True,expected_essential,False
EG11796,EG11796_RNA,0,False,0,False,expected_nonessential,True
G7665,G7665_RNA,0,False,1,True,expected_essential,False
EG11680,EG11680_RNA,0,False,1,True,expected_essential,False
G7664,G7664_RNA,0,False,0,False,expected_nonessential,True
EG11569,EG11569_RNA,0,False,0,False,expected_nonessential,True
EG10855,EG10855_RNA,0,False,0,False,expected_nonessential,True
G7888,G7888_RNA,0,False,1,True,expected_essential,False
G7889,G7889_RNA,0,False,1,True,expected_essential,False
EG10545,EG10545_RNA,0,False,1,True,expected_essential,False
EG10546,EG10546_RNA,0,False,1,True,expected_essential,False
EG10265,EG10265_RNA,0,False,1,True,expected_essential,False
EG10316,EG10316_RNA,0,False,1,True,expected_essential,False
EG12666,EG12666_RNA,0,False,1,True,expected_essential,False
EG11409,EG11409_RNA,0,False,0,False,expected_nonessential,True
EG10464,EG10464_RNA,0,False,0,False,expected_nonessential,True
EG10614,EG10614_RNA,0,False,0,False,expected_nonessential,True
G7241,G7241_RNA,0,False,0,False,expected_nonessential,True
G7146,G7146_RNA,0,False,0,False,expected_nonessential,True
EG12123,EG12123_RNA,0,False,0,False,expected_nonessential,True
EG10547,EG10547_RNA,0,False,0,False,expected_nonessential,True
G6800,G6800_RNA,0,False,0,False,expected_nonessential,True
G6803,G6803_RNA,0,False,0,False,expected_nonessential,True
G6801,G6801_RNA,0,False,0,False,expected_nonessential,True
G6802,G6802_RNA,0,False,0,False,expected_nonessential,True
G6804,G6804_RNA,0,False,0,False,expected_nonessential,True
G6805,G6805_RNA,0,False,0,False,expected_nonessential,True
G6798,G6798_RNA,0,False,0,False,expected_nonessential,True
G6455,G6455_RNA,0,False,0,False,expected_nonessential,True
EG12712,EG12712_RNA,0,False,0,False,expected_nonessential,True
EG10549,EG10549_RNA,1,True,0,False,expected_nonessential,False
EG10550,EG10550_RNA,0,False,0,False,expected_nonessential,True
EG11337,EG11337_RNA,0,False,0,False,expected_nonessential,True
EG10552,EG10552_RNA,1,True,1,True,expected_essential,True
EG10553,EG10553_RNA,0,False,0,False,expected_nonessential,True
EG12284,EG12284_RNA,0,False,0,False,expected_nonessential,True
G58,G58_RNA,0,False,0,False,expected_nonessential,True
EG10948,EG10948_RNA,0,False,0,False,expected_nonessential,True
G7293,G7293_RNA,0,False,0,False,expected_nonessential,True
EG11288,EG11288_RNA,0,False,0,False,expected_nonessential,True
EG10560,EG10560_RNA,0,False,0,False,expected_nonessential,True
EG10561,EG10561_RNA,0,False,0,False,expected_nonessential,True
EG10564,EG10564_RNA,0,False,0,False,expected_nonessential,True
EG10565,EG10565_RNA,0,False,0,False,expected_nonessential,True
EG10566,EG10566_RNA,0,False,0,False,expected_nonessential,True
EG10567,EG10567_RNA,0,False,0,False,expected_nonessential,True
EG10568,EG10568_RNA,0,False,0,False,expected_nonessential,True
EG10569,EG10569_RNA,0,False,0,False,expected_nonessential,True
EG10572,EG10572_RNA,0,False,0,False,expected_nonessential,True
EG12656,EG12656_RNA,0,False,0,False,expected_nonessential,True
G6440,G6440_RNA,0,False,0,False,expected_nonessential,True
EG10576,EG10576_RNA,0,False,0,False,expected_nonessential,True
EG12591,EG12591_RNA,0,False,0,False,expected_nonessential,True
G6857,G6857_RNA,0,False,0,False,expected_nonessential,True
G6858,G6858_RNA,0,False,0,False,expected_nonessential,True
EG12576,EG12576_RNA,0,False,0,False,expected_nonessential,True
EG11880,EG11880_RNA,0,False,0,False,expected_nonessential,True
EG11368,EG11368_RNA,0,False,0,False,expected_nonessential,True
EG11532,EG11532_RNA,0,False,0,False,expected_nonessential,True
EG10579,EG10579_RNA,0,False,0,False,expected_nonessential,True
EG12437,EG12437_RNA,0,False,0,False,expected_nonessential,True
EG12362,EG12362_RNA,0,False,0,False,expected_nonessential,True
EG12438,EG12438_RNA,0,False,0,False,expected_nonessential,True
G6912,G6912_RNA,0,False,0,False,expected_nonessential,True
EG10581,EG10581_RNA,1,True,0,False,expected_nonessential,False
EG10582,EG10582_RNA,1,True,0,False,expected_nonessential,False
EG10583,EG10583_RNA,0,False,0,False,expected_nonessential,True
EG10584,EG10584_RNA,0,False,1,True,expected_essential,False
EG10585,EG10585_RNA,1,True,1,True,expected_essential,True
EG10586,EG10586_RNA,1,True,1,True,expected_essential,True
EG10587,EG10587_RNA,0,False,0,False,expected_nonessential,True
EG11737,EG11737_RNA,0,False,0,False,expected_nonessential,True
EG10588,EG10588_RNA,0,False,0,False,expected_nonessential,True
EG10589,EG10589_RNA,0,False,1,True,expected_essential,False
EG10590,EG10590_RNA,0,False,0,False,expected_nonessential,True
EG11621,EG11621_RNA,0,False,0,False,expected_nonessential,True
EG11504,EG11504_RNA,0,False,0,False,expected_nonessential,True
G6497,G6497_RNA,0,False,0,False,expected_nonessential,True
EG12525,EG12525_RNA,0,False,0,False,expected_nonessential,True
M013,M013_RNA,0,False,0,False,expected_nonessential,True
G6205,G6205_RNA,0,False,0,False,expected_nonessential,True
M014,M014_RNA,0,False,0,False,expected_nonessential,True
EG10595,EG10595_RNA,0,False,0,False,expected_nonessential,True
G6364,G6364_RNA,0,False,0,False,expected_nonessential,True
G7457,G7457_RNA,0,False,0,False,expected_nonessential,True
G7410,G7410_RNA,0,False,0,False,expected_nonessential,True
G7533,G7533_RNA,0,False,0,False,expected_nonessential,True
EG11373,EG11373_RNA,0,False,0,False,expected_nonessential,True
G6136,G6136_RNA,0,False,0,False,expected_nonessential,True
G6759,G6759_RNA,0,False,0,False,expected_nonessential,True
G7254,G7254_RNA,0,False,0,False,expected_nonessential,True
G6999,G6999_RNA,0,False,0,False,expected_nonessential,True
G6662,G6662_RNA,0,False,0,False,expected_nonessential,True
EG12440,EG12440_RNA,0,False,0,False,expected_nonessential,True
G6665,G6665_RNA,0,False,0,False,expected_nonessential,True
EG12069,EG12069_RNA,0,False,0,False,expected_nonessential,True
EG10604,EG10604_RNA,0,False,0,False,expected_nonessential,True
EG10613,EG10613_RNA,0,False,1,True,expected_essential,False
EG11433,EG11433_RNA,0,False,0,False,expected_nonessential,True
EG12394,EG12394_RNA,0,False,0,False,expected_nonessential,True
G7005,G7005_RNA,0,False,0,False,expected_nonessential,True
EG10616,EG10616_RNA,0,False,0,False,expected_nonessential,True
EG11090,EG11090_RNA,0,False,0,False,expected_nonessential,True
EG10617,EG10617_RNA,0,False,0,False,expected_nonessential,True
EG11358,EG11358_RNA,0,False,1,True,expected_essential,False
EG11205,EG11205_RNA,0,False,1,True,expected_essential,False
EG10619,EG10619_RNA,0,False,0,False,expected_nonessential,True
EG10620,EG10620_RNA,0,False,1,True,expected_essential,False
EG10621,EG10621_RNA,0,False,1,True,expected_essential,False
EG10622,EG10622_RNA,0,False,1,True,expected_essential,False
EG10623,EG10623_RNA,0,False,1,True,expected_essential,False
EG11204,EG11204_RNA,0,False,1,True,expected_essential,False
G6561,G6561_RNA,0,False,1,True,expected_essential,False
G7263,G7263_RNA,0,False,0,False,expected_nonessential,True
EG10630,EG10630_RNA,0,False,1,True,expected_essential,False
EG10631,EG10631_RNA,0,False,0,False,expected_nonessential,True
EG11546,EG11546_RNA,0,False,1,True,expected_essential,False
G6350,G6350_RNA,0,False,1,True,expected_essential,False
EG10663,EG10663_RNA,0,False,0,False,expected_nonessential,True
EG12192,EG12192_RNA,0,False,0,False,expected_nonessential,True
EG11335,EG11335_RNA,0,False,0,False,expected_nonessential,True
EG10632,EG10632_RNA,0,False,0,False,expected_nonessential,True
EG10634,EG10634_RNA,0,False,0,False,expected_nonessential,True
G6576,G6576_RNA,0,False,0,False,expected_nonessential,True
EG10637,EG10637_RNA,0,False,0,False,expected_nonessential,True
G7921,G7921_RNA,0,False,0,False,expected_nonessential,True
G7677,G7677_RNA,0,False,0,False,expected_nonessential,True
G7676,G7676_RNA,0,False,0,False,expected_nonessential,True
G7920,G7920_RNA,0,False,0,False,expected_nonessential,True
G436,G436_RNA,0,False,0,False,expected_nonessential,True
EG10642,EG10642_RNA,0,False,0,False,expected_nonessential,True
EG10643,EG10643_RNA,0,False,0,False,expected_nonessential,True
EG10649,EG10649_RNA,0,False,1,True,expected_essential,False
EG10650,EG10650_RNA,1,True,0,False,expected_nonessential,False
EG11689,EG11689_RNA,0,False,0,False,expected_nonessential,True
EG10652,EG10652_RNA,0,False,0,False,expected_nonessential,True
EG11392,EG11392_RNA,0,False,0,False,expected_nonessential,True
G6770,G6770_RNA,0,False,0,False,expected_nonessential,True
EG12075,EG12075_RNA,0,False,0,False,expected_nonessential,True
EG12076,EG12076_RNA,0,False,0,False,expected_nonessential,True
EG12077,EG12077_RNA,0,False,0,False,expected_nonessential,True
EG12078,EG12078_RNA,0,False,0,False,expected_nonessential,True
EG12079,EG12079_RNA,0,False,0,False,expected_nonessential,True
EG10653,EG10653_RNA,0,False,0,False,expected_nonessential,True
EG10654,EG10654_RNA,0,False,0,False,expected_nonessential,True
EG10655,EG10655_RNA,0,False,0,False,expected_nonessential,True
EG10660,EG10660_RNA,0,False,1,True,expected_essential,False
EG10661,EG10661_RNA,0,False,0,False,expected_nonessential,True
EG11417,EG11417_RNA,0,False,0,False,expected_nonessential,True
EG20257,EG20257_RNA,0,False,0,False,expected_nonessential,True
EG12381,EG12381_RNA,0,False,0,False,expected_nonessential,True
G812,G812_RNA,0,False,0,False,expected_nonessential,True
EG11138,EG11138_RNA,0,False,0,False,expected_nonessential,True
EG12633,EG12633_RNA,0,False,0,False,expected_nonessential,True
G7164,G7164_RNA,0,False,0,False,expected_nonessential,True
G6580,G6580_RNA,0,False,0,False,expected_nonessential,True
EG12410,EG12410_RNA,0,False,0,False,expected_nonessential,True
EG12693,EG12693_RNA,0,False,0,False,expected_nonessential,True
EG12082,EG12082_RNA,0,False,0,False,expected_nonessential,True
EG12083,EG12083_RNA,0,False,0,False,expected_nonessential,True
EG12084,EG12084_RNA,0,False,0,False,expected_nonessential,True
EG12086,EG12086_RNA,0,False,0,False,expected_nonessential,True
EG11774,EG11774_RNA,0,False,0,False,expected_nonessential,True
EG12087,EG12087_RNA,0,False,0,False,expected_nonessential,True
EG12088,EG12088_RNA,0,False,0,False,expected_nonessential,True
EG12089,EG12089_RNA,0,False,0,False,expected_nonessential,True
EG12090,EG12090_RNA,0,False,0,False,expected_nonessential,True
EG12091,EG12091_RNA,0,False,0,False,expected_nonessential,True
EG12092,EG12092_RNA,0,False,0,False,expected_nonessential,True
EG11773,EG11773_RNA,0,False,0,False,expected_nonessential,True
EG12093,EG12093_RNA,0,False,0,False,expected_nonessential,True
EG11971,EG11971_RNA,0,False,0,False,expected_nonessential,True
EG10664,EG10664_RNA,0,False,0,False,expected_nonessential,True
EG10670,EG10670_RNA,0,False,0,False,expected_nonessential,True
EG10671,EG10671_RNA,0,False,0,False,expected_nonessential,True
EG10674,EG10674_RNA,0,False,0,False,expected_nonessential,True
EG10675,EG10675_RNA,0,False,0,False,expected_nonessential,True
EG10676,EG10676_RNA,0,False,0,False,expected_nonessential,True
EG10677,EG10677_RNA,0,False,0,False,expected_nonessential,True
EG10678,EG10678_RNA,0,False,0,False,expected_nonessential,True
G7842,G7842_RNA,0,False,1,True,expected_essential,False
EG11751,EG11751_RNA,0,False,0,False,expected_nonessential,True
EG11752,EG11752_RNA,0,False,0,False,expected_nonessential,True
G7236,G7236_RNA,0,False,0,False,expected_nonessential,True
G6709,G6709_RNA,0,False,0,False,expected_nonessential,True
G6710,G6710_RNA,0,False,0,False,expected_nonessential,True
G6711,G6711_RNA,0,False,0,False,expected_nonessential,True
G6713,G6713_RNA,0,False,0,False,expected_nonessential,True
G6714,G6714_RNA,0,False,0,False,expected_nonessential,True
G6715,G6715_RNA,0,False,0,False,expected_nonessential,True
G6716,G6716_RNA,0,False,0,False,expected_nonessential,True
G6717,G6717_RNA,0,False,0,False,expected_nonessential,True
G6718,G6718_RNA,0,False,0,False,expected_nonessential,True
G6719,G6719_RNA,0,False,0,False,expected_nonessential,True
G6708,G6708_RNA,0,False,0,False,expected_nonessential,True
EG10682,EG10682_RNA,0,False,0,False,expected_nonessential,True
EG10683,EG10683_RNA,0,False,0,False,expected_nonessential,True
EG11493,EG11493_RNA,0,False,0,False,expected_nonessential,True
EG11675,EG11675_RNA,0,False,0,False,expected_nonessential,True
EG11746,EG11746_RNA,0,False,0,False,expected_nonessential,True
G6239,G6239_RNA,0,False,0,False,expected_nonessential,True
G7596,G7596_RNA,0,False,0,False,expected_nonessential,True
G6755,G6755_RNA,0,False,0,False,expected_nonessential,True
EG10688,EG10688_RNA,0,False,0,False,expected_nonessential,True
EG10691,EG10691_RNA,0,False,1,True,expected_essential,False
EG11487,EG11487_RNA,0,False,1,True,expected_essential,False
EG10693,EG10693_RNA,0,False,1,True,expected_essential,False
G7259,G7259_RNA,0,False,0,False,expected_nonessential,True
G6879,G6879_RNA,0,False,0,False,expected_nonessential,True
EG10694,EG10694_RNA,0,False,0,False,expected_nonessential,True
EG12310,EG12310_RNA,0,False,0,False,expected_nonessential,True
EG10695,EG10695_RNA,0,False,0,False,expected_nonessential,True
EG10696,EG10696_RNA,0,False,0,False,expected_nonessential,True
EG10699,EG10699_RNA,0,False,1,True,expected_essential,False
EG10700,EG10700_RNA,0,False,0,False,expected_nonessential,True
G6530,G6530_RNA,0,False,0,False,expected_nonessential,True
EG10702,EG10702_RNA,0,False,0,False,expected_nonessential,True
EG10703,EG10703_RNA,0,False,1,True,expected_essential,False
G6397,G6397_RNA,0,False,0,False,expected_nonessential,True
EG12144,EG12144_RNA,0,False,0,False,expected_nonessential,True
EG10704,EG10704_RNA,0,False,0,False,expected_nonessential,True
EG10705,EG10705_RNA,0,False,0,False,expected_nonessential,True
EG11371,EG11371_RNA,0,False,0,False,expected_nonessential,True
EG10706,EG10706_RNA,0,False,0,False,expected_nonessential,True
EG10707,EG10707_RNA,1,True,0,False,expected_nonessential,False
EG10708,EG10708_RNA,0,False,0,False,expected_nonessential,True
EG10709,EG10709_RNA,1,True,1,True,expected_essential,True
EG10710,EG10710_RNA,1,True,1,True,expected_essential,True
EG10713,EG10713_RNA,0,False,0,False,expected_nonessential,True
EG10714,EG10714_RNA,0,False,0,False,expected_nonessential,True
EG11283,EG11283_RNA,0,False,0,False,expected_nonessential,True
EG10723,EG10723_RNA,0,False,0,False,expected_nonessential,True
EG10724,EG10724_RNA,0,False,0,False,expected_nonessential,True
EG10727,EG10727_RNA,0,False,0,False,expected_nonessential,True
EG10729,EG10729_RNA,0,False,0,False,expected_nonessential,True
EG12230,EG12230_RNA,0,False,0,False,expected_nonessential,True
EG12883,EG12883_RNA,0,False,0,False,expected_nonessential,True
EG11896,EG11896_RNA,0,False,0,False,expected_nonessential,True
EG10739,EG10739_RNA,0,False,0,False,expected_nonessential,True
EG10740,EG10740_RNA,0,False,1,True,expected_essential,False
EG11377,EG11377_RNA,0,False,0,False,expected_nonessential,True
EG11135,EG11135_RNA,0,False,0,False,expected_nonessential,True
EG10742,EG10742_RNA,0,False,0,False,expected_nonessential,True
G7409,G7409_RNA,0,False,0,False,expected_nonessential,True
EG10743,EG10743_RNA,0,False,0,False,expected_nonessential,True
EG10744,EG10744_RNA,0,False,0,False,expected_nonessential,True
EG10745,EG10745_RNA,0,False,0,False,expected_nonessential,True
EG10746,EG10746_RNA,0,False,1,True,expected_essential,False
EG10749,EG10749_RNA,0,False,0,False,expected_nonessential,True
EG10750,EG10750_RNA,0,False,0,False,expected_nonessential,True
EG10751,EG10751_RNA,0,False,0,False,expected_nonessential,True
EG10752,EG10752_RNA,0,False,0,False,expected_nonessential,True
EG10753,EG10753_RNA,0,False,0,False,expected_nonessential,True
EG11629,EG11629_RNA,0,False,0,False,expected_nonessential,True
EG11630,EG11630_RNA,0,False,0,False,expected_nonessential,True
EG11631,EG11631_RNA,0,False,0,False,expected_nonessential,True
EG11632,EG11632_RNA,0,False,0,False,expected_nonessential,True
EG10754,EG10754_RNA,0,False,0,False,expected_nonessential,True
EG10755,EG10755_RNA,1,True,1,True,expected_essential,True
EG10756,EG10756_RNA,0,False,1,True,expected_essential,False
G7011,G7011_RNA,0,False,0,False,expected_nonessential,True
G7415,G7415_RNA,0,False,0,False,expected_nonessential,True
EG10757,EG10757_RNA,0,False,0,False,expected_nonessential,True
EG10758,EG10758_RNA,0,False,1,True,expected_essential,False
EG12352,EG12352_RNA,0,False,0,False,expected_nonessential,True
EG11510,EG11510_RNA,0,False,0,False,expected_nonessential,True
EG10759,EG10759_RNA,0,False,0,False,expected_nonessential,True
EG11289,EG11289_RNA,0,False,0,False,expected_nonessential,True
G7145,G7145_RNA,0,False,0,False,expected_nonessential,True
EG12424,EG12424_RNA,0,False,0,False,expected_nonessential,True
EG10767,EG10767_RNA,0,False,1,True,expected_essential,False
EG10768,EG10768_RNA,0,False,1,True,expected_essential,False
EG10769,EG10769_RNA,1,True,0,False,expected_nonessential,False
EG11612,EG11612_RNA,0,False,0,False,expected_nonessential,True
EG10770,EG10770_RNA,1,True,1,True,expected_essential,True
EG10771,EG10771_RNA,0,False,0,False,expected_nonessential,True
EG10772,EG10772_RNA,0,False,0,False,expected_nonessential,True
EG10773,EG10773_RNA,0,False,0,False,expected_nonessential,True
G6196,G6196_RNA,0,False,0,False,expected_nonessential,True
G6198,G6198_RNA,0,False,0,False,expected_nonessential,True
G6199,G6199_RNA,0,False,0,False,expected_nonessential,True
G6200,G6200_RNA,0,False,0,False,expected_nonessential,True
EG10774,EG10774_RNA,0,False,1,True,expected_essential,False
EG10781,EG10781_RNA,0,False,1,True,expected_essential,False
EG10782,EG10782_RNA,0,False,0,False,expected_nonessential,True
EG10783,EG10783_RNA,0,False,0,False,expected_nonessential,True
EG10784,EG10784_RNA,0,False,0,False,expected_nonessential,True
EG10734,EG10734_RNA,0,False,0,False,expected_nonessential,True
EG12033,EG12033_RNA,0,False,0,False,expected_nonessential,True
EG20173,EG20173_RNA,0,False,0,False,expected_nonessential,True
EG10787,EG10787_RNA,0,False,0,False,expected_nonessential,True
EG10790,EG10790_RNA,1,True,1,True,expected_essential,True
EG11314,EG11314_RNA,1,True,1,True,expected_essential,True
EG10791,EG10791_RNA,1,True,1,True,expected_essential,True
EG10792,EG10792_RNA,1,True,1,True,expected_essential,True
EG10793,EG10793_RNA,1,True,1,True,expected_essential,True
EG10794,EG10794_RNA,1,True,1,True,expected_essential,True
EG10795,EG10795_RNA,1,True,1,True,expected_essential,True
EG10796,EG10796_RNA,1,True,1,True,expected_essential,True
EG10797,EG10797_RNA,1,True,1,True,expected_essential,True
EG10798,EG10798_RNA,1,True,1,True,expected_essential,True
EG10799,EG10799_RNA,0,False,0,False,expected_nonessential,True
EG11809,EG11809_RNA,0,False,0,False,expected_nonessential,True
EG11819,EG11819_RNA,0,False,0,False,expected_nonessential,True
EG10801,EG10801_RNA,0,False,0,False,expected_nonessential,True
EG10802,EG10802_RNA,0,False,0,False,expected_nonessential,True
G6644,G6644_RNA,0,False,0,False,expected_nonessential,True
EG11822,EG11822_RNA,0,False,0,False,expected_nonessential,True
EG10036,EG10036_RNA,0,False,0,False,expected_nonessential,True
G6645,G6645_RNA,0,False,0,False,expected_nonessential,True
G6646,G6646_RNA,0,False,0,False,expected_nonessential,True
G6643,G6643_RNA,0,False,0,False,expected_nonessential,True
EG10803,EG10803_RNA,0,False,0,False,expected_nonessential,True
EG10804,EG10804_RNA,0,False,0,False,expected_nonessential,True
EG10805,EG10805_RNA,1,True,0,False,expected_nonessential,False
EG10806,EG10806_RNA,1,True,1,True,expected_essential,True
EG10807,EG10807_RNA,1,True,1,True,expected_essential,True
EG10808,EG10808_RNA,1,True,0,False,expected_nonessential,False
EG10809,EG10809_RNA,1,True,1,True,expected_essential,True
EG10810,EG10810_RNA,1,True,1,True,expected_essential,True
EG11539,EG11539_RNA,1,True,1,True,expected_essential,True
EG10811,EG10811_RNA,1,True,0,False,expected_nonessential,False
EG11492,EG11492_RNA,0,False,0,False,expected_nonessential,True
G7175,G7175_RNA,0,False,0,False,expected_nonessential,True
EG10817,EG10817_RNA,0,False,0,False,expected_nonessential,True
EG10818,EG10818_RNA,0,False,0,False,expected_nonessential,True
G7138,G7138_RNA,0,False,0,False,expected_nonessential,True
EG10821,EG10821_RNA,0,False,0,False,expected_nonessential,True
G7530,G7530_RNA,0,False,0,False,expected_nonessential,True
EG11831,EG11831_RNA,0,False,0,False,expected_nonessential,True
EG10835,EG10835_RNA,0,False,0,False,expected_nonessential,True
EG10838,EG10838_RNA,0,False,0,False,expected_nonessential,True
G7590,G7590_RNA,0,False,0,False,expected_nonessential,True
EG11978,EG11978_RNA,0,False,0,False,expected_nonessential,True
EG12412,EG12412_RNA,0,False,0,False,expected_nonessential,True
EG11979,EG11979_RNA,0,False,0,False,expected_nonessential,True
EG12411,EG12411_RNA,0,False,0,False,expected_nonessential,True
EG11456,EG11456_RNA,0,False,0,False,expected_nonessential,True
EG11451,EG11451_RNA,0,False,0,False,expected_nonessential,True
EG11453,EG11453_RNA,0,False,0,False,expected_nonessential,True
EG11454,EG11454_RNA,0,False,0,False,expected_nonessential,True
EG11867,EG11867_RNA,0,False,0,False,expected_nonessential,True
EG11868,EG11868_RNA,0,False,0,False,expected_nonessential,True
EG11866,EG11866_RNA,0,False,0,False,expected_nonessential,True
EG11865,EG11865_RNA,0,False,0,False,expected_nonessential,True
EG11313,EG11313_RNA,0,False,0,False,expected_nonessential,True
EG10844,EG10844_RNA,0,False,0,False,expected_nonessential,True
EG12134,EG12134_RNA,0,False,0,False,expected_nonessential,True
EG11468,EG11468_RNA,0,False,0,False,expected_nonessential,True
EG11331,EG11331_RNA,0,False,1,True,expected_essential,False
EG10465,EG10465_RNA,0,False,0,False,expected_nonessential,True
EG11406,EG11406_RNA,0,False,0,False,expected_nonessential,True
EG11321,EG11321_RNA,0,False,1,True,expected_essential,False
EG11322,EG11322_RNA,0,False,1,True,expected_essential,False
EG11079,EG11079_RNA,0,False,1,True,expected_essential,False
G6358,G6358_RNA,0,False,0,False,expected_nonessential,True
EG12030,EG12030_RNA,0,False,0,False,expected_nonessential,True
EG11082,EG11082_RNA,0,False,0,False,expected_nonessential,True
EG10856,EG10856_RNA,0,False,0,False,expected_nonessential,True
EG11620,EG11620_RNA,0,False,0,False,expected_nonessential,True
EG10857,EG10857_RNA,0,False,0,False,expected_nonessential,True
EG10858,EG10858_RNA,0,False,0,False,expected_nonessential,True
EG10859,EG10859_RNA,0,False,1,True,expected_essential,False
EG11299,EG11299_RNA,0,False,0,False,expected_nonessential,True
EG10860,EG10860_RNA,0,False,0,False,expected_nonessential,True
EG10861,EG10861_RNA,0,False,0,False,expected_nonessential,True
G7365,G7365_RNA,0,False,0,False,expected_nonessential,True
EG10862,EG10862_RNA,0,False,1,True,expected_essential,False
EG11259,EG11259_RNA,0,False,0,False,expected_nonessential,True
EG11547,EG11547_RNA,0,False,0,False,expected_nonessential,True
M004,M004_RNA,0,False,0,False,expected_nonessential,True
EG10863,EG10863_RNA,0,False,1,True,expected_essential,False
EG11443,EG11443_RNA,0,False,0,False,expected_nonessential,True
EG11827,EG11827_RNA,0,False,0,False,expected_nonessential,True
EG10864,EG10864_RNA,1,True,1,True,expected_essential,True
EG10865,EG10865_RNA,1,True,1,True,expected_essential,True
EG10866,EG10866_RNA,1,True,1,True,expected_essential,True
EG10867,EG10867_RNA,1,True,1,True,expected_essential,True
EG10868,EG10868_RNA,1,True,1,True,expected_essential,True
EG10869,EG10869_RNA,1,True,1,True,expected_essential,True
EG10870,EG10870_RNA,1,True,0,False,expected_nonessential,False
EG10871,EG10871_RNA,1,True,1,True,expected_essential,True
EG10872,EG10872_RNA,1,True,1,True,expected_essential,True
EG10873,EG10873_RNA,1,True,1,True,expected_essential,True
EG10874,EG10874_RNA,1,True,1,True,expected_essential,True
EG10875,EG10875_RNA,1,True,1,True,expected_essential,True
EG10876,EG10876_RNA,1,True,1,True,expected_essential,True
EG10877,EG10877_RNA,1,True,1,True,expected_essential,True
EG10878,EG10878_RNA,1,True,1,True,expected_essential,True
EG10879,EG10879_RNA,1,True,1,True,expected_essential,True
EG10880,EG10880_RNA,1,True,1,True,expected_essential,True
EG10881,EG10881_RNA,1,True,1,True,expected_essential,True
EG50001,EG50001_RNA,1,True,0,False,expected_nonessential,False
EG10882,EG10882_RNA,1,True,1,True,expected_essential,True
EG10883,EG10883_RNA,1,True,1,True,expected_essential,True
EG10884,EG10884_RNA,1,True,1,True,expected_essential,True
EG10885,EG10885_RNA,1,True,1,True,expected_essential,True
EG50002,EG50002_RNA,1,True,1,True,expected_essential,True
EG10886,EG10886_RNA,1,True,1,True,expected_essential,True
EG10887,EG10887_RNA,1,True,0,False,expected_nonessential,False
EG10888,EG10888_RNA,1,True,1,True,expected_essential,True
EG10889,EG10889_RNA,1,True,0,False,expected_nonessential,False
EG10890,EG10890_RNA,1,True,0,False,expected_nonessential,False
EG10891,EG10891_RNA,1,True,0,False,expected_nonessential,False
EG10892,EG10892_RNA,1,True,1,True,expected_essential,True
EG11231,EG11231_RNA,1,True,0,False,expected_nonessential,False
EG11232,EG11232_RNA,1,True,0,False,expected_nonessential,False
EG10893,EG10893_RNA,1,True,1,True,expected_essential,True
EG10894,EG10894_RNA,1,True,0,False,expected_nonessential,False
EG10895,EG10895_RNA,1,True,0,False,expected_nonessential,False
EG10900,EG10900_RNA,1,True,1,True,expected_essential,True
EG10901,EG10901_RNA,1,True,1,True,expected_essential,True
EG10902,EG10902_RNA,1,True,1,True,expected_essential,True
EG10903,EG10903_RNA,1,True,0,False,expected_nonessential,False
EG10904,EG10904_RNA,1,True,1,True,expected_essential,True
EG10905,EG10905_RNA,1,True,1,True,expected_essential,True
EG10906,EG10906_RNA,1,True,1,True,expected_essential,True
EG10907,EG10907_RNA,1,True,1,True,expected_essential,True
EG10908,EG10908_RNA,1,True,0,False,expected_nonessential,False
EG10909,EG10909_RNA,1,True,1,True,expected_essential,True
EG10910,EG10910_RNA,1,True,1,True,expected_essential,True
EG10911,EG10911_RNA,1,True,1,True,expected_essential,True
EG10912,EG10912_RNA,1,True,1,True,expected_essential,True
EG10913,EG10913_RNA,1,True,1,True,expected_essential,True
EG10914,EG10914_RNA,1,True,1,True,expected_essential,True
EG10915,EG10915_RNA,1,True,0,False,expected_nonessential,False
EG10916,EG10916_RNA,1,True,1,True,expected_essential,True
EG10917,EG10917_RNA,1,True,1,True,expected_essential,True
EG10918,EG10918_RNA,1,True,1,True,expected_essential,True
EG10919,EG10919_RNA,1,True,1,True,expected_essential,True
EG10920,EG10920_RNA,1,True,1,True,expected_essential,True
G6310,G6310_RNA,0,False,0,False,expected_nonessential,True
G7641,G7641_RNA,0,False,0,False,expected_nonessential,True
G6517,G6517_RNA,0,False,0,False,expected_nonessential,True
G6811,G6811_RNA,0,False,0,False,expected_nonessential,True
EG10928,EG10928_RNA,0,False,0,False,expected_nonessential,True
EG10929,EG10929_RNA,0,False,0,False,expected_nonessential,True
EG11444,EG11444_RNA,0,False,0,False,expected_nonessential,True
G7516,G7516_RNA,0,False,0,False,expected_nonessential,True
G7517,G7517_RNA,0,False,0,False,expected_nonessential,True
EG10930,EG10930_RNA,0,False,0,False,expected_nonessential,True
EG11623,EG11623_RNA,0,False,0,False,expected_nonessential,True
EG12142,EG12142_RNA,0,False,0,False,expected_nonessential,True
EG10931,EG10931_RNA,0,False,0,False,expected_nonessential,True
EG10932,EG10932_RNA,0,False,0,False,expected_nonessential,True
EG10933,EG10933_RNA,0,False,0,False,expected_nonessential,True
EG10934,EG10934_RNA,0,False,0,False,expected_nonessential,True
EG10944,EG10944_RNA,0,False,1,True,expected_essential,False
EG10945,EG10945_RNA,0,False,1,True,expected_essential,False
EG10946,EG10946_RNA,0,False,1,True,expected_essential,False
EG10947,EG10947_RNA,1,True,1,True,expected_essential,True
EG11754,EG11754_RNA,0,False,0,False,expected_nonessential,True
EG12034,EG12034_RNA,0,False,0,False,expected_nonessential,True
EG12287,EG12287_RNA,0,False,0,False,expected_nonessential,True
EG12285,EG12285_RNA,0,False,0,False,expected_nonessential,True
EG12286,EG12286_RNA,0,False,0,False,expected_nonessential,True
EG11663,EG11663_RNA,0,False,0,False,expected_nonessential,True
G6886,G6886_RNA,0,False,0,False,expected_nonessential,True
EG10960,EG10960_RNA,0,False,0,False,expected_nonessential,True
EG10961,EG10961_RNA,0,False,0,False,expected_nonessential,True
EG10963,EG10963_RNA,0,False,0,False,expected_nonessential,True
EG10964,EG10964_RNA,0,False,0,False,expected_nonessential,True
G6842,G6842_RNA,0,False,0,False,expected_nonessential,True
EG10966,EG10966_RNA,0,False,1,True,expected_essential,False
G7147,G7147_RNA,0,False,0,False,expected_nonessential,True
EG11508,EG11508_RNA,1,True,0,False,expected_nonessential,False
EG10971,EG10971_RNA,0,False,0,False,expected_nonessential,True
EG12732,EG12732_RNA,0,False,0,False,expected_nonessential,True
G6478,G6478_RNA,0,False,0,False,expected_nonessential,True
EG12358,EG12358_RNA,0,False,0,False,expected_nonessential,True
G6476,G6476_RNA,0,False,0,False,expected_nonessential,True
G6477,G6477_RNA,0,False,0,False,expected_nonessential,True
G6479,G6479_RNA,0,False,0,False,expected_nonessential,True
EG11428,EG11428_RNA,0,False,0,False,expected_nonessential,True
EG10979,EG10979_RNA,0,False,1,True,expected_essential,False
EG10980,EG10980_RNA,0,False,1,True,expected_essential,False
EG10981,EG10981_RNA,0,False,0,False,expected_nonessential,True
EG10982,EG10982_RNA,0,False,0,False,expected_nonessential,True
G6906,G6906_RNA,0,False,0,False,expected_nonessential,True
EG10985,EG10985_RNA,0,False,1,True,expected_essential,False
EG11817,EG11817_RNA,0,False,0,False,expected_nonessential,True
EG11372,EG11372_RNA,0,False,0,False,expected_nonessential,True
EG11797,EG11797_RNA,0,False,0,False,expected_nonessential,True
EG11556,EG11556_RNA,0,False,0,False,expected_nonessential,True
G7456,G7456_RNA,0,False,0,False,expected_nonessential,True
EG10990,EG10990_RNA,0,False,0,False,expected_nonessential,True
EG10991,EG10991_RNA,0,False,0,False,expected_nonessential,True
EG11172,EG11172_RNA,0,False,0,False,expected_nonessential,True
G7624,G7624_RNA,0,False,0,False,expected_nonessential,True
EG10993,EG10993_RNA,0,False,0,False,expected_nonessential,True
EG10994,EG10994_RNA,0,False,0,False,expected_nonessential,True
EG11542,EG11542_RNA,0,False,0,False,expected_nonessential,True
EG11585,EG11585_RNA,0,False,0,False,expected_nonessential,True
G7135,G7135_RNA,0,False,0,False,expected_nonessential,True
EG11586,EG11586_RNA,0,False,0,False,expected_nonessential,True
EG11587,EG11587_RNA,0,False,0,False,expected_nonessential,True
EG11589,EG11589_RNA,0,False,0,False,expected_nonessential,True
EG11590,EG11590_RNA,0,False,0,False,expected_nonessential,True
G6238,G6238_RNA,0,False,0,False,expected_nonessential,True
G6234,G6234_RNA,0,False,0,False,expected_nonessential,True
EG10998,EG10998_RNA,0,False,0,False,expected_nonessential,True
EG10999,EG10999_RNA,1,True,1,True,expected_essential,True
EG11000,EG11000_RNA,1,True,1,True,expected_essential,True
EG11001,EG11001_RNA,1,True,1,True,expected_essential,True
EG11002,EG11002_RNA,0,False,0,False,expected_nonessential,True
EG11003,EG11003_RNA,0,False,0,False,expected_nonessential,True
G6096,G6096_RNA,0,False,0,False,expected_nonessential,True
EG11427,EG11427_RNA,0,False,0,False,expected_nonessential,True
EG12100,EG12100_RNA,0,False,0,False,expected_nonessential,True
EG12302,EG12302_RNA,0,False,1,True,expected_essential,False
EG11005,EG11005_RNA,0,False,0,False,expected_nonessential,True
EG11006,EG11006_RNA,0,False,0,False,expected_nonessential,True
EG11008,EG11008_RNA,0,False,0,False,expected_nonessential,True
EG11009,EG11009_RNA,0,False,0,False,expected_nonessential,True
EG11015,EG11015_RNA,0,False,0,False,expected_nonessential,True
G6877,G6877_RNA,0,False,0,False,expected_nonessential,True
G6859,G6859_RNA,0,False,0,False,expected_nonessential,True
EG11402,EG11402_RNA,0,False,0,False,expected_nonessential,True
EG12245,EG12245_RNA,0,False,0,False,expected_nonessential,True
EG11020,EG11020_RNA,0,False,0,False,expected_nonessential,True
EG11021,EG11021_RNA,0,False,0,False,expected_nonessential,True
EG11023,EG11023_RNA,0,False,1,True,expected_essential,False
EG11024,EG11024_RNA,1,True,0,False,expected_nonessential,False
EG11025,EG11025_RNA,0,False,1,True,expected_essential,False
EG11026,EG11026_RNA,1,True,0,False,expected_nonessential,False
EG11027,EG11027_RNA,1,True,0,False,expected_nonessential,False
EG11028,EG11028_RNA,1,True,0,False,expected_nonessential,False
EG11029,EG11029_RNA,0,False,0,False,expected_nonessential,True
EG11030,EG11030_RNA,1,True,1,True,expected_essential,True
EG11177,EG11177_RNA,0,False,0,False,expected_nonessential,True
G7449,G7449_RNA,0,False,0,False,expected_nonessential,True
G7422,G7422_RNA,0,False,0,False,expected_nonessential,True
EG11032,EG11032_RNA,1,True,0,False,expected_nonessential,False
EG11035,EG11035_RNA,0,False,0,False,expected_nonessential,True
EG11168,EG11168_RNA,0,False,0,False,expected_nonessential,True
EG11169,EG11169_RNA,0,False,0,False,expected_nonessential,True
EG11039,EG11039_RNA,1,True,0,False,expected_nonessential,False
EG11040,EG11040_RNA,0,False,0,False,expected_nonessential,True
EG11041,EG11041_RNA,0,False,0,False,expected_nonessential,True
EG11042,EG11042_RNA,0,False,0,False,expected_nonessential,True
EG11043,EG11043_RNA,1,True,1,True,expected_essential,True
G7507,G7507_RNA,0,False,0,False,expected_nonessential,True
EG11370,EG11370_RNA,0,False,0,False,expected_nonessential,True
EG11369,EG11369_RNA,0,False,0,False,expected_nonessential,True
EG11396,EG11396_RNA,0,False,0,False,expected_nonessential,True
EG11473,EG11473_RNA,0,False,0,False,expected_nonessential,True
G6365,G6365_RNA,0,False,0,False,expected_nonessential,True
EG11143,EG11143_RNA,0,False,0,False,expected_nonessential,True
EG11324,EG11324_RNA,0,False,0,False,expected_nonessential,True
EG11701,EG11701_RNA,0,False,0,False,expected_nonessential,True
EG11045,EG11045_RNA,0,False,0,False,expected_nonessential,True
G7091,G7091_RNA,0,False,0,False,expected_nonessential,True
EG11046,EG11046_RNA,0,False,0,False,expected_nonessential,True
EG11047,EG11047_RNA,0,False,0,False,expected_nonessential,True
EG11048,EG11048_RNA,0,False,0,False,expected_nonessential,True
EG11049,EG11049_RNA,0,False,0,False,expected_nonessential,True
EG11050,EG11050_RNA,0,False,0,False,expected_nonessential,True
G7858,G7858_RNA,0,False,0,False,expected_nonessential,True
G7859,G7859_RNA,0,False,0,False,expected_nonessential,True
G7860,G7860_RNA,0,False,0,False,expected_nonessential,True
EG11332,EG11332_RNA,0,False,0,False,expected_nonessential,True
EG12129,EG12129_RNA,0,False,0,False,expected_nonessential,True
EG11060,EG11060_RNA,0,False,0,False,expected_nonessential,True
EG12734,EG12734_RNA,0,False,0,False,expected_nonessential,True
EG11065,EG11065_RNA,0,False,0,False,expected_nonessential,True
G81,G81_RNA,0,False,0,False,expected_nonessential,True
EG11066,EG11066_RNA,0,False,0,False,expected_nonessential,True
EG20248,EG20248_RNA,0,False,0,False,expected_nonessential,True
EG11067,EG11067_RNA,1,True,1,True,expected_essential,True
EG11333,EG11333_RNA,0,False,0,False,expected_nonessential,True
EG10520,EG10520_RNA,0,False,1,True,expected_essential,False
EG11351,EG11351_RNA,0,False,0,False,expected_nonessential,True
EG11189,EG11189_RNA,0,False,0,False,expected_nonessential,True
EG12210,EG12210_RNA,0,False,0,False,expected_nonessential,True
EG11339,EG11339_RNA,0,False,0,False,expected_nonessential,True
EG11352,EG11352_RNA,0,False,0,False,expected_nonessential,True
EG11353,EG11353_RNA,0,False,0,False,expected_nonessential,True
EG11340,EG11340_RNA,0,False,0,False,expected_nonessential,True
EG11341,EG11341_RNA,0,False,0,False,expected_nonessential,True
EG11423,EG11423_RNA,0,False,0,False,expected_nonessential,True
EG11425,EG11425_RNA,0,False,0,False,expected_nonessential,True
EG11426,EG11426_RNA,0,False,0,False,expected_nonessential,True
EG11983,EG11983_RNA,0,False,0,False,expected_nonessential,True
G7098,G7098_RNA,0,False,0,False,expected_nonessential,True
EG11540,EG11540_RNA,0,False,0,False,expected_nonessential,True
G7107,G7107_RNA,0,False,0,False,expected_nonessential,True
G7106,G7106_RNA,0,False,0,False,expected_nonessential,True
G7105,G7105_RNA,0,False,0,False,expected_nonessential,True
EG11194,EG11194_RNA,0,False,0,False,expected_nonessential,True
G7501,G7501_RNA,1,True,0,False,expected_nonessential,False
G85,G85_RNA,0,False,0,False,expected_nonessential,True
EG13159,EG13159_RNA,0,False,0,False,expected_nonessential,True
G7485,G7485_RNA,0,False,0,False,expected_nonessential,True
G7486,G7486_RNA,0,False,0,False,expected_nonessential,True
G7487,G7487_RNA,0,False,0,False,expected_nonessential,True
EG11074,EG11074_RNA,0,False,0,False,expected_nonessential,True
EG11075,EG11075_RNA,0,False,0,False,expected_nonessential,True
EG11076,EG11076_RNA,0,False,0,False,expected_nonessential,True
EG20252,EG20252_RNA,0,False,0,False,expected_nonessential,True
EG12275,EG12275_RNA,0,False,0,False,expected_nonessential,True
EG12276,EG12276_RNA,0,False,0,False,expected_nonessential,True
EG11512,EG11512_RNA,0,False,0,False,expected_nonessential,True
G6140,G6140_RNA,0,False,0,False,expected_nonessential,True
G6141,G6141_RNA,0,False,0,False,expected_nonessential,True
G6190,G6190_RNA,0,False,0,False,expected_nonessential,True
G6261,G6261_RNA,0,False,0,False,expected_nonessential,True
G6269,G6269_RNA,0,False,0,False,expected_nonessential,True
EG12384,EG12384_RNA,0,False,0,False,expected_nonessential,True
G6329,G6329_RNA,0,False,0,False,expected_nonessential,True
G0-10441,G0-10441_RNA,0,False,0,False,expected_nonessential,True
EG11239,EG11239_RNA,0,False,0,False,expected_nonessential,True
G6425,G6425_RNA,0,False,0,False,expected_nonessential,True
G6458,G6458_RNA,0,False,0,False,expected_nonessential,True
G6439,G6439_RNA,0,False,0,False,expected_nonessential,True
G6442,G6442_RNA,0,False,0,False,expected_nonessential,True
G6468,G6468_RNA,0,False,0,False,expected_nonessential,True
G6475,G6475_RNA,0,False,0,False,expected_nonessential,True
EG11121,EG11121_RNA,0,False,0,False,expected_nonessential,True
G6661,G6661_RNA,0,False,0,False,expected_nonessential,True
G6655,G6655_RNA,0,False,0,False,expected_nonessential,True
G6701,G6701_RNA,0,False,0,False,expected_nonessential,True
EG12713,EG12713_RNA,0,False,0,False,expected_nonessential,True
EG11636,EG11636_RNA,0,False,0,False,expected_nonessential,True
EG12345,EG12345_RNA,0,False,0,False,expected_nonessential,True
EG11234,EG11234_RNA,0,False,0,False,expected_nonessential,True
EG12432,EG12432_RNA,0,False,0,False,expected_nonessential,True
G6918,G6918_RNA,0,False,0,False,expected_nonessential,True
G6958,G6958_RNA,0,False,0,False,expected_nonessential,True
G6967,G6967_RNA,0,False,0,False,expected_nonessential,True
G6969,G6969_RNA,0,False,0,False,expected_nonessential,True
EG12347,EG12347_RNA,0,False,0,False,expected_nonessential,True
G7037,G7037_RNA,0,False,0,False,expected_nonessential,True
G7123,G7123_RNA,0,False,0,False,expected_nonessential,True
EG12026,EG12026_RNA,0,False,0,False,expected_nonessential,True
EG12037,EG12037_RNA,0,False,0,False,expected_nonessential,True
EG12038,EG12038_RNA,0,False,0,False,expected_nonessential,True
EG12040,EG12040_RNA,0,False,0,False,expected_nonessential,True
EG12041,EG12041_RNA,0,False,0,False,expected_nonessential,True
G7158,G7158_RNA,0,False,0,False,expected_nonessential,True
G7160,G7160_RNA,0,False,0,False,expected_nonessential,True
G7185,G7185_RNA,0,False,0,False,expected_nonessential,True
G7187,G7187_RNA,0,False,0,False,expected_nonessential,True
G7234,G7234_RNA,0,False,0,False,expected_nonessential,True
G7230,G7230_RNA,0,False,0,False,expected_nonessential,True
G7266,G7266_RNA,0,False,0,False,expected_nonessential,True
G7406,G7406_RNA,0,False,0,False,expected_nonessential,True
G7405,G7405_RNA,0,False,0,False,expected_nonessential,True
G7503,G7503_RNA,0,False,0,False,expected_nonessential,True
EG11245,EG11245_RNA,0,False,0,False,expected_nonessential,True
EG11292,EG11292_RNA,0,False,0,False,expected_nonessential,True
G7558,G7558_RNA,0,False,0,False,expected_nonessential,True
EG11603,EG11603_RNA,0,False,0,False,expected_nonessential,True
G7647,G7647_RNA,0,False,0,False,expected_nonessential,True
EG11298,EG11298_RNA,0,False,0,False,expected_nonessential,True
EG11315,EG11315_RNA,0,False,0,False,expected_nonessential,True
EG12279,EG12279_RNA,0,False,0,False,expected_nonessential,True
EG12293,EG12293_RNA,0,False,0,False,expected_nonessential,True
EG12298,EG12298_RNA,0,False,0,False,expected_nonessential,True
EG11195,EG11195_RNA,0,False,0,False,expected_nonessential,True
EG11723,EG11723_RNA,0,False,0,False,expected_nonessential,True
EG11202,EG11202_RNA,0,False,0,False,expected_nonessential,True
EG11470,EG11470_RNA,0,False,0,False,expected_nonessential,True
EG11845,EG11845_RNA,0,False,0,False,expected_nonessential,True
EG11847,EG11847_RNA,0,False,0,False,expected_nonessential,True
EG11848,EG11848_RNA,0,False,0,False,expected_nonessential,True
EG11850,EG11850_RNA,0,False,0,False,expected_nonessential,True
EG11902,EG11902_RNA,0,False,0,False,expected_nonessential,True
EG11919,EG11919_RNA,0,False,0,False,expected_nonessential,True
EG11939,EG11939_RNA,0,False,0,False,expected_nonessential,True
EG12469,EG12469_RNA,0,False,0,False,expected_nonessential,True
EG11758,EG11758_RNA,0,False,0,False,expected_nonessential,True
G7833,G7833_RNA,0,False,0,False,expected_nonessential,True
G7910,G7910_RNA,0,False,0,False,expected_nonessential,True
G7911,G7911_RNA,0,False,0,False,expected_nonessential,True
EG12115,EG12115_RNA,0,False,0,False,expected_nonessential,True
EG12600,EG12600_RNA,0,False,0,False,expected_nonessential,True
G6437,G6437_RNA,0,False,0,False,expected_nonessential,True
G6810,G6810_RNA,0,False,0,False,expected_nonessential,True
G7564,G7564_RNA,0,False,0,False,expected_nonessential,True
G7742,G7742_RNA,0,False,0,False,expected_nonessential,True
G7868,G7868_RNA,0,False,0,False,expected_nonessential,True
G6393,G6393_RNA,0,False,0,False,expected_nonessential,True
EG12215,EG12215_RNA,0,False,0,False,expected_nonessential,True
G7017,G7017_RNA,0,False,0,False,expected_nonessential,True
EG12368,EG12368_RNA,0,False,0,False,expected_nonessential,True
G7018,G7018_RNA,0,False,0,False,expected_nonessential,True
EG11167,EG11167_RNA,0,False,0,False,expected_nonessential,True
EG11221,EG11221_RNA,0,False,0,False,expected_nonessential,True
