gene_id,RNA ID,Essentiality_ML_surrogate,ml_surrogate_bool,Rousset_all_strains_M9,rousset_bool,expected_category,criteria_match,Process,process_percent_of_mismatch
EG11647,EG11647_RNA,0,False,1,True,expected_essential,False,Metabolism,87.26114649681529
EG10276,EG10276_RNA,0,False,1,True,expected_essential,False,Metabolism,87.26114649681529
EG10217,EG10217_RNA,0,False,1,True,expected_essential,False,Metabolism,87.26114649681529
EG10063,EG10063_RNA,1,True,0,False,expected_nonessential,False,Metabolism,87.26114649681529
EG11286,EG11286_RNA,1,True,0,False,expected_nonessential,False,Metabolism,87.26114649681529
EG10077,EG10077_RNA,0,False,1,True,expected_essential,False,Metabolism,87.26114649681529
EG10081,EG10081_RNA,0,False,1,True,expected_essential,False,Metabolism,87.26114649681529
EG10088,EG10088_RNA,1,True,0,False,expected_nonessential,False,Metabolism,87.26114649681529
EG10098,EG10098_RNA,1,True,0,False,expected_nonessential,False,Metabolism,87.26114649681529
EG10099,EG10099_RNA,1,True,0,False,expected_nonessential,False,Metabolism,87.26114649681529
EG10100,EG10100_RNA,1,True,0,False,expected_nonessential,False,Metabolism,87.26114649681529
EG10101,EG10101_RNA,1,True,0,False,expected_nonessential,False,Metabolism,87.26114649681529
EG10102,EG10102_RNA,1,True,0,False,expected_nonessential,False,Metabolism,87.26114649681529
EG10103,EG10103_RNA,1,True,0,False,expected_nonessential,False,Metabolism,87.26114649681529
EG10104,EG10104_RNA,1,True,0,False,expected_nonessential,False,Metabolism,87.26114649681529
EG10105,EG10105_RNA,1,True,0,False,expected_nonessential,False,Metabolism,87.26114649681529
EG12319,EG12319_RNA,0,False,1,True,expected_essential,False,Metabolism,87.26114649681529
EG10139,EG10139_RNA,0,False,1,True,expected_essential,False,Metabolism,87.26114649681529
EG11190,EG11190_RNA,0,False,1,True,expected_essential,False,Metabolism,87.26114649681529
EG10183,EG10183_RNA,1,True,0,False,expected_nonessential,False,Metabolism,87.26114649681529
EG10188,EG10188_RNA,0,False,1,True,expected_essential,False,Metabolism,87.26114649681529
EG10043,EG10043_RNA,1,True,0,False,expected_nonessential,False,Metabolism,87.26114649681529
EG10197,EG10197_RNA,1,True,0,False,expected_nonessential,False,Metabolism,87.26114649681529
EG10198,EG10198_RNA,1,True,0,False,expected_nonessential,False,Metabolism,87.26114649681529
EG10205,EG10205_RNA,1,True,0,False,expected_nonessential,False,Metabolism,87.26114649681529
EG10206,EG10206_RNA,1,True,0,False,expected_nonessential,False,Metabolism,87.26114649681529
EG10209,EG10209_RNA,1,True,0,False,expected_nonessential,False,Metabolism,87.26114649681529
EG11418,EG11418_RNA,0,False,1,True,expected_essential,False,Metabolism,87.26114649681529
EG10214,EG10214_RNA,0,False,1,True,expected_essential,False,Metabolism,87.26114649681529
EG11440,EG11440_RNA,0,False,1,True,expected_essential,False,Metabolism,87.26114649681529
EG10004,EG10004_RNA,0,False,1,True,expected_essential,False,Metabolism,87.26114649681529
EG10235,EG10235_RNA,0,False,1,True,expected_essential,False,Transcription Regulation,0.6369426751592357
G6237,G6237_RNA,0,False,1,True,expected_essential,False,Metabolism,87.26114649681529
EG10258,EG10258_RNA,0,False,1,True,expected_essential,False,Metabolism,87.26114649681529
EG10274,EG10274_RNA,0,False,1,True,expected_essential,False,Metabolism,87.26114649681529
EG11317,EG11317_RNA,0,False,1,True,expected_essential,False,Metabolism,87.26114649681529
EG10277,EG10277_RNA,0,False,1,True,expected_essential,False,Metabolism,87.26114649681529
EG11528,EG11528_RNA,0,False,1,True,expected_essential,False,Metabolism,87.26114649681529
EG11284,EG11284_RNA,0,False,1,True,expected_essential,False,Metabolism,87.26114649681529
EG10282,EG10282_RNA,0,False,1,True,expected_essential,False,Metabolism,87.26114649681529
EG11080,EG11080_RNA,0,False,1,True,expected_essential,False,Metabolism,87.26114649681529
EG10326,EG10326_RNA,0,False,1,True,expected_essential,False,Metabolism,87.26114649681529
EG11673,EG11673_RNA,0,False,1,True,expected_essential,False,Metabolism,87.26114649681529
EG10327,EG10327_RNA,0,False,1,True,expected_essential,False,Metabolism,87.26114649681529
EG10328,EG10328_RNA,0,False,1,True,expected_essential,False,Metabolism,87.26114649681529
EG11375,EG11375_RNA,0,False,1,True,expected_essential,False,Metabolism,87.26114649681529
EG10367,EG10367_RNA,0,False,1,True,expected_essential,False,Metabolism,87.26114649681529
EG11553,EG11553_RNA,0,False,1,True,expected_essential,False,Metabolism,87.26114649681529
EG11198,EG11198_RNA,0,False,1,True,expected_essential,False,Metabolism,87.26114649681529
EG10383,EG10383_RNA,1,True,0,False,expected_nonessential,False,Metabolism,87.26114649681529
EG10390,EG10390_RNA,1,True,0,False,expected_nonessential,False,Metabolism,87.26114649681529
EG20091,EG20091_RNA,1,True,0,False,expected_nonessential,False,Metabolism,87.26114649681529
EG10421,EG10421_RNA,0,False,1,True,expected_essential,False,Metabolism,87.26114649681529
EG10428,EG10428_RNA,0,False,1,True,expected_essential,False,Metabolism,87.26114649681529
EG10429,EG10429_RNA,0,False,1,True,expected_essential,False,Metabolism,87.26114649681529
EG10444,EG10444_RNA,1,True,0,False,expected_nonessential,False,Metabolism,87.26114649681529
EG10448,EG10448_RNA,1,True,0,False,expected_nonessential,False,Metabolism,87.26114649681529
EG10449,EG10449_RNA,1,True,0,False,expected_nonessential,False,Metabolism,87.26114649681529
EG10450,EG10450_RNA,1,True,0,False,expected_nonessential,False,Metabolism,87.26114649681529
EG10451,EG10451_RNA,1,True,0,False,expected_nonessential,False,Metabolism,87.26114649681529
EG10508,EG10508_RNA,0,False,1,True,expected_essential,False,Metabolism,87.26114649681529
EG10017,EG10017_RNA,0,False,1,True,expected_essential,False,Metabolism,87.26114649681529
G7423,G7423_RNA,0,False,1,True,expected_essential,False,Metabolism,87.26114649681529
EG10370,EG10370_RNA,0,False,1,True,expected_essential,False,Metabolism,87.26114649681529
EG11081,EG11081_RNA,0,False,1,True,expected_essential,False,Metabolism,87.26114649681529
G6092,G6092_RNA,0,False,1,True,expected_essential,False,Metabolism,87.26114649681529
G7663,G7663_RNA,0,False,1,True,expected_essential,False,Metabolism,87.26114649681529
EG11577,EG11577_RNA,0,False,1,True,expected_essential,False,Metabolism,87.26114649681529
EG11575,EG11575_RNA,1,True,0,False,expected_nonessential,False,Metabolism,87.26114649681529
EG10543,EG10543_RNA,0,False,1,True,expected_essential,False,Metabolism,87.26114649681529
G7665,G7665_RNA,0,False,1,True,expected_essential,False,Metabolism,87.26114649681529
EG11680,EG11680_RNA,0,False,1,True,expected_essential,False,Metabolism,87.26114649681529
G7888,G7888_RNA,0,False,1,True,expected_essential,False,Metabolism,87.26114649681529
G7889,G7889_RNA,0,False,1,True,expected_essential,False,Metabolism,87.26114649681529
EG10545,EG10545_RNA,0,False,1,True,expected_essential,False,Metabolism,87.26114649681529
EG10546,EG10546_RNA,0,False,1,True,expected_essential,False,Metabolism,87.26114649681529
EG10265,EG10265_RNA,0,False,1,True,expected_essential,False,Metabolism,87.26114649681529
EG10316,EG10316_RNA,0,False,1,True,expected_essential,False,Metabolism,87.26114649681529
EG12666,EG12666_RNA,0,False,1,True,expected_essential,False,Metabolism,87.26114649681529
EG10549,EG10549_RNA,1,True,0,False,expected_nonessential,False,Metabolism,87.26114649681529
EG10581,EG10581_RNA,1,True,0,False,expected_nonessential,False,Metabolism,87.26114649681529
EG10582,EG10582_RNA,1,True,0,False,expected_nonessential,False,Metabolism,87.26114649681529
EG10584,EG10584_RNA,0,False,1,True,expected_essential,False,Metabolism,87.26114649681529
EG10589,EG10589_RNA,0,False,1,True,expected_essential,False,Metabolism,87.26114649681529
EG10613,EG10613_RNA,0,False,1,True,expected_essential,False,Metabolism,87.26114649681529
EG11358,EG11358_RNA,0,False,1,True,expected_essential,False,Metabolism,87.26114649681529
EG11205,EG11205_RNA,0,False,1,True,expected_essential,False,Metabolism,87.26114649681529
EG10620,EG10620_RNA,0,False,1,True,expected_essential,False,Metabolism,87.26114649681529
EG10621,EG10621_RNA,0,False,1,True,expected_essential,False,Metabolism,87.26114649681529
EG10622,EG10622_RNA,0,False,1,True,expected_essential,False,Metabolism,87.26114649681529
EG10623,EG10623_RNA,0,False,1,True,expected_essential,False,Metabolism,87.26114649681529
EG11204,EG11204_RNA,0,False,1,True,expected_essential,False,Metabolism,87.26114649681529
G6561,G6561_RNA,0,False,1,True,expected_essential,False,Metabolism,87.26114649681529
EG10630,EG10630_RNA,0,False,1,True,expected_essential,False,Metabolism,87.26114649681529
EG11546,EG11546_RNA,0,False,1,True,expected_essential,False,Metabolism,87.26114649681529
G6350,G6350_RNA,0,False,1,True,expected_essential,False,Metabolism,87.26114649681529
EG10649,EG10649_RNA,0,False,1,True,expected_essential,False,Metabolism,87.26114649681529
EG10650,EG10650_RNA,1,True,0,False,expected_nonessential,False,Metabolism,87.26114649681529
EG10660,EG10660_RNA,0,False,1,True,expected_essential,False,Metabolism,87.26114649681529
G7842,G7842_RNA,0,False,1,True,expected_essential,False,RNA Decay,2.547770700636943
EG10691,EG10691_RNA,0,False,1,True,expected_essential,False,Metabolism,87.26114649681529
EG11487,EG11487_RNA,0,False,1,True,expected_essential,False,Metabolism,87.26114649681529
EG10693,EG10693_RNA,0,False,1,True,expected_essential,False,Metabolism,87.26114649681529
EG10699,EG10699_RNA,0,False,1,True,expected_essential,False,Metabolism,87.26114649681529
EG10703,EG10703_RNA,0,False,1,True,expected_essential,False,Metabolism,87.26114649681529
EG10707,EG10707_RNA,1,True,0,False,expected_nonessential,False,Metabolism,87.26114649681529
EG10740,EG10740_RNA,0,False,1,True,expected_essential,False,Metabolism,87.26114649681529
EG10746,EG10746_RNA,0,False,1,True,expected_essential,False,RNA Decay,2.547770700636943
EG10756,EG10756_RNA,0,False,1,True,expected_essential,False,Metabolism,87.26114649681529
EG10758,EG10758_RNA,0,False,1,True,expected_essential,False,Metabolism,87.26114649681529
EG10767,EG10767_RNA,0,False,1,True,expected_essential,False,Metabolism,87.26114649681529
EG10768,EG10768_RNA,0,False,1,True,expected_essential,False,Metabolism,87.26114649681529
EG10769,EG10769_RNA,1,True,0,False,expected_nonessential,False,Metabolism,87.26114649681529
EG10774,EG10774_RNA,0,False,1,True,expected_essential,False,Metabolism,87.26114649681529
EG10781,EG10781_RNA,0,False,1,True,expected_essential,False,Metabolism,87.26114649681529
EG10805,EG10805_RNA,1,True,0,False,expected_nonessential,False,Metabolism,87.26114649681529
EG10808,EG10808_RNA,1,True,0,False,expected_nonessential,False,Metabolism,87.26114649681529
EG10811,EG10811_RNA,1,True,0,False,expected_nonessential,False,Metabolism,87.26114649681529
EG11331,EG11331_RNA,0,False,1,True,expected_essential,False,Metabolism,87.26114649681529
EG11321,EG11321_RNA,0,False,1,True,expected_essential,False,Metabolism,87.26114649681529
EG11322,EG11322_RNA,0,False,1,True,expected_essential,False,Metabolism,87.26114649681529
EG11079,EG11079_RNA,0,False,1,True,expected_essential,False,Metabolism,87.26114649681529
EG10859,EG10859_RNA,0,False,1,True,expected_essential,False,"Metabolism, RNA Decay",0.6369426751592357
EG10862,EG10862_RNA,0,False,1,True,expected_essential,False,RNA Decay,2.547770700636943
EG10863,EG10863_RNA,0,False,1,True,expected_essential,False,RNA Decay,2.547770700636943
EG10870,EG10870_RNA,1,True,0,False,expected_nonessential,False,Translation,7.643312101910828
EG50001,EG50001_RNA,1,True,0,False,expected_nonessential,False,Translation,7.643312101910828
EG10887,EG10887_RNA,1,True,0,False,expected_nonessential,False,Translation,7.643312101910828
EG10889,EG10889_RNA,1,True,0,False,expected_nonessential,False,Translation,7.643312101910828
EG10890,EG10890_RNA,1,True,0,False,expected_nonessential,False,Translation,7.643312101910828
EG10891,EG10891_RNA,1,True,0,False,expected_nonessential,False,Translation,7.643312101910828
EG11231,EG11231_RNA,1,True,0,False,expected_nonessential,False,Translation,7.643312101910828
EG11232,EG11232_RNA,1,True,0,False,expected_nonessential,False,Translation,7.643312101910828
EG10894,EG10894_RNA,1,True,0,False,expected_nonessential,False,Transcription,1.2738853503184715
EG10895,EG10895_RNA,1,True,0,False,expected_nonessential,False,Transcription,1.2738853503184715
EG10903,EG10903_RNA,1,True,0,False,expected_nonessential,False,Translation,7.643312101910828
EG10908,EG10908_RNA,1,True,0,False,expected_nonessential,False,Translation,7.643312101910828
EG10915,EG10915_RNA,1,True,0,False,expected_nonessential,False,Translation,7.643312101910828
EG10944,EG10944_RNA,0,False,1,True,expected_essential,False,Metabolism,87.26114649681529
EG10945,EG10945_RNA,0,False,1,True,expected_essential,False,Metabolism,87.26114649681529
EG10946,EG10946_RNA,0,False,1,True,expected_essential,False,Metabolism,87.26114649681529
EG10966,EG10966_RNA,0,False,1,True,expected_essential,False,Metabolism,87.26114649681529
EG11508,EG11508_RNA,1,True,0,False,expected_nonessential,False,Translation,7.643312101910828
EG10979,EG10979_RNA,0,False,1,True,expected_essential,False,Metabolism,87.26114649681529
EG10980,EG10980_RNA,0,False,1,True,expected_essential,False,Metabolism,87.26114649681529
EG10985,EG10985_RNA,0,False,1,True,expected_essential,False,Metabolism,87.26114649681529
EG12302,EG12302_RNA,0,False,1,True,expected_essential,False,Metabolism,87.26114649681529
EG11023,EG11023_RNA,0,False,1,True,expected_essential,False,Metabolism,87.26114649681529
EG11024,EG11024_RNA,1,True,0,False,expected_nonessential,False,Metabolism,87.26114649681529
EG11025,EG11025_RNA,0,False,1,True,expected_essential,False,Metabolism,87.26114649681529
EG11026,EG11026_RNA,1,True,0,False,expected_nonessential,False,Metabolism,87.26114649681529
EG11027,EG11027_RNA,1,True,0,False,expected_nonessential,False,Metabolism,87.26114649681529
EG11028,EG11028_RNA,1,True,0,False,expected_nonessential,False,Metabolism,87.26114649681529
EG11032,EG11032_RNA,1,True,0,False,expected_nonessential,False,Metabolism,87.26114649681529
EG11039,EG11039_RNA,1,True,0,False,expected_nonessential,False,Metabolism,87.26114649681529
EG10520,EG10520_RNA,0,False,1,True,expected_essential,False,Metabolism,87.26114649681529
G7501,G7501_RNA,1,True,0,False,expected_nonessential,False,Metabolism,87.26114649681529
