Gene ID (EcoCyc)	Category	operon_gene_count	has_external_operon_genes	external_operon_gene_count	external_operon_genes
EG11112	Protein maturation peptide addition	1	False	0	
EG11647	Metabolism	1	False	0	
EG10022	Metabolism	3	True	1	EG10026
EG10023	Metabolism	3	True	1	EG10026
EG10024	Metabolism	4	True	2	EG10543,EG11088
EG10025	Metabolism	4	True	2	EG10543,EG11088
EG10027	Metabolism	2	True	1	EG20173
EG10030	Metabolism	1	False	0	
EG11692	Metabolism	1	False	0	
EG10031	Metabolism	1	False	0	
G6775	Metabolism	1	False	0	
EG10032	Metabolism	1	False	0	
G7399	Metabolism	1	False	0	
EG10034	tRNA synthetase	1	False	0	
EG10035	Metabolism	1	False	0	
EG10001	Metabolism	1	False	0	
EG11957	Metabolism	4	True	3	EG11958,EG11959,EG12458
EG10039	Metabolism	1	False	0	
EG10045	Metabolism	2	True	1	EG11135
EG10046	Metabolism	1	False	0	
EG10048	Metabolism	3	True	2	EG10047,EG10523
EG11934	Metabolism	1	False	0	
EG10049	Metabolism	4	True	2	EG11380,G0-10588
EG11379	Metabolism	4	True	2	EG11380,G0-10588
EG10051	Metabolism	1	False	0	
EG10052	Metabolism	3	False	0	
EG10053	Metabolism	3	False	0	
EG10054	Transcription regulation	1	False	0	
EG10055	Metabolism	3	False	0	
EG10056	Metabolism	2	True	1	EG11157
EG10057	Metabolism	3	False	0	
EG10058	Metabolism	3	False	0	
EG10059	Metabolism	3	False	0	
EG10061	Transcription regulation	1	False	0	
EG10063	Metabolism	1	False	0	
EG10064	Metabolism	3	False	0	
EG10065	Metabolism	3	False	0	
EG10066	Metabolism	1	False	0	
EG11286	Metabolism	1	False	0	
EG10068	Metabolism	1	False	0	
EG11223	Metabolism	1	False	0	
EG10069	Metabolism	1	False	0	
EG10070	Transcription regulation	1	False	0	
EG10071	tRNA synthetase	1	False	0	
EG10072	Metabolism	5	True	3	EG10452,EG12124,EG12125
EG10073	Metabolism	2	False	0	
EG10074	Metabolism	7	True	3	EG10204,EG11183,EG11871
EG10075	Metabolism	6	True	5	EG10580,EG11144,EG12449,G7200,G7201
EG10076	Metabolism	3	True	2	EG11234,G6917
EG10077	Metabolism	4	True	3	G7697,G7698,G7699
EG10078	Metabolism	2	False	0	
EG10079	Metabolism	1	False	0	
EG10080	Metabolism	1	False	0	
EG10081	Metabolism	7	True	3	EG10204,EG11183,EG11871
EG10082	Metabolism	3	True	2	EG10083,EG11093
EG10084	Metabolism	1	False	0	
EG10088	Metabolism	1	False	0	
EG10091	Metabolism	1	False	0	
EG10092	Metabolism	1	False	0	
EG10094	tRNA synthetase	1	False	0	
EG10095	Metabolism	2	True	1	EG11225
EG10096	Metabolism	1	False	0	
EG10097	tRNA synthetase	1	False	0	
G6943	Metabolism	5	True	3	G6940,G6942,G6944
G6941	Metabolism	5	True	3	G6940,G6942,G6944
EG10098	Metabolism	8	False	0	
EG10099	Metabolism	8	False	0	
EG10100	Metabolism	8	False	0	
EG10101	Metabolism	8	False	0	
EG10102	Metabolism	8	False	0	
EG10103	Metabolism	8	False	0	
EG10104	Metabolism	8	False	0	
EG10105	Metabolism	8	False	0	
EG10107	Metabolism	1	False	0	
G6731	Stress response	1	False	0	
EG10109	Metabolism	3	True	1	EG10111
EG10110	Metabolism	3	True	1	EG10111
EG10112	Metabolism	1	False	0	
EG10115	Metabolism	3	True	2	EG10114,EG10116
G7948	Transcription regulation	2	True	1	G7947
EG10117	Metabolism	1	False	0	
EG10118	Metabolism	4	False	0	
EG10119	Metabolism	4	False	0	
EG10120	Metabolism	4	False	0	
EG10121	Metabolism	4	False	0	
EG10122	Metabolism	1	False	0	
EG10123	Transcription regulation	2	True	1	EG11205
EG10124	Metabolism	1	False	0	
EG10131	Metabolism	1	False	0	
EG10132	Metabolism	2	False	0	
EG12319	Uncategorized	1	False	0	
EG10134	Metabolism	2	False	0	
EG10135	Metabolism	1	False	0	
EG10137	Metabolism	1	False	0	
EG10138	Metabolism	1	False	0	
EG10139	Metabolism	3	False	0	
EG10148	Covalent modification regulation	6	True	5	EG10147,EG10150,EG10151,EG10987,EG10988
EG12312	Uncategorized	3	True	2	EG12313,EG12314
EG11463	Metabolism	1	False	0	
G7579	Metabolism	5	True	3	EG10687,G7578,G7580
EG10161	Metabolism	12	True	10	EG11787,EG11788,EG11789,EG11790,G7097,G7098,G7099,G7100,G7101,G7102
EG10162	Metabolism	12	True	10	EG11787,EG11788,EG11789,EG11790,G7097,G7098,G7099,G7100,G7101,G7102
EG10164	Transcription regulation	1	False	0	
G7454	Metabolism	2	True	1	G7455
EG12504	Metabolism	1	False	0	
EG10012	Metabolism	2	True	1	EG11405
G0-10441	Unknown function	2	True	1	EG12395
EG10178	Metabolism	5	True	3	EG10179,EG10180,EG10181
EG10182	Metabolism	5	True	3	EG10179,EG10180,EG10181
EG10183	Metabolism	5	False	0	
EG10185	Metabolism	3	False	0	
EG10186	Metabolism	3	False	0	
EG10187	Metabolism	1	False	0	
EG10188	Metabolism	1	False	0	
EG10189	Metabolism	1	False	0	
EG10190	Metabolism	3	False	0	
EG10191	Metabolism	3	False	0	
EG10192	Metabolism	1	False	0	
EG10193	Metabolism	5	False	0	
EG10194	Metabolism	3	False	0	
EG10195	Metabolism	5	False	0	
EG10043	Metabolism	1	False	0	
EG10196	tRNA synthetase	1	False	0	
EG10197	Metabolism	5	False	0	
EG10198	Metabolism	5	False	0	
EG10200	Transcription regulation	1	False	0	
EG10205	Metabolism	2	True	1	EG10658
EG10206	Metabolism	1	False	0	
EG10207	Metabolism	3	True	2	EG10570,EG11411
EG10208	Metabolism	3	True	2	EG11147,G0-10463
EG10209	Metabolism	5	True	4	EG11069,EG11201,EG11202,G0-10471
EG10006	Metabolism	2	True	1	EG10357
G7826	Transcription regulation	1	False	0	
EG10214	Metabolism	1	False	0	
EG10220	Metabolism	3	True	2	EG10219,EG10222
EG10221	Metabolism	4	True	2	EG10219,EG10222
EG10004	Metabolism	1	False	0	
EG20049	Metabolism	5	True	4	EG20051,EG20053,G7789,GB4478
G6627	Metabolism	3	True	1	EG12399
G6626	Metabolism	3	True	1	EG12399
G7565	Metabolism	2	True	1	G7564
EG12625	Metabolism	4	True	2	EG12626,EG12628
EG12627	Metabolism	4	True	2	EG12626,EG12628
G6877	Metabolism	1	False	0	
EG12715	Uncategorized	3	False	0	
G6237	Metabolism	4	True	3	EG10508,EG11098,G6236
EG10629	Antibiotic resistance	1	False	0	
EG10262	Metabolism	2	True	1	EG10293
G7836	Covalent modification regulation	1	False	0	
G6503	Phosphorylation regulation	3	True	2	EG11826,G6504
EG50006	Uncategorized	5	True	4	EG12190,EG50007,G7270,G7271
EG11318	Metabolism	5	True	3	EG10277,EG11317,EG11437
G6105	Metabolism	1	False	0	
EG11227	Metabolism	3	True	2	EG11228,EG11229
EG10299	Metabolism	4	True	3	EG10264,EG10297,G0-10437
G7865	Protein maturation side-chain modification	1	False	0	
G7716	Stress response chaperone	1	False	0	
EG11268	Metabolism	2	True	1	EG11440
EG11673	Metabolism	1	False	0	
EG11375	Metabolism	2	True	1	EG11290
EG50011	Metabolism	2	True	1	EG11553
EG10330	Metabolism	4	True	3	EG10331,EG10332,EG10333
G7723	Metabolism	5	True	3	EG12908,G7724,G7727
G7726	Metabolism	5	True	3	EG12908,G7724,G7727
EG10350	Metabolism	5	True	4	EG10349,EG10352,EG10353,EG10355
EG10356	Metabolism	2	False	0	
EG10358	Metabolism	1	False	0	
EG10361	Metabolism	3	True	2	EG11329,EG11330
EG11490	Metabolism	2	True	1	G6786
EG10016	Metabolism	1	False	0	
EG12419	Uncategorized	5	True	4	EG12414,EG12415,EG12417,G7128
EG11810	Metabolism	1	False	0	
G7542	Metabolism	2	True	1	EG20080
G7544	Unclear/under-characterized	6	True	4	EG20080,G0-8601,G7543,G7545
EG12957	Uncategorized	1	False	0	
EG11198	Metabolism	2	True	1	EG10382
EG10383	Metabolism	1	False	0	
EG10386	Metabolism	3	True	2	EG10388,EG10389
EG10390	tRNA synthetase	1	False	0	
G6261	Metabolism	2	True	1	G6262
EG10402	Metabolism	1	False	0	
EG12662	Uncategorized	1	False	0	
EG12663	Uncategorized	1	False	0	
EG10407	tRNA synthetase	1	False	0	
G6283	Metabolism	1	False	0	
EG10408	Metabolism	1	False	0	
EG10409	tRNA synthetase	2	False	0	
EG10410	tRNA synthetase	2	False	0	
EG11736	Metabolism	1	False	0	
EG10965	Metabolism	1	False	0	
EG12563	Metabolism	1	False	0	
EG11699	Metabolism	1	False	0	
EG11102	Metabolism	1	False	0	
EG10420	Metabolism	2	False	0	
EG10421	Metabolism	2	False	0	
EG10444	Metabolism	8	False	0	
EG10445	Metabolism	8	False	0	
EG10446	Metabolism	8	False	0	
EG10447	Metabolism	8	False	0	
EG10448	Metabolism	8	False	0	
EG10449	Metabolism	8	False	0	
EG10450	Metabolism	8	False	0	
EG10451	Metabolism	8	False	0	
EG10007	Metabolism	4	True	3	EG10452,EG12124,EG12125
EG10453	tRNA synthetase	1	False	0	
G7893	Metabolism	4	True	2	EG12539,G7891
G7892	Metabolism	4	True	2	EG12539,G7891
EG10492	tRNA synthetase	4	True	3	EG10548,EG11080,EG11081
EG10495	Metabolism	1	False	0	
EG10496	Metabolism	6	True	4	EG10493,EG10501,EG11270,G0-10641
EG10497	Metabolism	6	True	4	EG10493,EG10501,EG11270,G0-10641
G7325	Metabolism	4	True	3	EG12132,G7324,G7326
EG10017	Metabolism	1	False	0	
G7423	Metabolism	2	True	1	EG11816
G6092	Metabolism	3	False	0	
G7663	Metabolism	4	True	1	EG11680
G7662	Metabolism	2	True	1	EG12802
EG10526	Metabolism	2	True	1	EG10524
EG11226	Metabolism	5	True	1	EG11280
EG11577	Metabolism	5	True	1	EG11280
EG11576	Metabolism	5	True	1	EG11280
EG11575	Metabolism	5	True	1	EG11280
EG10532	tRNA synthetase	5	True	4	EG10855,EG11412,G6349,G6350
EG10537	Metabolism	5	True	4	EG10536,EG10538,EG10540,EG10541
EG10539	Metabolism	1	False	0	
EG11963	Metabolism	3	True	2	EG11961,EG11962
EG11796	Metabolism	2	True	1	EG10951
G7665	Metabolism	4	True	1	EG11680
G7664	Metabolism	4	True	1	EG11680
G7888	Metabolism	2	False	0	
G7889	Metabolism	2	False	0	
EG12666	Uncategorized	2	True	1	EG10758
EG10464	Metabolism	1	False	0	
G6800	Unclear/under-characterized	7	True	6	G6801,G6802,G6803,G6804,G6805,G6806
EG12712	Metabolism	1	False	0	
EG10549	Metabolism	1	False	0	
G58	Metabolism	1	False	0	
G7293	Metabolism	1	False	0	
EG11288	Metabolism	1	False	0	
EG10560	Metabolism	2	True	1	EG10561
EG10565	Metabolism	1	False	0	
EG10566	Metabolism	1	False	0	
EG12437	Uncategorized	5	True	4	EG10579,EG11368,EG11532,EG12438
EG10581	Metabolism	1	False	0	
EG10582	Metabolism	2	True	1	EG10590
EG10585	Metabolism	1	False	0	
EG10586	tRNA synthetase	1	False	0	
EG11621	Metabolism	3	True	2	EG11504,EG11737
G6497	Metabolism	1	False	0	
G6364	tRNA modification	1	False	0	
G7533	Metabolism	4	True	3	EG10627,EG10664,G7532
G6662	Metabolism	2	True	1	G0-10446
EG10613	Metabolism	4	True	3	EG11409,EG12375,G6471
G6561	Metabolism	1	False	0	
EG11546	Metabolism	1	False	0	
EG11335	Metabolism	2	True	1	EG11296
EG10637	Metabolism	5	True	2	G436,G7675
G7677	Metabolism	5	True	2	G436,G7675
G7676	Metabolism	5	True	2	G436,G7675
EG10650	Metabolism	1	False	0	
EG10652	Metabolism	2	True	1	EG11078
G6770	Metabolism	1	False	0	
EG12075	Metabolism	6	True	4	EG11519,EG12076,EG12077,EG12079
EG12078	Metabolism	6	True	4	EG11519,EG12076,EG12077,EG12079
EG10654	Metabolism	4	True	2	EG10653,EG10655
EG10661	Metabolism	3	True	2	EG10660,EG12360
EG12633	Metabolism	5	True	3	EG10687,G7578,G7580
EG12087	Metabolism	13	True	11	EG11773,EG11774,EG12082,EG12083,EG12084,EG12086,EG12089,EG12090,EG12091,EG12092,EG12093
EG12088	Metabolism	13	True	11	EG11773,EG11774,EG12082,EG12083,EG12084,EG12086,EG12089,EG12090,EG12091,EG12092,EG12093
EG11971	Metabolism	1	False	0	
EG10671	Metabolism	1	False	0	
EG10675	Metabolism	4	True	3	EG10676,EG10677,EG10678
G7842	RNA decay	1	False	0	
G6709	Metabolism	11	True	8	G6712,G6713,G6714,G6715,G6716,G6717,G6718,G6719
G6710	Metabolism	11	True	8	G6712,G6713,G6714,G6715,G6716,G6717,G6718,G6719
G6711	Metabolism	11	True	8	G6712,G6713,G6714,G6715,G6716,G6717,G6718,G6719
EG11746	Metabolism	2	True	1	EG11675
G6239	Metabolism	2	True	1	G198
G6879	Metabolism	1	False	0	
EG10700	Metabolism	1	False	0	
G6397	Metabolism	1	False	0	
EG12144	Uncategorized	2	True	1	EG12197
EG10707	Metabolism	2	True	1	EG11271
EG10709	tRNA synthetase	8	True	3	EG10440,EG10506,EG11272
EG10710	tRNA synthetase	8	True	3	EG10440,EG10506,EG11272
EG10744	Metabolism	2	True	1	EG10745
EG10750	Metabolism	4	True	3	EG10749,EG10751,EG10752
EG11630	Metabolism	4	True	1	EG11629
EG11631	Metabolism	4	True	1	EG11629
EG11632	Metabolism	4	True	1	EG11629
EG10755	Metabolism	1	False	0	
EG10759	Metabolism	1	False	0	
EG12424	Uncategorized	3	True	2	EG10427,EG10761
EG10769	Metabolism	1	False	0	
EG10770	tRNA synthetase	1	False	0	
EG10772	Metabolism	1	False	0	
G6199	Metabolism	4	True	3	G6196,G6198,G6200
EG10774	Metabolism	3	True	2	EG11293,EG11294
EG10782	Metabolism	3	True	2	EG10734,EG10784
EG10790	Metabolism	1	False	0	
EG11314	Metabolism	2	True	1	EG11345
EG10791	Metabolism	1	False	0	
EG10792	Metabolism	2	False	0	
EG10793	Metabolism	2	False	0	
EG10794	Metabolism	3	True	2	EG10169,EG11044
EG10795	Metabolism	2	False	0	
EG10796	Metabolism	2	False	0	
EG10797	Metabolism	1	False	0	
EG10798	Metabolism	2	True	1	EG10799
EG11819	Metabolism	1	False	0	
EG10036	Metabolism	5	True	4	EG11822,EG12431,G6645,G6646
G6643	Metabolism	3	True	2	G0-16737,G6644
EG10803	Metabolism	1	False	0	
EG10805	Metabolism	3	True	1	EG11279
EG10806	Metabolism	1	False	0	
EG10807	Metabolism	1	False	0	
EG10808	Metabolism	2	True	1	EG10863
EG10809	Metabolism	4	True	3	EG11128,EG12691,G6637
EG10810	Metabolism	2	True	1	EG10258
EG11539	Metabolism	1	False	0	
EG10811	Metabolism	3	True	1	EG11279
G7868	Unclear/under-characterized	1	False	0	
G7138	Metabolism	2	True	1	G7139
G7530	Metabolism	5	True	4	G7527,G7528,G7529,G7531
EG10838	Metabolism	4	True	3	EG11189,EG11424,EG12210
EG11867	Metabolism	3	True	1	EG11868
EG11866	Metabolism	1	False	0	
EG10465	Metabolism	1	False	0	
EG12030	Metabolism	1	False	0	
EG11082	Metabolism	1	False	0	
EG11620	RNA decay	1	False	0	
M004	Metabolism	7	True	3	EG10204,EG11183,EG11871
EG11443	Metabolism	1	False	0	
EG10864	Ribosome assembly	6	False	0	
EG10865	Ribosome assembly	11	False	0	
EG10866	Ribosome assembly	11	False	0	
EG10867	Ribosome assembly	11	False	0	
EG10868	Ribosome assembly	12	True	1	EG10766
EG10869	Ribosome assembly	12	True	1	EG10766
EG10870	Ribosome assembly	4	True	1	EG10764
EG10871	Ribosome assembly	6	False	0	
EG10872	Ribosome assembly	6	False	0	
EG10873	Ribosome assembly	6	False	0	
EG10874	Ribosome assembly	2	False	0	
EG10875	Ribosome assembly	12	True	1	EG10766
EG10876	Ribosome assembly	12	True	1	EG10766
EG10877	Ribosome assembly	11	False	0	
EG10878	Ribosome assembly	5	False	0	
EG10879	Ribosome assembly	12	True	1	EG10766
EG10880	Ribosome assembly	4	True	2	EG11023,EG11153
EG10881	Ribosome assembly	2	False	0	
EG50001	Ribosome assembly	4	True	2	EG11499,G7656
EG10882	Ribosome assembly	11	False	0	
EG10883	Ribosome assembly	11	False	0	
EG10884	Ribosome assembly	12	True	1	EG10766
EG10885	Ribosome assembly	1	False	0	
EG50002	Ribosome assembly	4	True	2	EG11499,G7656
EG10886	Ribosome assembly	4	True	2	EG10329,EG11312
EG10887	Ribosome assembly	11	False	0	
EG10888	Ribosome assembly	12	True	1	EG10766
EG10889	Ribosome assembly	1	False	0	
EG10890	Ribosome assembly	5	True	3	EG10277,EG11317,EG11437
EG10891	Ribosome assembly	4	True	2	EG10329,EG11312
EG10892	Ribosome assembly	2	True	1	EG10862
EG11231	Ribosome assembly	2	False	0	
EG11232	Ribosome assembly	12	True	1	EG10766
EG10893	Transcription	5	False	0	
EG10894	Transcription	6	False	0	
EG10895	Transcription	6	False	0	
EG10900	Ribosome assembly	2	True	1	EG11265
EG10901	Ribosome assembly	1	False	0	
EG10902	Ribosome assembly	11	False	0	
EG10903	Ribosome assembly	5	False	0	
EG10904	Ribosome assembly	12	True	1	EG10766
EG10905	Ribosome assembly	4	True	1	EG10764
EG10906	Ribosome assembly	4	True	2	EG10360,EG11036
EG10907	Ribosome assembly	12	True	1	EG10766
EG10908	Ribosome assembly	1	False	0	
EG10909	Ribosome assembly	11	False	0	
EG10910	Ribosome assembly	5	False	0	
EG10911	Ribosome assembly	4	True	2	EG10360,EG11036
EG10912	Ribosome assembly	5	False	0	
EG10913	Ribosome assembly	12	True	1	EG10766
EG10914	Ribosome assembly	2	True	1	EG10743
EG10915	Ribosome assembly	4	True	2	EG11023,EG11153
EG10916	Ribosome assembly	11	False	0	
EG10917	Ribosome assembly	4	True	1	EG10764
EG10918	Ribosome assembly	11	False	0	
EG10919	Ribosome assembly	1	False	0	
EG10920	Ribosome assembly	3	True	2	EG10239,EG10896
G6517	Metabolism	7	True	6	G6518,G6519,G6520,G6521,G6522,G6523
EG10928	Microcin transporter	2	True	1	G6227
G7516	Metabolism	4	True	3	EG11444,EG11445,G7517
EG10946	Metabolism	1	False	0	
EG10947	tRNA synthetase	1	False	0	
EG12286	Unclear/under-characterized	9	True	8	EG12279,EG12280,EG12281,EG12282,EG12283,EG12284,EG12285,EG12287
EG11663	Protein maturation chaperone	1	False	0	
G6842	Metabolism	2	True	1	G6841
EG11508	Unclear/under-characterized	1	False	0	
EG11428	Metabolism	1	False	0	
EG10980	Metabolism	2	True	1	EG10979
EG10982	Metabolism	1	False	0	
EG11556	Metabolism	1	False	0	
G6234	Metabolism	6	True	5	EG10666,EG10704,EG11320,EG11321,EG11322
EG10999	Metabolism	4	True	2	EG10998,EG11277
EG11000	Metabolism	4	True	2	EG10998,EG11277
EG11001	tRNA synthetase	8	True	3	EG10440,EG10506,EG11272
EG11002	Metabolism	1	False	0	
G6096	tRNA modification	1	False	0	
EG12302	Uncategorized	5	True	4	EG11493,EG11494,EG11500,EG12303
EG11005	Metabolism	2	True	1	EG11006
EG11008	Cell structure membrane	3	True	2	EG10684,EG12854
EG12245	Metabolism	1	False	0	
EG11024	Metabolism	6	True	2	EG11025,EG11274
EG11026	Metabolism	6	True	2	EG11025,EG11274
EG11027	Metabolism	6	True	2	EG11025,EG11274
EG11028	Metabolism	6	True	2	EG11025,EG11274
EG11029	Transcription regulation	1	False	0	
EG11030	tRNA synthetase	1	False	0	
G7449	tRNA modification	3	True	2	G7448,G7450
EG11032	Metabolism	1	False	0	
EG11169	Metabolism	3	True	2	EG11168,EG12393
EG11039	Metabolism	2	False	0	
EG11040	Metabolism	1	False	0	
EG11041	Metabolism	1	False	0	
EG11043	tRNA synthetase	2	False	0	
G7507	Unknown function	1	False	0	
EG11333	Unknown function	4	True	3	EG10697,EG11323,EG11324
EG11050	Metabolism	5	True	4	EG11046,EG11047,EG11048,EG11049
G7858	Metabolism	6	True	3	EG12494,EG12495,G7856
G7859	Metabolism	6	True	3	EG12494,EG12495,G7856
G7860	Metabolism	6	True	3	EG12494,EG12495,G7856
EG10634	Metabolism	1	False	0	
EG20248	Metabolism	2	True	1	EG11066
EG11067	tRNA synthetase	2	True	1	EG11413
EG10520	Metabolism	1	False	0	
EG11351	Metabolism	10	True	9	EG11339,EG11340,EG11341,EG11350,EG11352,EG11353,EG11423,EG11425,EG11426
G7501	Metabolism	3	True	2	G7502,G7503
G7486	Metabolism	3	True	2	G7485,G7487
EG11074	Metabolism	2	False	0	
EG11075	Metabolism	2	False	0	
G6269	Unknown function	2	True	1	EG11542
EG12384	Uncategorized	4	True	3	G6287,G6288,G6289
G6442	Unknown function	2	True	1	G6443
G6468	Unclear/under-characterized	1	False	0	
EG11121	Metabolism	1	False	0	
G6701	Metabolism	2	True	1	G6700
EG12713	Uncategorized	1	False	0	
EG12026	Metabolism	1	False	0	
EG12040	Microcin transporter	4	True	3	EG12037,EG12038,EG12041
G7158	Metabolism	2	True	1	G7159
G7185	Metabolism	1	False	0	
G7406	Metabolism	2	True	1	G7405
G7647	Stress response	1	False	0	
EG12293	Unknown function	1	False	0	
EG11470	Metabolism	2	True	1	EG10739
EG11850	Metabolism	4	True	3	EG11851,EG11852,EG11853
G7833	Unknown function	1	False	0	
G7911	Unknown function	3	True	2	G7910,G7912
G6437	Metabolism	1	False	0	
G7742	Unclear/under-characterized	2	True	1	G7743
EG11221	Metabolism	1	False	0	