operon_ids,num_operons,num_tus,tu_ids
2357,1,1,TU00209[c]
1440,1,1,TU0-14634[c]
207,1,1,TU0-12962[c]
1306,1,2,TU0-14299[c];TU0-3862[c]
2501,1,1,TU582[c]
1708,1,1,TU0-45156[c]
946,1,1,TU0-13839[c]
2391,1,1,TU00280[c]
2012,1,1,TU0-8574[c]
744,1,1,TU0-13593[c]
102,1,1,TU0-12833[c]
1545,1,4,TU0-198742[c];TU0-198743[c];TU0-198744[c];TU0-45207[c]
2181,1,1,TU0-8765[c]
1843,1,2,TU0-7163[c];TU00293[c]
1363,1,1,TU0-14396[c]
330,1,1,TU0-13106[c]
1071,1,1,TU0-13984[c]
486,1,2,TU0-13300[c];TU0-7861[c]
306,1,1,TU0-13080[c]
1815,1,1,TU0-6562[c]
1836,1,1,TU0-6886[c]
1429,1,1,TU0-14571[c]
1399,1,3,TU0-14502[c];TU0-42698[c];TU00128[c]
1417,1,2,TU0-14531[c];TU0-198746[c]
1370,1,1,TU0-14417[c]
2303,1,1,TU00115[c]
1442,1,5,TU0-14638[c];TU0-198876[c];TU00169[c];gatYZABC[c];gatZABC[c]
907,1,1,TU0-13792[c]
2333,1,1,TU00162[c]
1929,1,1,TU0-8472[c]
1800,1,1,TU0-6485[c]
84,1,2,TU0-12810[c];TU0-14495[c]
917,1,2,TU0-13807[c];TU0-14491[c]
2218,1,1,TU0-8818[c]
1904,1,2,TU0-8323[c];TU00203[c]
1223,1,1,TU0-14162[c]
176,1,1,TU0-12924[c]
2277,1,1,TU00056[c]
731,1,3,TU0-13579[c];TU0-13580[c];TU0-36413[c]
1902,1,3,TU0-8301[c];TU0-8302[c];TU00385[c]
1827,1,2,TU0-6635[c];TU00243[c]
2507,1,1,TU67[c]
2411,1,1,TU00347[c]
2364,1,1,TU00220[c]
36,1,2,TU0-0[c];TU00046[c]
1618,1,2,TU0-41793[c];TU0-45231[c]
293,1,1,TU0-13066[c]
779,1,1,TU0-13637[c]
2532,1,1,EG10214_RNA[c]
1804,1,1,TU0-6506[c]
1731,1,1,TU0-45255[c]
2522,1,1,TU862[c]
1829,1,1,TU0-6653[c]
1089,1,1,TU0-14004[c]
2392,1,1,TU00281[c]
1443,1,1,TU0-14640[c]
38,1,1,TU0-1002[c]
2163,1,1,TU0-8745[c]
1719,1,3,TU0-45222[c];TU0-45254[c];TU00523[c]
1720,1,1,TU0-45225[c]
792,1,1,TU0-13651[c]
2278,1,1,TU00057[c]
1470,1,2,TU0-14783[c];TU685[c]
1405,1,2,TU0-14513[c];TU00467[c]
710,1,1,TU0-13557[c]
1789,1,1,TU0-6408[c]
2340,1,1,TU00183[c]
1673,1,3,TU0-42614[c];TU0-42616[c];TU00295[c]
318,1,1,TU0-13093[c]
1291,1,1,TU0-14254[c]
19,1,2,TU-8414[c];TU00039[c]
1212,1,1,TU0-14151[c]
406,1,3,TU0-13200[c];TU0-14472[c];TU0-6407[c]
208,1,2,TU0-12963[c];ppiB[c]
1858,1,1,TU0-7521[c]
987,1,1,TU0-13883[c]
1219,1,1,TU0-14158[c]
2401,1,1,TU00313[c]
2588,1,1,EG12663_RNA[c]
772,1,1,TU0-13627[c]
1817,1,1,TU0-6569[c]
295,1,1,TU0-13069[c]
99,1,4,TU0-12827[c];TU0-36398[c];TU0-6443[c];map[c]
1721,1,1,TU0-45229[c]
2563,1,1,EG10982_RNA[c]
1679,1,2,TU0-42684[c];TU00004[c]
2355,1,1,TU00205[c]
313,1,1,TU0-13087[c]
875,1,3,TU0-13754[c];TU0-42571[c];TU00076[c]
1650,1,3,TU0-42510[c];TU00067[c];TU3[c]
1692,1,2,TU0-44199[c];TU0-8346[c]
1596,1,1,TU0-3602[c]
2528,1,1,EG10016_RNA[c]
1772,1,7,TU0-5561[c];TU0-5564[c];TU0-5567[c];TU0-5568[c];TU0-5569[c];TU0-5581[c];TU00129[c]
1594,1,1,TU0-3501[c]
1826,1,1,TU0-6631[c]
2261,1,1,TU00013[c]
1737,1,4,TU0-45280[c];TU361[c];TU564[c];rpsA[c]
2410,1,1,TU00346[c]
1292,1,10,TU0-14255[c];TU0-14257[c];TU0-3304[c];TU0-3305[c];TU0-6626[c];TU0-6657[c];TU0-8855[c];TU0-8856[c];TU00174[c];TU00366[c]
416,1,4,TU0-13215[c];TU0-13216[c];TU0-41739[c];TU0-42524[c]
1712,1,1,TU0-45181[c]
1802,1,1,TU0-6501[c]
1752,1,1,TU0-4961[c]
1170,1,1,TU0-14099[c]
2404,1,2,TU00321[c];potD[c]
1402,1,2,TU0-14509[c];TU00170[c]
1620,1,2,TU0-4181[c];rfaD[c]
1271,1,3,TU0-14224[c];TU0-14225[c];TU0-6514[c]
251,1,1,TU0-13018[c]
530,1,1,TU0-13350[c]
412,1,2,TU0-13209[c];TU0-4404[c]
1625,1,2,TU0-42202[c];TU00336[c]
2254,1,1,TU0-901[c]
1403,1,2,TU0-14511[c];TU00078[c]
1422,1,3,TU0-14546[c];TU0-42568[c];TU0-44218[c]
615,1,1,TU0-13440[c]
2248,1,7,TU0-8862[c];TU872[c];TU874[c];TU875[c];TU877[c];aroKB-damX[c];damX[c]
1017,1,1,TU0-13917[c]
1456,1,2,TU0-14696[c];TU00334[c]
1683,1,7,TU0-4284[c];TU0-4287[c];TU0-5186[c];TU0-5201[c];TU0-5202[c];TU0-5221[c];TU00362[c]
517,1,1,TU0-13335[c]
1455,1,6,TU0-14692[c];TU0-14693[c];TU0-14694[c];TU0-36418[c];TU0-36420[c];TU0-45216[c]
1796,1,1,TU0-6481[c]
1185,1,1,TU0-14120[c]
865,1,1,TU0-13741[c]
1923,1,1,TU0-8360[c]
1609,1,2,TU0-3901[c];TU0-7141[c]
1638,1,2,TU0-42478[c];TU0-42508[c]
1797,1,1,TU0-6482[c]
674,1,2,TU0-13514[c];TU0-13515[c]
2323,1,1,TU00147[c]
1206,1,1,TU0-14143[c]
1607,1,1,TU0-3741[c]
901,1,1,TU0-13785[c]
1186,1,1,TU0-14121[c]
1822,1,1,TU0-6623[c]
1778,1,1,TU0-5981[c]
1771,1,5,TU0-5522[c];TU0-5523[c];TU0-5543[c];TU0-5601[c];TU00339[c]
1388,1,1,TU0-14467[c]
2449,1,1,TU00484[c]
1518,1,1,TU0-198711[c]
2257,1,1,TU00006[c]
2482,1,2,TU21[c];pal[c]
1414,1,3,TU0-14525[c];TU0-14744[c];TU0-7162[c]
1577,1,1,TU0-3123[c]
2587,1,1,EG12662_RNA[c]
2145,1,1,TU0-8726[c]
1639,1,3,TU0-42482[c];TU0-42499[c];TU00104[c]
1780,1,3,TU0-6021[c];TU00160[c];TU621[c]
1353,1,1,TU0-14366[c]
1419,1,3,TU0-14537[c];TU0-6646[c];TU00017[c]
475,1,1,TU0-13284[c]
310,1,1,TU0-13084[c]
1149,1,1,TU0-14070[c]
1768,1,1,TU0-5402[c]
1311,1,2,TU0-14305[c];TU00047[c]
1130,1,1,TU0-14049[c]
2542,1,1,EG10383_RNA[c]
1400,1,3,TU0-14503[c];TU00001[c];aceBA[c]
1670,1,1,TU0-42602[c]
1825,1,1,TU0-6630[c]
1549,1,1,TU0-198873[c]
1932,1,1,TU0-8477[c]
931,1,2,TU0-13823[c];TU0-13824[c]
1401,1,4,TU0-14506[c];TU0-14616[c];TU0-44196[c];TU0-7603[c]
100,1,3,TU0-12831[c];TU0-14340[c];TU0-14609[c]
2260,1,1,TU00012[c]
2275,1,1,TU00054[c]
1852,1,1,TU0-7341[c]
1387,1,4,TU0-14463[c];TU0-6652[c];TU0-7805[c];TU00043[c]
1418,1,2,TU0-14536[c];TU0-1962[c]
2290,1,1,TU00087[c]
354,1,1,TU0-13132[c]
1546,1,4,TU0-198747[c];TU0-42511[c];TU0-6650[c];TU00285[c]
1830,1,3,TU0-6654[c];TU0-6660[c];TU0-8474[c]
191,1,1,TU0-12942[c]
1848,1,1,TU0-7281[c]
2412,1,1,TU00351[c]
2488,1,1,TU344[c]
2330,1,1,TU00157[c]
1410,1,3,TU0-14519[c];TU0-5121[c];TU00348[c]
13,1,8,TU-8398[c];TU0-14290[c];TU0-14291[c];TU0-14292[c];TU0-198865[c];TU0-198866[c];TU0-36430[c];TU00487[c]
2045,1,1,TU0-8610[c]
2421,1,1,TU00368[c]
1703,1,1,TU0-4444[c]
1664,1,2,TU0-42569[c];TU00357[c]
705,1,1,TU0-13552[c]
1760,1,1,TU0-5162[c]
552,1,2,TU0-13373[c];TU0-42694[c]
1423,1,2,TU0-14547[c];TU0-4502[c]
1616,1,2,TU0-4161[c];TU00256[c]
1514,1,3,TU0-198697[c];TU0-45147[c];TU00222[c]
1651,1,3,TU0-42514[c];TU0-45291[c];TU00085[c]
1930,1,1,TU0-8473[c]
1880,1,1,TU0-8101[c]
1755,1,1,TU0-5061[c]
1633,1,1,TU0-42461[c]
2301,1,1,TU00112[c]
304,1,1,TU0-13078[c]
2321,1,1,TU00144[c]
1483,1,1,TU0-14819[c]
1649,1,1,TU0-42509[c]
2300,1,1,TU00111[c]
1809,1,6,TU0-6512[c];TU0-7002[c];TU0-8464[c];TU00335[c];rplJL[c];rplKAJL[c]
2443,1,1,TU00455[c]
1236,1,1,TU0-14176[c]
1777,1,1,TU0-5961[c]
1123,1,1,TU0-14042[c]
1794,1,1,TU0-6441[c]
2291,1,1,TU00090[c]
1033,1,1,TU0-13935[c]
1369,1,3,TU0-14415[c];TU0-3581[c];argT-hisJ[c]
39,1,1,TU0-1021[c]
1397,1,2,TU0-14500[c];TU00373[c]
1793,1,1,TU0-6425[c]
2279,1,1,TU00058[c]
1474,1,2,TU0-14787[c];TU00219[c]
1835,1,2,TU0-6884[c];TU00109[c]
839,1,1,TU0-13713[c]
196,1,1,TU0-12947[c]
1378,1,2,TU0-14431[c];TU0-8347[c]
1751,1,1,TU0-4929[c]
2298,1,1,TU00106[c]
1877,1,1,TU0-7842[c]
1346,1,1,TU0-14356[c]
244,1,2,TU0-13010[c];leuS-lptE[c]
477,1,1,TU0-13286[c]
1790,1,1,TU0-6409[c]
1521,1,2,TU0-198714[c];TU0-198879[c]
86,1,1,TU0-12812[c]
2186,1,1,TU0-8773[c]
439,1,3,TU0-13240[c];TU0-41760[c];TU0-8699[c]
42,1,1,TU0-1063[c]
1243,1,1,TU0-14192[c]
2258,1,1,TU00008[c]
2476,1,1,TU102[c]
2349,1,1,TU00192[c]
2281,1,1,TU00060[c]
1791,1,1,TU0-6422[c]
2304,1,1,TU00116[c]
2297,1,1,TU00101[c]
1652,1,2,TU0-42515[c];TU0-4802[c]
1734,1,2,TU0-45265[c];TU00461[c]
175,1,4,TU0-12921[c];TU0-14466[c];nusB[c];ribE-nusB[c]
2201,1,1,TU0-8793[c]
2408,1,3,TU00337[c];rplNXE-rpsNH-rplFR-rpsE-rpmD-rplO[c];rpmJ[c]
303,1,1,TU0-13077[c]
2480,1,1,TU164[c]
2409,1,2,TU00340[c];rpmH[c]
357,1,1,TU0-13135[c]
2386,1,1,TU00270[c]
2561,1,1,EG10901_RNA[c]
1489,1,1,TU0-1547[c]
944,1,1,TU0-13837[c]
1409,1,2,TU0-14518[c];TU0-7981[c]
1624,1,2,TU0-4201[c];TU0-4202[c]
678,1,1,TU0-13519[c]
1412,1,2,TU0-14521[c];TU0-4701[c]
988,1,1,TU0-13885[c]
2521,1,1,TU841[c]
1448,1,1,TU0-14658[c]
1590,1,1,TU0-3426[c]
2305,1,1,TU00117[c]
1386,1,3,TU0-14460[c];TU00352[c];TU00472[c]
2342,1,1,TU00185[c]
2341,1,1,TU00184[c]
2228,1,1,TU0-8828[c]
1420,1,3,TU0-14538[c];TU0-5843[c];TU00298[c]
1642,1,2,TU0-42486[c];TU00178[c]
1675,1,2,TU0-42628[c];TU00338[c]
1770,1,1,TU0-5501[c]
1943,1,1,TU0-8493[c]
1385,1,1,TU0-14459[c]
1475,1,1,TU0-14792[c]
899,1,1,TU0-13783[c]
1411,1,3,TU0-14520[c];TU00444[c];cvpA-purF[c]
1746,1,2,TU0-4682[c];TU0-4924[c]
1028,1,3,TU0-13929[c];TU0-13930[c];TU0-14479[c]
1220,1,1,TU0-14159[c]
619,1,1,TU0-13444[c]
2381,1,1,TU00258[c]
1630,1,1,TU0-42451[c]
1493,1,3,TU0-1601[c];TU0-198885[c];TU0-42543[c]
1395,1,3,TU0-14496[c];TU0-14629[c];TU0-8864[c]
694,1,2,TU0-13539[c];folE[c]
2475,1,1,TU101[c]
1302,1,5,TU0-14294[c];TU0-1921[c];TU0-198883[c];TU0-198884[c];TU0-4001[c]
1103,1,1,TU0-14018[c]
2207,1,1,TU0-8806[c]
107,1,1,TU0-12838[c]
2322,1,1,TU00146[c]
1740,1,2,TU0-4562[c];TU00159[c]
395,1,3,TU0-13182[c];TU0-13183[c];TU0-55017[c]
2282,1,1,TU00061[c]
2373,1,1,TU00238[c]
2276,1,1,TU00055[c]
2185,1,1,TU0-8772[c]
1828,1,2,TU0-6649[c];TU0-8001[c]
398,1,1,TU0-13189[c]
1942,1,1,TU0-8492[c]
1325,1,3,TU0-14322[c];TU0-14474[c];TU0-6405[c]
2294,1,1,TU00094[c]
413,1,2,TU0-13210[c];TU0-13211[c]
1653,1,4,TU0-42516[c];TU0-6651[c];TU524[c];TU526[c]
718,1,3,TU0-13565[c];TU0-13566[c];TU0-14691[c]
1364,1,1,TU0-14399[c]
1290,1,3,TU0-14253[c];TU0-14394[c];TU00291[c]
324,1,1,TU0-13100[c]
1074,1,1,TU0-13987[c]
1601,1,1,TU0-36414[c]
1382,1,1,TU0-14454[c]
2259,1,1,TU00009[c]
1606,1,1,TU0-3645[c]
2361,1,1,TU00214[c]
784,1,2,TU0-13642[c];TU0-14404[c]
2378,1,1,TU00254[c]
2363,1,1,TU00218[c]
37,1,10,TU0-1[c];TU0-42537[c];TU0-42538[c];TU0-5[c];TU00266[c];TU441[c];TU442[c];TU443[c];TU601[c];rpmF[c]
1222,1,1,TU0-14161[c]
2288,1,1,TU00082[c]
1506,1,1,TU0-1881[c]
1368,1,2,TU0-14412[c];TU0-14654[c]
954,1,1,TU0-13848[c]
2256,1,1,TU00003[c]
1694,1,2,TU0-44205[c];TU5[c]
1881,1,1,TU0-8121[c]
1444,1,1,TU0-14642[c]
1556,1,2,TU0-2302[c];metQ[c]
74,1,1,TU0-12797[c]
660,1,2,TU0-13499[c];TU0-198886[c]
860,1,1,TU0-13736[c]
1317,1,1,TU0-14313[c]
1918,1,1,TU0-8343[c]
