,EG10001_trans,EG10003_trans,EG10004_trans,EG10011_trans,EG10013_trans,EG10014_trans,EG10015_trans,EG10016_trans,EG10017_trans,EG10018_trans,EG10026_trans,EG10028_trans,EG10030_trans,EG10031_trans,EG10032_trans,EG10033_trans,EG10034_trans,EG10035_trans,EG10039_trans,EG10040_trans,EG10043_trans,EG10044_trans,EG10046_trans,EG10050_trans,EG10051_trans,EG10054_trans,EG10071_trans,EG10084_trans,EG10085_trans,EG10107_trans,EG10108_trans,EG10112_trans,EG10122_trans,EG10124_trans,EG10129_trans,EG10138_trans,EG10160_trans,EG10167_trans,EG10170_trans,EG10172_trans,EG10001_transl,EG10003_transl,EG10004_transl,EG10011_transl,EG10013_transl,EG10014_transl,EG10015_transl,EG10016_transl,EG10017_transl,EG10018_transl,EG10026_transl,EG10028_transl,EG10030_transl,EG10031_transl,EG10032_transl,EG10033_transl,EG10034_transl,EG10035_transl,EG10039_transl,EG10040_transl,EG10043_transl,EG10044_transl,EG10046_transl,EG10050_transl,EG10051_transl,EG10054_transl,EG10071_transl,EG10084_transl,EG10085_transl,EG10107_transl,EG10108_transl,EG10112_transl,EG10122_transl,EG10124_transl,EG10129_transl,EG10138_transl,EG10160_transl,EG10167_transl,EG10170_transl,EG10172_transl
media_0,0.10326951684395869,0.14380876019602498,0.09302187108542657,0.11405036442720287,0.10759904143850828,0.0691189090886182,0.11405036442720297,0.055642327711487624,0.10759904143850837,0.08433597232958608,,0.11733585181146486,0.1249478421927734,0.11405036442720287,0.11082470293285565,0.05387778905427275,0.10759904143850828,0.11902332898372141,0.09646849164938912,0.07845574054143613,0.10131060020220935,0.12458115237700532,0.0,0.15177049107304577,0.10437337994416106,0.09642363353128279,0.09953488770264017,0.07757973655978975,0.1683656898775094,0.09711564158187973,0.10759904143850837,0.13354659331371646,0.09603737999267892,0.11380639773607118,0.0794821513317885,0.10105243981756794,0.09425529916543256,0.07749137952525996,0.10437337994416106,0.09711564158187973,0.013238002162508162,,,,,0.11034085370870343,,,,,,,0.02385234847718499,0.09276099856451091,0.10437337994416106,,0.10437337994416106,,0.10276054919698739,,,,0.10792160758794299,,0.12324349968609262,,0.0784068049146655,0.11356651520305075,,,,0.10114771844981382,,,0.11034085370870343,0.09840590617961857,,,0.10437337994416106,
media_1,0.0032256614943465484,0.019604504842539176,0.0,0.0,0.0032256614943465484,0.03999110535934324,0.0,0.037293561927109635,0.0032256614943465484,0.0,,0.0,0.00768706969731268,0.0,0.0,0.0,0.0032256614943465484,0.0,0.0,0.013344592809742043,0.0014361844607318338,0.0,0.03763930839018618,0.09112145164058048,0.0,0.005509399933240448,0.0032256614943465484,0.004996225992067562,0.08039474681542343,0.0,0.0032256614943465484,0.0,0.007650057996302724,0.0,0.00711607847302212,0.003948955780900877,0.011012593975492067,0.003504872137496883,0.0,0.006451322988693822,0.025327693518332944,,,,,0.0,,,,,,,0.017896720375722895,0.0,0.003225661494346645,,0.0,,0.003225661494346645,,,,0.003225661494346645,,0.0,,0.0032256614943465484,0.0032256614943465484,,,,0.0,,,0.0,0.0,,,0.003225661494346645,
media_2,0.0,0.0,0.0,0.0,0.0,0.01962971526215312,0.0,0.006303198922322788,0.0,0.0,,0.00390615818833674,0.003501913646805773,0.0,0.0032256614943465484,0.0,0.0,0.0,0.004824290387249122,0.0,0.0,0.0035893595858495467,0.022490350261404026,0.17054188842310908,0.0,0.010260590807869976,0.0032256614943465484,0.005177603777506217,0.14686115487038648,0.0,0.0,0.0,0.0,0.0,0.00789707171753535,0.0,0.030492718779975003,0.0032692258722751572,0.0,0.0,0.0577206455287412,,,,,0.006451322988693822,,,,,,,0.004475679077161488,0.006451322988693822,0.0,,0.006451322988693822,,0.0,,,,0.0,,0.0032256614943465484,,0.0,0.0,,,,0.006451322988693822,,,0.0,0.006451322988693822,,,0.0,
media_3,0.0,0.0,0.0,0.0,0.0,0.0,0.0,0.0,0.0,0.020216313348591888,,0.0,0.0,0.0,0.0,0.012665612503812424,0.0,0.006676369139462262,0.0,0.0,0.0,0.0,0.0,0.0,0.0032256614943465484,0.0,0.0,0.0,0.0,0.009676984483041048,0.0,0.0,0.0,0.0,0.0,0.0,0.0,0.0,0.0032256614943465484,0.0,0.0,,,,,0.0,,,,,,,0.028587919062026124,0.0,0.0,,0.0,,0.0,,,,0.0,,0.0,,0.0,0.0,,,,0.0,,,0.0,0.0,,,0.0,
media_4,0.0,0.007985234052056636,0.0,0.0,0.0,0.0,0.0,0.00652957140836083,0.0,0.0,,0.00022504615076766676,0.0,0.0,0.0,0.0,0.0,0.001371971248992978,0.004221497363656918,0.008478018048700686,0.007857896113799064,0.0,0.047067640380155415,0.0,0.0032256614943465484,0.0003222682451964654,0.0,0.0,0.005944649927347771,0.0,0.0,0.0,0.0,0.0,0.0,0.0,0.0,0.0,0.0032256614943465484,0.0,0.0,,,,,0.0,,,,,,,0.04171997089280266,0.006451322988693822,0.0032256614943465484,,0.0,,0.0,,,,0.0032256614943465484,,0.0,,0.0,0.006451322988693822,,,,0.0,,,0.006451322988693822,0.006451322988693822,,,0.0032256614943465484,
KO_EG10001,0.1483112498259292,0.12169292431261902,0.14685772502672303,0.14310408358951507,0.1398784220951678,0.08450437591920255,0.14310408358951507,0.025440407142099778,0.1398784220951678,0.11054642561294646,,0.15614609759921327,0.13591963840369986,0.14310408358951507,0.1463297450838624,0.163622143191102,0.1398784220951678,0.14478946439969925,0.14669465430276904,0.09509391949330157,0.14549721997914677,0.168107520689793,0.13835143430918423,0.0,0.1398784220951678,0.16124075676085886,0.1398784220951678,0.13803847850751244,0.0,0.14310408358951507,0.1398784220951678,0.13503565827761874,0.11213852683993224,0.153847604924134,0.1151984480914501,0.14292834886916925,0.15276840699481342,0.11903385993027658,0.1398784220951678,0.1398784220951678,0.0,,,,,0.1512603990823647,,,,,,,0.04010284733379348,0.130201437612126,0.1463297450838624,,0.1463297450838624,,0.14310408358951507,,,,0.1463297450838624,,0.14932500218575626,,0.1047878331245186,0.15690530669747235,,,,0.14310408358951507,,,0.14932500218575626,0.1242339638475836,,,0.1463297450838624,
KO_EG10003,3.384237459334215e-16,0.003498480736624225,3.384237459334215e-16,3.384237459334215e-16,3.384237459334215e-16,0.0,3.384237459334215e-16,0.0,3.384237459334215e-16,0.0,,0.00021993146552375136,0.0,3.384237459334215e-16,3.384237459334215e-16,0.00544425688446416,3.384237459334215e-16,0.0006649090818161848,0.002532795925911326,0.027368047622912065,0.001373262098127194,0.0,0.0,0.029970341749644278,3.384237459334215e-16,0.0,3.384237459334215e-16,0.017400970046555834,0.037302238328492505,3.384237459334215e-16,3.384237459334215e-16,0.003141895900112645,0.0,0.004777493966648824,0.004056897109872279,0.0,0.002819206050717851,0.0,3.384237459334215e-16,3.384237459334215e-16,0.01826439530301412,,,,,3.384237459334215e-16,,,,,,,0.05191244388488081,3.384237459334215e-16,3.384237459334215e-16,,3.384237459334215e-16,,3.384237459334215e-16,,,,3.384237459334215e-16,,3.384237459334215e-16,,3.384237459334215e-16,3.384237459334215e-16,,,,3.384237459334215e-16,,,3.384237459334215e-16,3.384237459334215e-16,,,3.384237459334215e-16,
KO_EG10004,3.384237459334215e-16,0.0,3.384237459334215e-16,3.384237459334215e-16,3.384237459334215e-16,0.0,3.384237459334215e-16,0.0,3.384237459334215e-16,0.0,,0.0,0.0,3.384237459334215e-16,3.384237459334215e-16,0.0,3.384237459334215e-16,0.0,0.0013402910905615424,0.016441641116955594,0.0009114060205273112,0.0024629464428928775,0.0,0.010138019103303158,3.384237459334215e-16,0.0,3.384237459334215e-16,0.0,0.00754040683596896,3.384237459334215e-16,3.384237459334215e-16,0.0,0.012625337162658245,0.0,0.0,0.0009934063953926857,0.0,0.000444977616292385,3.384237459334215e-16,3.384237459334215e-16,0.021500208678542968,,,,,3.384237459334215e-16,,,,,,,0.0,3.384237459334215e-16,3.384237459334215e-16,,3.384237459334215e-16,,3.384237459334215e-16,,,,3.384237459334215e-16,,3.384237459334215e-16,,3.384237459334215e-16,3.384237459334215e-16,,,,3.384237459334215e-16,,,3.384237459334215e-16,3.384237459334215e-16,,,3.384237459334215e-16,
KO_EG10011,3.384237459334215e-16,0.0,0.0016561159262565522,3.384237459334215e-16,3.384237459334215e-16,0.0,3.384237459334215e-16,0.0,3.384237459334215e-16,0.0,,3.384237459334215e-16,0.00801488672261118,3.384237459334215e-16,3.384237459334215e-16,0.0,3.384237459334215e-16,0.000444977616292385,0.0008124441593043904,0.0021838181384059015,0.0,0.003254424175151848,0.0,0.0,3.384237459334215e-16,0.00679708831532968,3.384237459334215e-16,0.0,0.0,3.384237459334215e-16,3.384237459334215e-16,0.0,0.0,0.0,0.0,0.0,0.0,0.0,3.384237459334215e-16,3.384237459334215e-16,0.0,,,,,3.384237459334215e-16,,,,,,,0.0,3.384237459334215e-16,3.384237459334215e-16,,3.384237459334215e-16,,3.384237459334215e-16,,,,3.384237459334215e-16,,3.384237459334215e-16,,3.384237459334215e-16,3.384237459334215e-16,,,,3.384237459334215e-16,,,3.384237459334215e-16,3.384237459334215e-16,,,3.384237459334215e-16,
KO_EG10013,3.384237459334215e-16,0.0,0.000444977616292385,3.384237459334215e-16,3.384237459334215e-16,0.0,3.384237459334215e-16,0.05647191306757497,3.384237459334215e-16,0.00425687662049298,,0.0,0.0,3.384237459334215e-16,3.384237459334215e-16,0.0017605677591459412,3.384237459334215e-16,0.0011921397286077265,0.001930674887523773,0.006807368947939075,0.00011754985834989822,0.0,0.0021710508511559715,0.05090379615578679,3.384237459334215e-16,0.016893536875000174,3.384237459334215e-16,0.0,0.06559327044529542,3.384237459334215e-16,3.384237459334215e-16,0.0,0.0,0.004614236737193082,0.00785604243557959,0.0,0.0,0.0020468879866970434,3.384237459334215e-16,3.384237459334215e-16,0.0063983590234585426,,,,,3.384237459334215e-16,,,,,,,0.0,3.384237459334215e-16,3.384237459334215e-16,,3.384237459334215e-16,,3.384237459334215e-16,,,,3.384237459334215e-16,,3.384237459334215e-16,,3.384237459334215e-16,3.384237459334215e-16,,,,3.384237459334215e-16,,,3.384237459334215e-16,3.384237459334215e-16,,,3.384237459334215e-16,
KO_EG10014,3.384237459334215e-16,0.009940832678893247,0.000444977616292385,3.384237459334215e-16,3.384237459334215e-16,0.0,3.384237459334215e-16,0.0,3.384237459334215e-16,0.0,,3.384237459334215e-16,0.0,3.384237459334215e-16,3.384237459334215e-16,0.04314959662371405,3.384237459334215e-16,3.384237459334215e-16,0.0,0.0,0.000444977616292385,0.0022349569553425253,0.0,0.023432478511861428,3.384237459334215e-16,0.002819691129789853,3.384237459334215e-16,0.0,0.06674998562259997,3.384237459334215e-16,3.384237459334215e-16,0.00021993146552413812,0.014615556872572552,0.0,0.004426330628144102,0.0,0.0,0.003907813037344923,3.384237459334215e-16,3.384237459334215e-16,0.06620253011591769,,,,,3.384237459334215e-16,,,,,,,0.0,3.384237459334215e-16,3.384237459334215e-16,,3.384237459334215e-16,,3.384237459334215e-16,,,,3.384237459334215e-16,,3.384237459334215e-16,,3.384237459334215e-16,3.384237459334215e-16,,,,3.384237459334215e-16,,,3.384237459334215e-16,3.384237459334215e-16,,,3.384237459334215e-16,
KO_EG10015,3.384237459334215e-16,0.0,0.00021993146552413812,3.384237459334215e-16,3.384237459334215e-16,0.021880155532578528,3.384237459334215e-16,0.05350616097939172,3.384237459334215e-16,0.00622292562858721,,0.0034806685186495223,0.0,3.384237459334215e-16,3.384237459334215e-16,0.010598560621005065,3.384237459334215e-16,0.0,0.0,0.0,0.002406392637472472,0.0,0.0,0.0,3.384237459334215e-16,0.0,3.384237459334215e-16,0.0,0.0,3.384237459334215e-16,3.384237459334215e-16,0.0,0.011741768478014062,0.0,0.01895967373552006,0.0,0.0,0.0012965743711826861,3.384237459334215e-16,3.384237459334215e-16,0.022797088945551644,,,,,3.384237459334215e-16,,,,,,,0.016163696571189594,3.384237459334215e-16,3.384237459334215e-16,,3.384237459334215e-16,,3.384237459334215e-16,,,,3.384237459334215e-16,,3.384237459334215e-16,,3.384237459334215e-16,3.384237459334215e-16,,,,3.384237459334215e-16,,,3.384237459334215e-16,3.384237459334215e-16,,,3.384237459334215e-16,
KO_EG10016,3.384237459334215e-16,0.011476347750930297,3.384237459334215e-16,3.384237459334215e-16,3.384237459334215e-16,0.0,3.384237459334215e-16,0.013957936186174868,3.384237459334215e-16,0.004338792774104323,,0.000444977616292385,0.007357053975174116,3.384237459334215e-16,3.384237459334215e-16,0.05432002833854827,3.384237459334215e-16,0.00021993146552413812,0.0005333159239803984,0.0,0.0,0.0012467836255362415,0.0,0.049642316200794276,3.384237459334215e-16,0.0,3.384237459334215e-16,0.029230197893123103,0.00932831902479628,3.384237459334215e-16,3.384237459334215e-16,0.0049765364938281105,0.0,0.007359113879515581,0.0,0.0,0.0206550437833843,0.0,3.384237459334215e-16,3.384237459334215e-16,0.0,,,,,3.384237459334215e-16,,,,,,,0.022566119527731507,3.384237459334215e-16,3.384237459334215e-16,,3.384237459334215e-16,,3.384237459334215e-16,,,,3.384237459334215e-16,,3.384237459334215e-16,,3.384237459334215e-16,3.384237459334215e-16,,,,3.384237459334215e-16,,,3.384237459334215e-16,3.384237459334215e-16,,,3.384237459334215e-16,
KO_EG10017,3.384237459334215e-16,0.0011646097537170402,3.384237459334215e-16,3.384237459334215e-16,3.384237459334215e-16,0.02391589154047054,3.384237459334215e-16,0.0,3.384237459334215e-16,0.02165887420048577,,0.0011152449397932955,0.0,3.384237459334215e-16,3.384237459334215e-16,0.010914734320236964,3.384237459334215e-16,0.0006597943965713507,0.004397189224421329,0.0,0.002186461171949059,0.0,0.0,0.0,3.384237459334215e-16,0.009786015895453283,3.384237459334215e-16,0.010536219841901985,0.0,3.384237459334215e-16,3.384237459334215e-16,0.0018519341251787389,0.0,0.005330018116033844,0.00529350483555177,0.0,0.0,0.004026736447452484,3.384237459334215e-16,3.384237459334215e-16,0.0,,,,,3.384237459334215e-16,,,,,,,0.006283500502666694,3.384237459334215e-16,3.384237459334215e-16,,3.384237459334215e-16,,3.384237459334215e-16,,,,3.384237459334215e-16,,3.384237459334215e-16,,3.384237459334215e-16,3.384237459334215e-16,,,,3.384237459334215e-16,,,3.384237459334215e-16,3.384237459334215e-16,,,3.384237459334215e-16,
KO_EG10018,3.384237459334215e-16,0.010352992284450824,3.384237459334215e-16,3.384237459334215e-16,3.384237459334215e-16,0.0,3.384237459334215e-16,0.0658938464677428,3.384237459334215e-16,0.0009338339653444118,,3.384237459334215e-16,0.0,3.384237459334215e-16,3.384237459334215e-16,0.029750051243340053,3.384237459334215e-16,0.00021993146552413812,0.0,0.0,0.0,0.0,0.000580718335135667,0.1921246971128248,3.384237459334215e-16,0.0,3.384237459334215e-16,0.0,0.21660646222612573,3.384237459334215e-16,3.384237459334215e-16,0.0011152449397932955,0.015403253186155612,0.0,0.014432223728660763,0.0,0.002196774381089532,0.0023485446720188955,3.384237459334215e-16,3.384237459334215e-16,0.045776364449742285,,,,,3.384237459334215e-16,,,,,,,0.0,3.384237459334215e-16,3.384237459334215e-16,,3.384237459334215e-16,,3.384237459334215e-16,,,,3.384237459334215e-16,,3.384237459334215e-16,,3.384237459334215e-16,3.384237459334215e-16,,,,3.384237459334215e-16,,,3.384237459334215e-16,3.384237459334215e-16,,,3.384237459334215e-16,
KO_EG10026,3.384237459334215e-16,0.0058082967394339526,3.384237459334215e-16,3.384237459334215e-16,3.384237459334215e-16,0.0,3.384237459334215e-16,0.03929287677219472,3.384237459334215e-16,0.0025576915240097713,,0.00021993146552413812,0.008190256311793325,3.384237459334215e-16,3.384237459334215e-16,0.010933978923717157,3.384237459334215e-16,0.0,0.0,0.0,0.002026146026236605,0.0022685755723963513,0.08817821634189259,0.07988401936830064,3.384237459334215e-16,0.0,3.384237459334215e-16,0.0,0.008931346539521315,3.384237459334215e-16,3.384237459334215e-16,0.0,0.019915042117510606,0.0,0.012637178932538014,0.0,0.0,0.001560222556085342,3.384237459334215e-16,3.384237459334215e-16,0.002325256798157148,,,,,3.384237459334215e-16,,,,,,,0.0,3.384237459334215e-16,3.384237459334215e-16,,3.384237459334215e-16,,3.384237459334215e-16,,,,3.384237459334215e-16,,3.384237459334215e-16,,3.384237459334215e-16,3.384237459334215e-16,,,,3.384237459334215e-16,,,3.384237459334215e-16,3.384237459334215e-16,,,3.384237459334215e-16,
KO_EG10028,3.384237459334215e-16,0.012552632032976631,0.00021993146552413812,3.384237459334215e-16,3.384237459334215e-16,0.030830907822785292,3.384237459334215e-16,0.0,3.384237459334215e-16,0.009478028220499417,,0.0022910840340051595,0.0,3.384237459334215e-16,3.384237459334215e-16,0.0017805088070040084,3.384237459334215e-16,0.0,0.0,0.004998756070892038,0.0,0.007513834883197104,0.0,0.0,3.384237459334215e-16,0.015986369972862003,3.384237459334215e-16,0.0,0.0,3.384237459334215e-16,3.384237459334215e-16,0.0,0.0008960425615287444,0.0093572693826122,0.0,0.0,0.0,0.0,3.384237459334215e-16,3.384237459334215e-16,0.0,,,,,3.384237459334215e-16,,,,,,,0.022962968575892913,3.384237459334215e-16,3.384237459334215e-16,,3.384237459334215e-16,,3.384237459334215e-16,,,,3.384237459334215e-16,,3.384237459334215e-16,,3.384237459334215e-16,3.384237459334215e-16,,,,3.384237459334215e-16,,,3.384237459334215e-16,3.384237459334215e-16,,,3.384237459334215e-16,
KO_EG10030,3.384237459334215e-16,0.0,3.384237459334215e-16,3.384237459334215e-16,3.384237459334215e-16,0.0,3.384237459334215e-16,0.0,3.384237459334215e-16,0.0,,3.384237459334215e-16,0.0,3.384237459334215e-16,3.384237459334215e-16,0.0,3.384237459334215e-16,0.00043986293104774445,0.00021993146552413812,0.0,0.000444977616292385,0.0,0.0,0.15814128202721311,3.384237459334215e-16,0.0,3.384237459334215e-16,0.0,0.1139766975698039,3.384237459334215e-16,3.384237459334215e-16,0.0008848405473399844,0.0,0.0,0.0,0.009012088052901934,0.0,0.00021993146552413812,3.384237459334215e-16,3.384237459334215e-16,0.03979075924343247,,,,,3.384237459334215e-16,,,,,,,0.010453871458833298,3.384237459334215e-16,3.384237459334215e-16,,3.384237459334215e-16,,3.384237459334215e-16,,,,3.384237459334215e-16,,3.384237459334215e-16,,3.384237459334215e-16,3.384237459334215e-16,,,,3.384237459334215e-16,,,3.384237459334215e-16,3.384237459334215e-16,,,3.384237459334215e-16,
KO_EG10031,3.384237459334215e-16,0.0021784779696841367,0.00021993146552413812,3.384237459334215e-16,3.384237459334215e-16,0.0,3.384237459334215e-16,0.020563102505137702,3.384237459334215e-16,0.0,,0.0,0.01053799239372348,3.384237459334215e-16,3.384237459334215e-16,0.0,3.384237459334215e-16,0.0013512689515747173,0.0001091804324480742,0.0,0.0009114060205273112,0.009683783308316138,0.0,0.10879860843387118,3.384237459334215e-16,0.0,3.384237459334215e-16,0.0,0.11775167286165707,3.384237459334215e-16,3.384237459334215e-16,0.0012018152979584012,0.027866105170225693,0.005751953627084401,0.0,0.0,0.0,0.0,3.384237459334215e-16,3.384237459334215e-16,0.013859611425361998,,,,,3.384237459334215e-16,,,,,,,0.0,3.384237459334215e-16,3.384237459334215e-16,,3.384237459334215e-16,,3.384237459334215e-16,,,,3.384237459334215e-16,,3.384237459334215e-16,,3.384237459334215e-16,3.384237459334215e-16,,,,3.384237459334215e-16,,,3.384237459334215e-16,3.384237459334215e-16,,,3.384237459334215e-16,
KO_EG10032,3.384237459334215e-16,0.002615747219049268,0.00021993146552413812,3.384237459334215e-16,3.384237459334215e-16,0.0,3.384237459334215e-16,0.0,3.384237459334215e-16,0.0,,0.0,0.0,3.384237459334215e-16,3.384237459334215e-16,0.02845791982325672,3.384237459334215e-16,0.0011152449397932955,0.0027747205379877954,0.0,0.0,0.0,0.0,0.0,3.384237459334215e-16,0.0,3.384237459334215e-16,0.00898926392801098,0.0,3.384237459334215e-16,3.384237459334215e-16,0.0,0.02999019001820721,0.0059607186649388395,0.014679617551314481,0.005680405288178714,0.0,0.0,3.384237459334215e-16,3.384237459334215e-16,0.0,,,,,3.384237459334215e-16,,,,,,,0.02804028271166685,3.384237459334215e-16,3.384237459334215e-16,,3.384237459334215e-16,,3.384237459334215e-16,,,,3.384237459334215e-16,,3.384237459334215e-16,,3.384237459334215e-16,3.384237459334215e-16,,,,3.384237459334215e-16,,,3.384237459334215e-16,3.384237459334215e-16,,,3.384237459334215e-16,
KO_EG10033,3.384237459334215e-16,0.0,3.384237459334215e-16,3.384237459334215e-16,3.384237459334215e-16,0.01959452697913856,3.384237459334215e-16,0.0,3.384237459334215e-16,0.0253539470633185,,0.0,0.0,3.384237459334215e-16,3.384237459334215e-16,0.007796781357041315,3.384237459334215e-16,0.004230520507807481,0.00932726824540992,0.0,0.0,0.0,0.004830831436529391,0.0,3.384237459334215e-16,0.016506708997220232,3.384237459334215e-16,0.0,0.01208904142986617,3.384237459334215e-16,3.384237459334215e-16,0.005084051399615384,0.03698506971831716,0.0033979026008895677,0.0,0.016677586505454645,0.0,0.008702898601754409,3.384237459334215e-16,3.384237459334215e-16,0.0,,,,,3.384237459334215e-16,,,,,,,0.0,3.384237459334215e-16,3.384237459334215e-16,,3.384237459334215e-16,,3.384237459334215e-16,,,,3.384237459334215e-16,,3.384237459334215e-16,,3.384237459334215e-16,3.384237459334215e-16,,,,3.384237459334215e-16,,,3.384237459334215e-16,3.384237459334215e-16,,,3.384237459334215e-16,
KO_EG10034,0.0008953134742694958,0.0,0.00021993146552413812,3.384237459334215e-16,3.384237459334215e-16,0.09757120169323935,3.384237459334215e-16,0.006154498147021914,3.384237459334215e-16,0.008856804175260793,,0.0,0.018888805226070126,3.384237459334215e-16,3.384237459334215e-16,0.00968893872314863,3.384237459334215e-16,0.0,0.0,0.004613919579996213,0.0019176560474199061,0.002970241323407922,0.018091900450120157,0.13223836124087504,3.384237459334215e-16,0.0,3.384237459334215e-16,0.003207785499310134,0.1387732903383262,3.384237459334215e-16,3.384237459334215e-16,0.0003420572973496357,0.0,0.01736736258586275,0.0,0.0037824924565790317,0.0014050862796457847,0.00013020337387511157,3.384237459334215e-16,3.384237459334215e-16,0.020328913997342043,,,,,3.384237459334215e-16,,,,,,,0.015635818649434596,3.384237459334215e-16,3.384237459334215e-16,,3.384237459334215e-16,,3.384237459334215e-16,,,,3.384237459334215e-16,,3.384237459334215e-16,,3.384237459334215e-16,3.384237459334215e-16,,,,3.384237459334215e-16,,,3.384237459334215e-16,3.384237459334215e-16,,,3.384237459334215e-16,
KO_EG10035,0.00021993146552413812,0.0,0.0,3.384237459334215e-16,3.384237459334215e-16,0.0,3.384237459334215e-16,0.0,3.384237459334215e-16,0.007560035586558596,,0.0022862989872003926,0.0,3.384237459334215e-16,3.384237459334215e-16,0.025384967057624122,3.384237459334215e-16,0.00230666126520645,0.003552806377620587,0.0,0.001373262098127194,0.0,0.0,0.0,3.384237459334215e-16,0.0,3.384237459334215e-16,0.01374659371905832,0.0,3.384237459334215e-16,3.384237459334215e-16,0.0006190799434721248,0.010617127544012266,0.004219353957682339,0.001734455072710266,0.003953497921562208,0.0,0.0,3.384237459334215e-16,3.384237459334215e-16,0.039637749870946065,,,,,3.384237459334215e-16,,,,,,,0.0,3.384237459334215e-16,3.384237459334215e-16,,3.384237459334215e-16,,3.384237459334215e-16,,,,3.384237459334215e-16,,3.384237459334215e-16,,3.384237459334215e-16,3.384237459334215e-16,,,,3.384237459334215e-16,,,3.384237459334215e-16,3.384237459334215e-16,,,3.384237459334215e-16,
KO_EG10039,3.384237459334215e-16,0.0,3.384237459334215e-16,3.384237459334215e-16,3.384237459334215e-16,0.036398013852230564,3.384237459334215e-16,0.04032948651843157,3.384237459334215e-16,0.0025292233326259187,,0.0006753820087456961,0.013977167622113559,3.384237459334215e-16,3.384237459334215e-16,0.010371061649734378,3.384237459334215e-16,0.0,0.002526592730730056,0.0,0.0006753820087456961,0.0036324041809102227,0.0,0.049475613309056116,3.384237459334215e-16,0.002544780546325206,3.384237459334215e-16,0.0,0.03347352459809468,3.384237459334215e-16,3.384237459334215e-16,0.004228051900036673,0.0,0.0,0.0,0.01808313028251458,0.0,0.0010642067966837017,3.384237459334215e-16,3.384237459334215e-16,0.0,,,,,3.384237459334215e-16,,,,,,,0.0,3.384237459334215e-16,3.384237459334215e-16,,3.384237459334215e-16,,3.384237459334215e-16,,,,3.384237459334215e-16,,3.384237459334215e-16,,3.384237459334215e-16,3.384237459334215e-16,,,,3.384237459334215e-16,,,3.384237459334215e-16,3.384237459334215e-16,,,3.384237459334215e-16,
KO_EG10040,3.384237459334215e-16,0.0,0.00021993146552413812,3.384237459334215e-16,3.384237459334215e-16,0.013145944251061721,3.384237459334215e-16,0.001188421167021628,3.384237459334215e-16,0.0,,0.003875303607996536,0.0,3.384237459334215e-16,3.384237459334215e-16,0.028869380064838426,3.384237459334215e-16,0.0,0.009749744640365057,0.0,0.0018287126413487518,0.0,0.0,0.0,3.384237459334215e-16,0.004285988014856933,3.384237459334215e-16,0.0014125622711697663,0.0,3.384237459334215e-16,3.384237459334215e-16,0.00813961130400014,0.0,0.0006562036737334074,0.0,0.0,0.0,0.008721195147857193,3.384237459334215e-16,3.384237459334215e-16,0.0356048862936956,,,,,3.384237459334215e-16,,,,,,,0.04592336062855253,3.384237459334215e-16,3.384237459334215e-16,,3.384237459334215e-16,,3.384237459334215e-16,,,,3.384237459334215e-16,,3.384237459334215e-16,,3.384237459334215e-16,3.384237459334215e-16,,,,3.384237459334215e-16,,,3.384237459334215e-16,3.384237459334215e-16,,,3.384237459334215e-16,
KO_EG10043,3.384237459334215e-16,0.0,0.00021993146552413812,3.384237459334215e-16,3.384237459334215e-16,0.0,3.384237459334215e-16,0.03525849897469348,3.384237459334215e-16,0.0,,0.0006597943965713507,0.0,3.384237459334215e-16,3.384237459334215e-16,0.0,3.384237459334215e-16,0.0008848405473395977,0.00043330815975042115,0.0011536812478882628,0.0,0.0035781913826856415,0.0,0.12703867337752406,3.384237459334215e-16,0.015947988738773438,3.384237459334215e-16,0.0005471459508872411,0.13032437317681378,3.384237459334215e-16,3.384237459334215e-16,0.0017696810946790504,0.0,0.012813226340429678,0.0,0.0,0.003228254136867238,0.0,3.384237459334215e-16,3.384237459334215e-16,0.0036625404797364157,,,,,3.384237459334215e-16,,,,,,,0.0,3.384237459334215e-16,3.384237459334215e-16,,3.384237459334215e-16,,3.384237459334215e-16,,,,3.384237459334215e-16,,3.384237459334215e-16,,3.384237459334215e-16,3.384237459334215e-16,,,,3.384237459334215e-16,,,3.384237459334215e-16,3.384237459334215e-16,,,3.384237459334215e-16,
KO_EG10044,0.0,0.0037149428174583646,0.0,3.384237459334215e-16,3.384237459334215e-16,0.0,3.384237459334215e-16,0.003962371851993237,3.384237459334215e-16,0.0,,0.001818239714419047,0.0,3.384237459334215e-16,3.384237459334215e-16,0.0,3.384237459334215e-16,0.0,0.0029946520035112082,0.0,0.0015610481341761869,0.005779299545018708,0.01906582853983133,0.0,3.384237459334215e-16,0.003275089591095259,3.384237459334215e-16,0.0,0.0,3.384237459334215e-16,3.384237459334215e-16,0.0,0.032429610357124584,0.0,0.0016623415724059867,0.0,0.0,0.00031899330872030805,3.384237459334215e-16,3.384237459334215e-16,0.0,,,,,3.384237459334215e-16,,,,,,,0.0,3.384237459334215e-16,3.384237459334215e-16,,3.384237459334215e-16,,3.384237459334215e-16,,,,3.384237459334215e-16,,3.384237459334215e-16,,3.384237459334215e-16,3.384237459334215e-16,,,,3.384237459334215e-16,,,3.384237459334215e-16,3.384237459334215e-16,,,3.384237459334215e-16,
KO_EG10046,3.384237459334215e-16,0.0,3.384237459334215e-16,3.384237459334215e-16,3.384237459334215e-16,0.0,3.384237459334215e-16,0.0,3.384237459334215e-16,0.0018593774768169767,,0.0,0.002823052820922638,3.384237459334215e-16,3.384237459334215e-16,0.0,3.384237459334215e-16,0.0007522767975601272,0.0,0.0,0.0,0.0,0.0,0.0,3.384237459334215e-16,0.0,3.384237459334215e-16,0.0,0.0,3.384237459334215e-16,3.384237459334215e-16,0.0,0.009740146810585186,0.008500254487402046,0.0,0.0023093729112141042,0.0,0.003073872612610246,3.384237459334215e-16,3.384237459334215e-16,0.0,,,,,3.384237459334215e-16,,,,,,,0.0,3.384237459334215e-16,3.384237459334215e-16,,3.384237459334215e-16,,3.384237459334215e-16,,,,3.384237459334215e-16,,3.384237459334215e-16,,3.384237459334215e-16,3.384237459334215e-16,,,,3.384237459334215e-16,,,3.384237459334215e-16,3.384237459334215e-16,,,3.384237459334215e-16,
KO_EG10050,0.00021993146552413812,0.011743964066687625,0.00043986293104774445,3.384237459334215e-16,3.384237459334215e-16,0.0,3.384237459334215e-16,0.050205368284276866,3.384237459334215e-16,0.0,,0.0006597943965713507,0.014615780478334481,3.384237459334215e-16,3.384237459334215e-16,0.00931381560848356,3.384237459334215e-16,0.0018413213709077658,0.008467677939407,0.029787397512836346,3.5075558778594195e-05,0.003996450977971103,0.01137198355983236,0.07611438294512894,3.384237459334215e-16,0.0,3.384237459334215e-16,0.028632443347660557,0.06541301113570111,3.384237459334215e-16,3.384237459334215e-16,0.0038866058058420797,0.013285422602109772,0.0,0.0063462416593527485,0.01028436071672408,0.025875798714140735,0.0010192487766741288,3.384237459334215e-16,3.384237459334215e-16,0.0,,,,,3.384237459334215e-16,,,,,,,0.024169665327119363,3.384237459334215e-16,3.384237459334215e-16,,3.384237459334215e-16,,3.384237459334215e-16,,,,3.384237459334215e-16,,3.384237459334215e-16,,3.384237459334215e-16,3.384237459334215e-16,,,,3.384237459334215e-16,,,3.384237459334215e-16,3.384237459334215e-16,,,3.384237459334215e-16,
KO_EG10051,0.00043986293104774445,0.005495546179288958,0.0006649090818161848,3.384237459334215e-16,3.384237459334215e-16,0.04960962109808001,3.384237459334215e-16,0.04082805499828318,3.384237459334215e-16,0.024723521097635683,,0.004214427961549665,0.0,3.384237459334215e-16,3.384237459334215e-16,0.0059674323872567795,3.384237459334215e-16,0.0,0.0,0.008016197483473977,0.0032196981542794555,0.004341867170975578,0.0,0.15028691824798213,3.384237459334215e-16,0.0,3.384237459334215e-16,0.015869414720623035,0.16846710329878903,3.384237459334215e-16,3.384237459334215e-16,0.0,0.0,0.0,0.0,0.0,0.018324088128177787,0.0,3.384237459334215e-16,3.384237459334215e-16,0.03215091417092958,,,,,3.384237459334215e-16,,,,,,,0.037566001811552265,3.384237459334215e-16,3.384237459334215e-16,,3.384237459334215e-16,,3.384237459334215e-16,,,,3.384237459334215e-16,,3.384237459334215e-16,,3.384237459334215e-16,3.384237459334215e-16,,,,3.384237459334215e-16,,,3.384237459334215e-16,3.384237459334215e-16,,,3.384237459334215e-16,
KO_EG10054,3.384237459334215e-16,0.0,3.384237459334215e-16,3.384237459334215e-16,3.384237459334215e-16,0.0,3.384237459334215e-16,0.025914375015059003,3.384237459334215e-16,0.021662239839509028,,0.0036553721424727363,0.008056211643738148,3.384237459334215e-16,3.384237459334215e-16,0.002062359594723613,3.384237459334215e-16,0.0016213899053845464,0.003154935897806571,0.007096686173780301,0.0,0.0,0.03947210659398266,0.0,3.384237459334215e-16,0.0,3.384237459334215e-16,0.009363215614266503,0.01721778225890218,3.384237459334215e-16,3.384237459334215e-16,0.0010872393805529958,0.0017888649761785439,0.005364387155379557,0.005227633784187109,0.0,0.0,0.006165086411894811,3.384237459334215e-16,3.384237459334215e-16,0.0,,,,,3.384237459334215e-16,,,,,,,0.0,3.384237459334215e-16,3.384237459334215e-16,,3.384237459334215e-16,,3.384237459334215e-16,,,,3.384237459334215e-16,,3.384237459334215e-16,,3.384237459334215e-16,3.384237459334215e-16,,,,3.384237459334215e-16,,,3.384237459334215e-16,3.384237459334215e-16,,,3.384237459334215e-16,
KO_EG10071,3.384237459334215e-16,0.00018535070808262176,0.0016561159262565522,3.384237459334215e-16,3.384237459334215e-16,0.0,3.384237459334215e-16,0.0,3.384237459334215e-16,0.0,,0.0009114060205273112,0.0,3.384237459334215e-16,3.384237459334215e-16,0.0,3.384237459334215e-16,0.0018287126413487518,0.0037329563748625116,0.011494690834194564,0.0,0.007120485977467825,0.0014785110511503,0.0,3.384237459334215e-16,0.0,3.384237459334215e-16,0.0,0.0,3.384237459334215e-16,3.384237459334215e-16,0.005659020582073486,0.0,0.0,0.011916447030352325,0.0048614215846269175,0.0,0.0007159743939047343,3.384237459334215e-16,3.384237459334215e-16,0.0,,,,,3.384237459334215e-16,,,,,,,0.012140489993297593,3.384237459334215e-16,3.384237459334215e-16,,3.384237459334215e-16,,3.384237459334215e-16,,,,3.384237459334215e-16,,3.384237459334215e-16,,3.384237459334215e-16,3.384237459334215e-16,,,,3.384237459334215e-16,,,3.384237459334215e-16,3.384237459334215e-16,,,3.384237459334215e-16,
KO_EG10084,0.000444977616292385,0.0,0.0,3.384237459334215e-16,3.384237459334215e-16,0.0,3.384237459334215e-16,0.0,3.384237459334215e-16,0.021781107383917923,,0.0,0.019905666327070606,3.384237459334215e-16,3.384237459334215e-16,0.008733376779576314,3.384237459334215e-16,0.0029546918857146537,0.007845861550515478,0.001909350150257841,0.0,0.0074998383935795335,0.0,0.0,3.384237459334215e-16,0.029500389594610453,3.384237459334215e-16,0.0,0.0,3.384237459334215e-16,3.384237459334215e-16,0.0,0.0,0.0,0.016333711232861522,0.0,0.0,0.0,3.384237459334215e-16,3.384237459334215e-16,0.01921801832230339,,,,,3.384237459334215e-16,,,,,,,0.0,3.384237459334215e-16,3.384237459334215e-16,,3.384237459334215e-16,,3.384237459334215e-16,,,,3.384237459334215e-16,,3.384237459334215e-16,,3.384237459334215e-16,3.384237459334215e-16,,,,3.384237459334215e-16,,,3.384237459334215e-16,3.384237459334215e-16,,,3.384237459334215e-16,
KO_EG10085,3.384237459334215e-16,0.002737847382674878,3.384237459334215e-16,3.384237459334215e-16,3.384237459334215e-16,0.0,3.384237459334215e-16,0.0,3.384237459334215e-16,0.0,,0.0006649090818157979,0.0,3.384237459334215e-16,3.384237459334215e-16,0.0,3.384237459334215e-16,0.0008899552325844316,0.0,0.0,0.0,0.01634115343908627,0.0,0.0,3.384237459334215e-16,0.015820311982577676,3.384237459334215e-16,0.008149643742054366,0.0,3.384237459334215e-16,3.384237459334215e-16,0.003396185685307899,0.005433851728713972,0.0,0.005395555020674305,0.01180604520146416,0.0,0.010451109440121908,3.384237459334215e-16,3.384237459334215e-16,0.00806862700267169,,,,,3.384237459334215e-16,,,,,,,0.0,3.384237459334215e-16,3.384237459334215e-16,,3.384237459334215e-16,,3.384237459334215e-16,,,,3.384237459334215e-16,,3.384237459334215e-16,,3.384237459334215e-16,3.384237459334215e-16,,,,3.384237459334215e-16,,,3.384237459334215e-16,3.384237459334215e-16,,,3.384237459334215e-16,
KO_EG10107,3.384237459334215e-16,0.006043960576246712,3.384237459334215e-16,3.384237459334215e-16,3.384237459334215e-16,0.019634063254156196,3.384237459334215e-16,0.0,3.384237459334215e-16,0.0038237301723292303,,0.0,0.011721220300651963,3.384237459334215e-16,3.384237459334215e-16,0.013712440456471455,3.384237459334215e-16,0.0013732620981268071,0.006310706451791065,0.024571473098905637,0.0006649090818161848,0.0,0.0,0.0,3.384237459334215e-16,0.007008606079074212,3.384237459334215e-16,0.0,0.0,3.384237459334215e-16,3.384237459334215e-16,0.004565803347989672,0.0,0.0020016497727431324,0.008235169030743431,0.006038573427689781,0.0,0.0008620439928651219,3.384237459334215e-16,3.384237459334215e-16,0.0,,,,,3.384237459334215e-16,,,,,,,0.0,3.384237459334215e-16,3.384237459334215e-16,,3.384237459334215e-16,,3.384237459334215e-16,,,,3.384237459334215e-16,,3.384237459334215e-16,,3.384237459334215e-16,3.384237459334215e-16,,,,3.384237459334215e-16,,,3.384237459334215e-16,3.384237459334215e-16,,,3.384237459334215e-16,
KO_EG10108,0.000444977616292385,0.003042412158803263,3.384237459334215e-16,3.384237459334215e-16,3.384237459334215e-16,0.034048673066158296,3.384237459334215e-16,0.0,3.384237459334215e-16,0.02563063195615132,,0.0,0.0,3.384237459334215e-16,3.384237459334215e-16,0.0,3.384237459334215e-16,0.0013349328488766717,0.010106969740441321,0.0,0.00140145843986094,0.0,0.0163653120614676,0.0,3.384237459334215e-16,0.014780150290267045,3.384237459334215e-16,0.0,0.0,3.384237459334215e-16,3.384237459334215e-16,0.003942081515104887,0.008992805219194586,0.0,0.0,0.01215435858005424,0.0024616660738996884,0.0,3.384237459334215e-16,3.384237459334215e-16,0.0,,,,,3.384237459334215e-16,,,,,,,0.0,3.384237459334215e-16,3.384237459334215e-16,,3.384237459334215e-16,,3.384237459334215e-16,,,,3.384237459334215e-16,,3.384237459334215e-16,,3.384237459334215e-16,3.384237459334215e-16,,,,3.384237459334215e-16,,,3.384237459334215e-16,3.384237459334215e-16,,,3.384237459334215e-16,
KO_EG10112,3.384237459334215e-16,0.008442349112088628,0.0,3.384237459334215e-16,3.384237459334215e-16,0.06563675276703154,3.384237459334215e-16,0.15244940104709215,3.384237459334215e-16,0.006112606829605136,,0.0010128633326191522,0.014454452931124864,3.384237459334215e-16,3.384237459334215e-16,0.0,3.384237459334215e-16,0.0,0.0026357985589681265,0.018518274756546237,0.0023210250080723987,0.0,0.01650440583509727,0.24178827837879424,3.384237459334215e-16,0.0,3.384237459334215e-16,0.0,0.23177288854300382,3.384237459334215e-16,3.384237459334215e-16,0.007076186525841361,2.1713625560469923e-06,0.0,0.03260990718898348,0.0,0.0018109214635399155,0.002198179444609373,3.384237459334215e-16,3.384237459334215e-16,0.01254820944494618,,,,,3.384237459334215e-16,,,,,,,0.0,3.384237459334215e-16,3.384237459334215e-16,,3.384237459334215e-16,,3.384237459334215e-16,,,,3.384237459334215e-16,,3.384237459334215e-16,,3.384237459334215e-16,3.384237459334215e-16,,,,3.384237459334215e-16,,,3.384237459334215e-16,3.384237459334215e-16,,,3.384237459334215e-16,
KO_EG10122,0.00043986293104774445,0.011679538073197333,0.00021993146552413812,3.384237459334215e-16,3.384237459334215e-16,0.0,3.384237459334215e-16,0.0,3.384237459334215e-16,0.001582000266520842,,0.0,0.0025884549888200723,3.384237459334215e-16,3.384237459334215e-16,0.03026942722213464,3.384237459334215e-16,0.0,0.0,0.0,0.0,0.006600528857677499,0.00025931434222799764,0.0006176637657994343,3.384237459334215e-16,0.0,3.384237459334215e-16,0.003798570929480731,0.02354146786388552,3.384237459334215e-16,3.384237459334215e-16,0.0,0.0,0.012695607910646263,0.006148413419174098,0.0002152633375410562,0.0036658302312879473,0.0,3.384237459334215e-16,3.384237459334215e-16,0.04898688722091088,,,,,3.384237459334215e-16,,,,,,,0.009409722094132158,3.384237459334215e-16,3.384237459334215e-16,,3.384237459334215e-16,,3.384237459334215e-16,,,,3.384237459334215e-16,,3.384237459334215e-16,,3.384237459334215e-16,3.384237459334215e-16,,,,3.384237459334215e-16,,,3.384237459334215e-16,3.384237459334215e-16,,,3.384237459334215e-16,
KO_EG10124,3.384237459334215e-16,0.0005152258451136164,3.384237459334215e-16,3.384237459334215e-16,3.384237459334215e-16,0.009274575378316214,3.384237459334215e-16,0.0,3.384237459334215e-16,0.006974853858615918,,0.00140145843986094,0.0,3.384237459334215e-16,3.384237459334215e-16,0.007734186520375287,3.384237459334215e-16,0.0,0.0001221254958850084,0.0,0.0,0.0033049764229675428,0.0,0.0,3.384237459334215e-16,0.0007379423891276562,3.384237459334215e-16,0.003883434641833114,0.0,3.384237459334215e-16,3.384237459334215e-16,0.002511345137968833,0.0,0.0,0.0,0.00244934156610581,0.01473632221085778,0.0,3.384237459334215e-16,3.384237459334215e-16,0.003908519604667948,,,,,3.384237459334215e-16,,,,,,,0.0045977735719628515,3.384237459334215e-16,3.384237459334215e-16,,3.384237459334215e-16,,3.384237459334215e-16,,,,3.384237459334215e-16,,3.384237459334215e-16,,3.384237459334215e-16,3.384237459334215e-16,,,,3.384237459334215e-16,,,3.384237459334215e-16,3.384237459334215e-16,,,3.384237459334215e-16,
KO_EG10129,3.384237459334215e-16,0.003602378425954719,3.384237459334215e-16,3.384237459334215e-16,3.384237459334215e-16,0.0,3.384237459334215e-16,0.0,3.384237459334215e-16,0.0,,0.0024629464428928775,0.00781522680835977,3.384237459334215e-16,3.384237459334215e-16,0.0,3.384237459334215e-16,0.0,0.0,0.0,3.384237459334215e-16,0.0,0.0,0.18896066518858504,3.384237459334215e-16,0.009528084812867326,3.384237459334215e-16,0.0,0.17916364974792692,3.384237459334215e-16,3.384237459334215e-16,0.0,0.0,0.0,0.018588069826177826,0.0,0.011315646140630051,0.0,3.384237459334215e-16,3.384237459334215e-16,0.06984611159884542,,,,,3.384237459334215e-16,,,,,,,0.0,3.384237459334215e-16,3.384237459334215e-16,,3.384237459334215e-16,,3.384237459334215e-16,,,,3.384237459334215e-16,,3.384237459334215e-16,,3.384237459334215e-16,3.384237459334215e-16,,,,3.384237459334215e-16,,,3.384237459334215e-16,3.384237459334215e-16,,,3.384237459334215e-16,
KO_EG10138,3.384237459334215e-16,0.0,0.0006753820087456961,3.384237459334215e-16,3.384237459334215e-16,0.05786115686392941,3.384237459334215e-16,0.02177114983155905,3.384237459334215e-16,0.003464908371346873,,0.0,0.03359157759616207,3.384237459334215e-16,3.384237459334215e-16,0.028163803308704743,3.384237459334215e-16,0.003226811409271454,0.0,0.007954148173435397,0.0,0.003571636611388318,0.10181073015005053,0.0,3.384237459334215e-16,0.005636926308016207,3.384237459334215e-16,0.006132593005915974,0.0,3.384237459334215e-16,3.384237459334215e-16,0.0,0.026633787011829915,0.008083698545827406,0.0,0.0,0.0062816861786584395,0.0,3.384237459334215e-16,3.384237459334215e-16,0.01875763767475927,,,,,3.384237459334215e-16,,,,,,,0.00410495145033239,3.384237459334215e-16,3.384237459334215e-16,,3.384237459334215e-16,,3.384237459334215e-16,,,,3.384237459334215e-16,,3.384237459334215e-16,,3.384237459334215e-16,3.384237459334215e-16,,,,3.384237459334215e-16,,,3.384237459334215e-16,3.384237459334215e-16,,,3.384237459334215e-16,
KO_EG10160,3.384237459334215e-16,0.0,3.384237459334215e-16,3.384237459334215e-16,3.384237459334215e-16,0.025402112119408144,3.384237459334215e-16,0.014954681790150743,3.384237459334215e-16,0.007559187217155913,,0.0018464360561529867,0.0,3.384237459334215e-16,3.384237459334215e-16,0.0,3.384237459334215e-16,0.0,0.004600533955836051,0.002409031836300485,0.0,0.0,0.05087125803504671,0.06046252456040499,3.384237459334215e-16,0.0,3.384237459334215e-16,0.0,0.013683995494688902,3.384237459334215e-16,3.384237459334215e-16,0.004370623751233616,0.0,0.01956835700112238,0.005329237249658981,0.0,0.0,0.0,3.384237459334215e-16,3.384237459334215e-16,0.01820645321671506,,,,,3.384237459334215e-16,,,,,,,0.0038412790370541093,3.384237459334215e-16,3.384237459334215e-16,,3.384237459334215e-16,,3.384237459334215e-16,,,,3.384237459334215e-16,,3.384237459334215e-16,,3.384237459334215e-16,3.384237459334215e-16,,,,3.384237459334215e-16,,,3.384237459334215e-16,3.384237459334215e-16,,,3.384237459334215e-16,
KO_EG10167,3.384237459334215e-16,0.0,3.384237459334215e-16,3.384237459334215e-16,3.384237459334215e-16,0.023078736302073882,3.384237459334215e-16,0.0,3.384237459334215e-16,0.0,,0.0,0.0,3.384237459334215e-16,3.384237459334215e-16,0.0,3.384237459334215e-16,0.0029028093739400904,0.0,0.009232145616625788,0.0,0.001420070523071925,0.002079171023690267,0.0,3.384237459334215e-16,0.0,3.384237459334215e-16,0.0,0.0,3.384237459334215e-16,3.384237459334215e-16,0.0,0.001532768394414905,0.0,0.0,0.0,0.009524337452659723,0.0016150062803544486,3.384237459334215e-16,3.384237459334215e-16,0.0,,,,,3.384237459334215e-16,,,,,,,0.0,3.384237459334215e-16,3.384237459334215e-16,,3.384237459334215e-16,,3.384237459334215e-16,,,,3.384237459334215e-16,,3.384237459334215e-16,,3.384237459334215e-16,3.384237459334215e-16,,,,3.384237459334215e-16,,,3.384237459334215e-16,3.384237459334215e-16,,,3.384237459334215e-16,
KO_EG10170,0.0011533306326033943,0.0022962477918695144,3.384237459334215e-16,3.384237459334215e-16,3.384237459334215e-16,0.0,3.384237459334215e-16,0.011321250390500302,3.384237459334215e-16,0.0,,3.384237459334215e-16,0.0,3.384237459334215e-16,3.384237459334215e-16,0.0,3.384237459334215e-16,0.00021993146552413812,0.0,0.0,0.0,0.003187426564618176,0.019634543791704148,0.0,3.384237459334215e-16,0.0,3.384237459334215e-16,0.011267995641455269,0.009277203430004394,3.384237459334215e-16,3.384237459334215e-16,0.0018131250291744064,0.0,0.007894897548103534,0.0,0.0,0.010435833004144343,0.0012243506037315983,3.384237459334215e-16,3.384237459334215e-16,0.0,,,,,3.384237459334215e-16,,,,,,,0.0,3.384237459334215e-16,3.384237459334215e-16,,3.384237459334215e-16,,3.384237459334215e-16,,,,3.384237459334215e-16,,3.384237459334215e-16,,3.384237459334215e-16,3.384237459334215e-16,,,,3.384237459334215e-16,,,3.384237459334215e-16,3.384237459334215e-16,,,3.384237459334215e-16,
KO_EG10172,3.384237459334215e-16,0.007125175054435408,0.000444977616292385,3.384237459334215e-16,3.384237459334215e-16,0.0,3.384237459334215e-16,0.0,3.384237459334215e-16,0.011244870482417728,,0.004472853899454526,0.0,3.384237459334215e-16,3.384237459334215e-16,0.030019059073102095,3.384237459334215e-16,0.0,0.0,0.0,0.0013145511954650603,0.0,0.0,0.0,3.384237459334215e-16,0.0,3.384237459334215e-16,0.0016379221129269852,0.0,3.384237459334215e-16,3.384237459334215e-16,0.0,0.017071860915974766,0.017452122929218328,0.00621362898482076,0.008441877934353885,0.016974648376586635,0.005399493611495677,3.384237459334215e-16,3.384237459334215e-16,0.0,,,,,3.384237459334215e-16,,,,,,,0.0,3.384237459334215e-16,3.384237459334215e-16,,3.384237459334215e-16,,3.384237459334215e-16,,,,3.384237459334215e-16,,3.384237459334215e-16,,3.384237459334215e-16,3.384237459334215e-16,,,,3.384237459334215e-16,,,3.384237459334215e-16,3.384237459334215e-16,,,3.384237459334215e-16,
