operon_id,num_tus,tu_ids
OP0,1,TU00209[c]
OP1,1,TU0-14634[c]
OP2,1,TU0-12962[c]
OP3,2,TU0-14299[c];TU0-3862[c]
OP4,1,TU582[c]
OP5,1,TU0-45156[c]
OP6,1,TU0-13839[c]
OP7,1,TU00280[c]
OP8,1,TU0-8574[c]
OP9,1,TU0-13593[c]
OP10,1,TU0-12833[c]
OP11,4,TU0-198742[c];TU0-198743[c];TU0-198744[c];TU0-45207[c]
OP12,1,TU0-8765[c]
OP13,2,TU0-7163[c];TU00293[c]
OP14,1,TU0-14396[c]
OP15,1,TU0-13106[c]
OP16,1,TU0-13984[c]
OP17,2,TU0-13300[c];TU0-7861[c]
OP18,1,TU0-13080[c]
OP19,1,TU0-6562[c]
OP20,1,TU0-6886[c]
OP21,1,TU0-14571[c]
OP22,3,TU0-14502[c];TU0-42698[c];TU00128[c]
OP23,2,TU0-14531[c];TU0-198746[c]
OP24,1,TU0-14417[c]
OP25,1,TU00115[c]
OP26,5,TU0-14638[c];TU0-198876[c];TU00169[c];gatYZABC[c];gatZABC[c]
OP27,1,TU0-13792[c]
OP28,1,TU00162[c]
OP29,1,TU0-8472[c]
OP30,1,TU0-6485[c]
OP31,2,TU0-12810[c];TU0-14495[c]
OP32,2,TU0-13807[c];TU0-14491[c]
OP33,1,TU0-8818[c]
OP34,2,TU0-8323[c];TU00203[c]
OP35,1,TU0-14162[c]
OP36,1,TU0-12924[c]
OP37,1,TU00056[c]
OP38,3,TU0-13579[c];TU0-13580[c];TU0-36413[c]
OP39,3,TU0-8301[c];TU0-8302[c];TU00385[c]
OP40,2,TU0-6635[c];TU00243[c]
OP41,1,TU67[c]
OP42,1,TU00347[c]
OP43,1,TU00220[c]
OP44,2,TU0-0[c];TU00046[c]
OP45,2,TU0-41793[c];TU0-45231[c]
OP46,1,TU0-13066[c]
OP47,1,TU0-13637[c]
OP48,1,EG10214_RNA[c]
OP49,1,TU0-6506[c]
OP50,1,TU0-45255[c]
OP51,1,TU862[c]
OP52,1,TU0-6653[c]
OP53,1,TU0-14004[c]
OP54,1,TU00281[c]
OP55,1,TU0-14640[c]
OP56,1,TU0-1002[c]
OP57,1,TU0-8745[c]
OP58,3,TU0-45222[c];TU0-45254[c];TU00523[c]
OP59,1,TU0-45225[c]
OP60,1,TU0-13651[c]
OP61,1,TU00057[c]
OP62,2,TU0-14783[c];TU685[c]
OP63,2,TU0-14513[c];TU00467[c]
OP64,1,TU0-13557[c]
OP65,1,TU0-6408[c]
OP66,1,TU00183[c]
OP67,3,TU0-42614[c];TU0-42616[c];TU00295[c]
OP68,1,TU0-13093[c]
OP69,1,TU0-14254[c]
OP70,2,TU-8414[c];TU00039[c]
OP71,1,TU0-14151[c]
OP72,3,TU0-13200[c];TU0-14472[c];TU0-6407[c]
OP73,2,TU0-12963[c];ppiB[c]
OP74,1,TU0-7521[c]
OP75,1,TU0-13883[c]
OP76,1,TU0-14158[c]
OP77,1,TU00313[c]
OP78,1,EG12663_RNA[c]
OP79,1,TU0-13627[c]
OP80,1,TU0-6569[c]
OP81,1,TU0-13069[c]
OP82,4,TU0-12827[c];TU0-36398[c];TU0-6443[c];map[c]
OP83,1,TU0-45229[c]
OP84,1,EG10982_RNA[c]
OP85,2,TU0-42684[c];TU00004[c]
OP86,1,TU00205[c]
OP87,1,TU0-13087[c]
OP88,3,TU0-13754[c];TU0-42571[c];TU00076[c]
OP89,3,TU0-42510[c];TU00067[c];TU3[c]
OP90,2,TU0-44199[c];TU0-8346[c]
OP91,1,TU0-3602[c]
OP92,1,EG10016_RNA[c]
OP93,7,TU0-5561[c];TU0-5564[c];TU0-5567[c];TU0-5568[c];TU0-5569[c];TU0-5581[c];TU00129[c]
OP94,1,TU0-3501[c]
OP95,1,TU0-6631[c]
OP96,1,TU00013[c]
OP97,4,TU0-45280[c];TU361[c];TU564[c];rpsA[c]
OP98,1,TU00346[c]
OP99,10,TU0-14255[c];TU0-14257[c];TU0-3304[c];TU0-3305[c];TU0-6626[c];TU0-6657[c];TU0-8855[c];TU0-8856[c];TU00174[c];TU00366[c]
OP100,4,TU0-13215[c];TU0-13216[c];TU0-41739[c];TU0-42524[c]
OP101,1,TU0-45181[c]
OP102,1,TU0-6501[c]
OP103,1,TU0-4961[c]
OP104,1,TU0-14099[c]
OP105,2,TU00321[c];potD[c]
OP106,2,TU0-14509[c];TU00170[c]
OP107,2,TU0-4181[c];rfaD[c]
OP108,3,TU0-14224[c];TU0-14225[c];TU0-6514[c]
OP109,1,TU0-13018[c]
OP110,1,TU0-13350[c]
OP111,2,TU0-13209[c];TU0-4404[c]
OP112,2,TU0-42202[c];TU00336[c]
OP113,1,TU0-901[c]
OP114,2,TU0-14511[c];TU00078[c]
OP115,3,TU0-14546[c];TU0-42568[c];TU0-44218[c]
OP116,1,TU0-13440[c]
OP117,7,TU0-8862[c];TU872[c];TU874[c];TU875[c];TU877[c];aroKB-damX[c];damX[c]
OP118,1,TU0-13917[c]
OP119,2,TU0-14696[c];TU00334[c]
OP120,7,TU0-4284[c];TU0-4287[c];TU0-5186[c];TU0-5201[c];TU0-5202[c];TU0-5221[c];TU00362[c]
OP121,1,TU0-13335[c]
OP122,6,TU0-14692[c];TU0-14693[c];TU0-14694[c];TU0-36418[c];TU0-36420[c];TU0-45216[c]
OP123,1,TU0-6481[c]
OP124,1,TU0-14120[c]
OP125,1,TU0-13741[c]
OP126,1,TU0-8360[c]
OP127,2,TU0-3901[c];TU0-7141[c]
OP128,2,TU0-42478[c];TU0-42508[c]
OP129,1,TU0-6482[c]
OP130,2,TU0-13514[c];TU0-13515[c]
OP131,1,TU00147[c]
OP132,1,TU0-14143[c]
OP133,1,TU0-3741[c]
OP134,1,TU0-13785[c]
OP135,1,TU0-14121[c]
OP136,1,TU0-6623[c]
OP137,1,TU0-5981[c]
OP138,5,TU0-5522[c];TU0-5523[c];TU0-5543[c];TU0-5601[c];TU00339[c]
OP139,1,TU0-14467[c]
OP140,1,TU00484[c]
OP141,1,TU0-198711[c]
OP142,1,TU00006[c]
OP143,2,TU21[c];pal[c]
OP144,3,TU0-14525[c];TU0-14744[c];TU0-7162[c]
OP145,1,TU0-3123[c]
OP146,1,EG12662_RNA[c]
OP147,1,TU0-8726[c]
OP148,3,TU0-42482[c];TU0-42499[c];TU00104[c]
OP149,3,TU0-6021[c];TU00160[c];TU621[c]
OP150,1,TU0-14366[c]
OP151,3,TU0-14537[c];TU0-6646[c];TU00017[c]
OP152,1,TU0-13284[c]
OP153,1,TU0-13084[c]
OP154,1,TU0-14070[c]
OP155,1,TU0-5402[c]
OP156,2,TU0-14305[c];TU00047[c]
OP157,1,TU0-14049[c]
OP158,1,EG10383_RNA[c]
OP159,3,TU0-14503[c];TU00001[c];aceBA[c]
OP160,1,TU0-42602[c]
OP161,1,TU0-6630[c]
OP162,1,TU0-198873[c]
OP163,1,TU0-8477[c]
OP164,2,TU0-13823[c];TU0-13824[c]
OP165,4,TU0-14506[c];TU0-14616[c];TU0-44196[c];TU0-7603[c]
OP166,3,TU0-12831[c];TU0-14340[c];TU0-14609[c]
OP167,1,TU00012[c]
OP168,1,TU00054[c]
OP169,1,TU0-7341[c]
OP170,4,TU0-14463[c];TU0-6652[c];TU0-7805[c];TU00043[c]
OP171,2,TU0-14536[c];TU0-1962[c]
OP172,1,TU00087[c]
OP173,1,TU0-13132[c]
OP174,4,TU0-198747[c];TU0-42511[c];TU0-6650[c];TU00285[c]
OP175,3,TU0-6654[c];TU0-6660[c];TU0-8474[c]
OP176,1,TU0-12942[c]
OP177,1,TU0-7281[c]
OP178,1,TU00351[c]
OP179,1,TU344[c]
OP180,1,TU00157[c]
OP181,3,TU0-14519[c];TU0-5121[c];TU00348[c]
OP182,8,TU-8398[c];TU0-14290[c];TU0-14291[c];TU0-14292[c];TU0-198865[c];TU0-198866[c];TU0-36430[c];TU00487[c]
OP183,1,TU0-8610[c]
OP184,1,TU00368[c]
OP185,1,TU0-4444[c]
OP186,2,TU0-42569[c];TU00357[c]
OP187,1,TU0-13552[c]
OP188,1,TU0-5162[c]
OP189,2,TU0-13373[c];TU0-42694[c]
OP190,2,TU0-14547[c];TU0-4502[c]
OP191,2,TU0-4161[c];TU00256[c]
OP192,3,TU0-198697[c];TU0-45147[c];TU00222[c]
OP193,3,TU0-42514[c];TU0-45291[c];TU00085[c]
OP194,1,TU0-8473[c]
OP195,1,TU0-8101[c]
OP196,1,TU0-5061[c]
OP197,1,TU0-42461[c]
OP198,1,TU00112[c]
OP199,1,TU0-13078[c]
OP200,1,TU00144[c]
OP201,1,TU0-14819[c]
OP202,1,TU0-42509[c]
OP203,1,TU00111[c]
OP204,6,TU0-6512[c];TU0-7002[c];TU0-8464[c];TU00335[c];rplJL[c];rplKAJL[c]
OP205,1,TU00455[c]
OP206,1,TU0-14176[c]
OP207,1,TU0-5961[c]
OP208,1,TU0-14042[c]
OP209,1,TU0-6441[c]
OP210,1,TU00090[c]
OP211,1,TU0-13935[c]
OP212,3,TU0-14415[c];TU0-3581[c];argT-hisJ[c]
OP213,1,TU0-1021[c]
OP214,2,TU0-14500[c];TU00373[c]
OP215,1,TU0-6425[c]
OP216,1,TU00058[c]
OP217,2,TU0-14787[c];TU00219[c]
OP218,2,TU0-6884[c];TU00109[c]
OP219,1,TU0-13713[c]
OP220,1,TU0-12947[c]
OP221,2,TU0-14431[c];TU0-8347[c]
OP222,1,TU0-4929[c]
OP223,1,TU00106[c]
OP224,1,TU0-7842[c]
OP225,1,TU0-14356[c]
OP226,2,TU0-13010[c];leuS-lptE[c]
OP227,1,TU0-13286[c]
OP228,1,TU0-6409[c]
OP229,2,TU0-198714[c];TU0-198879[c]
OP230,1,TU0-12812[c]
OP231,1,TU0-8773[c]
OP232,3,TU0-13240[c];TU0-41760[c];TU0-8699[c]
OP233,1,TU0-1063[c]
OP234,1,TU0-14192[c]
OP235,1,TU00008[c]
OP236,1,TU102[c]
OP237,1,TU00192[c]
OP238,1,TU00060[c]
OP239,1,TU0-6422[c]
OP240,1,TU00116[c]
OP241,1,TU00101[c]
OP242,2,TU0-42515[c];TU0-4802[c]
OP243,2,TU0-45265[c];TU00461[c]
OP244,4,TU0-12921[c];TU0-14466[c];nusB[c];ribE-nusB[c]
OP245,1,TU0-8793[c]
OP246,3,TU00337[c];rplNXE-rpsNH-rplFR-rpsE-rpmD-rplO[c];rpmJ[c]
OP247,1,TU0-13077[c]
OP248,1,TU164[c]
OP249,2,TU00340[c];rpmH[c]
OP250,1,TU0-13135[c]
OP251,1,TU00270[c]
OP252,1,EG10901_RNA[c]
OP253,1,TU0-1547[c]
OP254,1,TU0-13837[c]
OP255,2,TU0-14518[c];TU0-7981[c]
OP256,2,TU0-4201[c];TU0-4202[c]
OP257,1,TU0-13519[c]
OP258,2,TU0-14521[c];TU0-4701[c]
OP259,1,TU0-13885[c]
OP260,1,TU841[c]
OP261,1,TU0-14658[c]
OP262,1,TU0-3426[c]
OP263,1,TU00117[c]
OP264,3,TU0-14460[c];TU00352[c];TU00472[c]
OP265,1,TU00185[c]
OP266,1,TU00184[c]
OP267,1,TU0-8828[c]
OP268,3,TU0-14538[c];TU0-5843[c];TU00298[c]
OP269,2,TU0-42486[c];TU00178[c]
OP270,2,TU0-42628[c];TU00338[c]
OP271,1,TU0-5501[c]
OP272,1,TU0-8493[c]
OP273,1,TU0-14459[c]
OP274,1,TU0-14792[c]
OP275,1,TU0-13783[c]
OP276,3,TU0-14520[c];TU00444[c];cvpA-purF[c]
OP277,2,TU0-4682[c];TU0-4924[c]
OP278,3,TU0-13929[c];TU0-13930[c];TU0-14479[c]
OP279,1,TU0-14159[c]
OP280,1,TU0-13444[c]
OP281,1,TU00258[c]
OP282,1,TU0-42451[c]
OP283,3,TU0-1601[c];TU0-198885[c];TU0-42543[c]
OP284,3,TU0-14496[c];TU0-14629[c];TU0-8864[c]
OP285,2,TU0-13539[c];folE[c]
OP286,1,TU101[c]
OP287,5,TU0-14294[c];TU0-1921[c];TU0-198883[c];TU0-198884[c];TU0-4001[c]
OP288,1,TU0-14018[c]
OP289,1,TU0-8806[c]
OP290,1,TU0-12838[c]
OP291,1,TU00146[c]
OP292,2,TU0-4562[c];TU00159[c]
OP293,3,TU0-13182[c];TU0-13183[c];TU0-55017[c]
OP294,1,TU00061[c]
OP295,1,TU00238[c]
OP296,1,TU00055[c]
OP297,1,TU0-8772[c]
OP298,2,TU0-6649[c];TU0-8001[c]
OP299,1,TU0-13189[c]
OP300,1,TU0-8492[c]
OP301,3,TU0-14322[c];TU0-14474[c];TU0-6405[c]
OP302,1,TU00094[c]
OP303,2,TU0-13210[c];TU0-13211[c]
OP304,4,TU0-42516[c];TU0-6651[c];TU524[c];TU526[c]
OP305,3,TU0-13565[c];TU0-13566[c];TU0-14691[c]
OP306,1,TU0-14399[c]
OP307,3,TU0-14253[c];TU0-14394[c];TU00291[c]
OP308,1,TU0-13100[c]
OP309,1,TU0-13987[c]
OP310,1,TU0-36414[c]
OP311,1,TU0-14454[c]
OP312,1,TU00009[c]
OP313,1,TU0-3645[c]
OP314,1,TU00214[c]
OP315,2,TU0-13642[c];TU0-14404[c]
OP316,1,TU00254[c]
OP317,1,TU00218[c]
OP318,10,TU0-1[c];TU0-42537[c];TU0-42538[c];TU0-5[c];TU00266[c];TU441[c];TU442[c];TU443[c];TU601[c];rpmF[c]
OP319,1,TU0-14161[c]
OP320,1,TU00082[c]
OP321,1,TU0-1881[c]
OP322,2,TU0-14412[c];TU0-14654[c]
OP323,1,TU0-13848[c]
OP324,1,TU00003[c]
OP325,2,TU0-44205[c];TU5[c]
OP326,1,TU0-8121[c]
OP327,1,TU0-14642[c]
OP328,2,TU0-2302[c];metQ[c]
OP329,1,TU0-12797[c]
OP330,2,TU0-13499[c];TU0-198886[c]
OP331,1,TU0-13736[c]
OP332,1,TU0-14313[c]
OP333,1,TU0-8343[c]
