project,variant,label,mean_growth_rate,median_growth_rate,std_growth_rate,max_growth_rate,initial_dry_mass,final_dry_mass,max_dry_mass,fold_change_mass,duration_sec,n_timepoints,generations_used
gene_ko_441imported_2seeds,1,KO: EG10109,0.00020401768510121748,0.0002296322025273219,8.17243177086368e-05,0.00027233123351859303,410.985293452835,650.9219441651449,702.3302545847632,1.5838083613564757,22423.0,60,8
gene_ko_441imported_2seeds,2,KO: EG10894,0.0001578576551979889,0.0001561746220581937,7.892718547644041e-05,0.00028499580478466774,411.0385041526016,333.20391797901254,705.1552417323894,0.8106391849248938,17460.0,47,8
gene_ko_441imported_2seeds,3,KO: EG11288,0.000196314484390695,0.00021736144790790728,7.825253393501274e-05,0.00029337782741548627,411.0579612277894,579.3981813159305,702.9321715711565,1.4095291563878865,22834.0,62,8
gene_ko_441imported_2seeds,4,KO: EG10539,0.00020776819432165801,0.00023303107917284086,8.588492159821887e-05,0.00038155936377296575,411.04597260286755,671.7056404904006,705.6624044091441,1.6341375059265442,22165.0,59,8
gene_ko_441imported_2seeds,5,KO: EG12087,0.00020783032012656425,0.0002352325664630141,8.277612981365604e-05,0.0003001028747161062,411.06022891655095,627.1201135992337,698.3367332358503,1.5256161250436733,22145.0,61,8
gene_ko_441imported_2seeds,6,KO: EG10878,8.017923045186747e-05,5.576802940818285e-05,6.672458835772778e-05,0.00032311813450281357,411.0385041526016,291.9581908589464,696.662961554144,0.710294018466344,26693.0,69,8
gene_ko_441imported_2seeds,7,KO: EG10891,0.0003588487397683867,0.00022564562245150458,0.00044642880042225074,0.002520702464689347,411.0385041526016,5608.699449941769,5608.699449941769,13.645192343974399,16237.0,44,8
gene_ko_441imported_2seeds,8,KO: EG10796,0.00017806523831889753,0.00018841724085614926,7.111458277326641e-05,0.0002783386507006121,411.0496726665406,535.291879594067,689.6076361423368,1.302255944206326,25172.0,67,8
gene_ko_441imported_2seeds,9,KO: G6561,0.0001933863582957651,0.00021766036918618818,8.067143466466632e-05,0.00032024774448902995,411.0755262994153,605.2735045702518,716.848700523577,1.4724143517349375,23654.0,63,8
gene_ko_441imported_2seeds,10,KO: EG11050,0.000179448717831551,0.00019787787629930659,7.102119280337149e-05,0.00028511938736204036,411.06499097200617,523.2717242028104,676.3989588975703,1.2729659194899563,24843.0,67,8
gene_ko_441imported_2seeds,11,KO: EG10887,0.0003106116614547032,0.0002091399660337114,0.00034940145379575477,0.0015019378545594855,411.0385041526016,4171.436890284099,4171.436890284099,10.148530729217077,16914.0,45,8
gene_ko_441imported_2seeds,12,KO: EG10582,0.00021410690390733582,0.00023838514288476687,8.701538724414232e-05,0.0003055383688633769,411.0499626516288,748.9392905890379,748.9392905890379,1.8220152259781996,22037.0,60,8
gene_ko_441imported_2seeds,13,KO: EG20248,0.00021332901654246922,0.00023701113206195038,8.970924187828532e-05,0.00031761291605018384,411.0595355708808,698.1766229303103,775.0230559905299,1.698480542388295,21328.0,57,8
gene_ko_441imported_2seeds,14,KO: EG12712,0.00020540119002364937,0.00023379740616797815,8.332791884886223e-05,0.00029680208627460083,411.0499626516288,708.1662712266789,708.1662712266789,1.722822857490102,22668.0,60,8
gene_ko_441imported_2seeds,15,KO: EG10420,0.0001951978255106389,0.00022170359380894704,7.716678433449007e-05,0.0002717081813888759,411.03254367817556,645.7948180761157,683.7525558782768,1.5711525230998522,23575.0,62,8
gene_ko_441imported_2seeds,16,KO: EG10120,0.00021460913870219498,0.0002422825909855338,9.166448603558652e-05,0.0003438489609315517,411.0588264093001,619.3239434319628,756.7983219751677,1.5066552611019441,20841.0,56,8
gene_ko_441imported_2seeds,17,KO: EG11029,0.00020970462930568917,0.00023798104710756894,9.733968330584468e-05,0.0005676862210442613,411.0419605679559,588.3951954357756,707.631733075873,1.4314723358723824,21678.0,57,8
gene_ko_441imported_2seeds,18,KO: EG12293,0.0001871420479043368,0.00019446622182941152,9.132299342417652e-05,0.0005699773370256729,411.062617294495,506.40132849688484,704.7510841869371,1.2319323314532562,23807.0,64,8
gene_ko_441imported_2seeds,19,KO: EG10410,9.162850179691404e-05,6.941946697173101e-05,7.146288671536024e-05,0.0003119821024362074,411.0498029868437,281.2046041374581,705.4212154216668,0.6841132196004446,37012.0,96,8
gene_ko_441imported_2seeds,20,KO: EG10895,0.0001578576551979889,0.0001561746220581937,7.892718547644041e-05,0.00028499580478466774,411.0385041526016,333.20391797901254,705.1552417323894,0.8106391849248938,17460.0,47,8
gene_ko_441imported_2seeds,21,KO: EG10549,0.00021042875119264688,0.0002394621908360551,8.687778388746865e-05,0.0002922827132448629,411.04597260286755,635.9458763519506,769.4029606345046,1.5471405116195367,21324.0,58,8
gene_ko_441imported_2seeds,22,KO: EG10099,0.0002214352128482579,0.0002517597091161979,9.20853025468115e-05,0.0003075999640155194,411.05483066392844,676.2791077742233,743.7960814443136,1.6452284642462647,20805.0,56,8
gene_ko_441imported_2seeds,23,KO: EG10581,9.611835990585031e-05,6.730694230415324e-05,7.662477966768212e-05,0.0002991690646447205,411.05251175008254,289.40353688722337,702.2745982644051,0.7040549044575087,35559.0,92,8
gene_ko_441imported_2seeds,24,KO: EG10872,0.0003026443859779375,0.00019584290741090623,0.0003105822655744116,0.0014072237052957172,411.0385041526016,3578.3850691258995,3578.3850691258995,8.70571742786752,15526.0,42,8
gene_ko_441imported_2seeds,25,KO: EG11575,8.850332906996785e-05,6.984133774994842e-05,6.690337272833427e-05,0.00028815237149692,411.04648527016036,326.77491925766606,711.9208689259353,0.7949828814200739,25791.0,67,8
gene_ko_441imported_2seeds,26,KO: EG10105,0.0002214352128482579,0.0002517597091161979,9.20853025468115e-05,0.0003075999640155194,411.05483066392844,676.2791077742233,743.7960814443136,1.6452284642462647,20805.0,56,8
gene_ko_441imported_2seeds,27,KO: G6842,0.00021883041650312565,0.0002484623278009695,9.151053328986744e-05,0.00033050898575243793,411.06849396764335,712.8437323896078,780.118885310955,1.7341239789729987,21407.0,58,8
gene_ko_441imported_2seeds,28,KO: EG10182,0.00021042558454278893,0.0002377010020755197,8.747317720447095e-05,0.0003336162399903849,411.04705768671056,629.55584751641,733.0923646390877,1.5315906919743512,21597.0,59,8
gene_ko_441imported_2seeds,29,KO: EG12075,0.00020351431560389926,0.00022884096006804214,8.368257497055728e-05,0.0003752254663403044,411.0462572755042,613.7325867297602,747.0008892530966,1.4930985889464146,22481.0,61,8
gene_ko_441imported_2seeds,30,KO: EG10078,8.544987555889951e-05,6.065880268045051e-05,7.281440738413036e-05,0.0003267528226822635,411.0455227461773,280.9437054725852,727.2891862801941,0.6834856236740214,39972.0,104,8
gene_ko_441imported_2seeds,31,KO: EG10892,0.00032858507151936595,0.00022567879895449595,0.0003059237689516442,0.0011637390879291312,411.0385041526016,2957.1198601138285,5306.836372261871,7.194264844385411,13915.0,39,8
gene_ko_441imported_2seeds,32,KO: EG11040,0.000198081411604492,0.0002133077045590553,8.036141586589546e-05,0.00031137834519097917,411.04822425253315,623.6057519684125,737.7974390537611,1.517110925615608,23278.0,63,8
gene_ko_441imported_2seeds,33,KO: EG10794,0.000615973733710427,0.00023557372964815056,0.003089243340846746,0.02393024784294398,410.98347509519533,624.0225387345445,733.2076607340905,1.518364062180367,21727.0,58,8
gene_ko_441imported_2seeds,34,KO: G6701,0.00019140190440128114,0.00020838732542982305,8.195623813372205e-05,0.0003076634435913233,411.00725803289754,580.7567580867676,755.9060838889372,1.4130085217139476,23425.0,62,8
gene_ko_441imported_2seeds,35,KO: G6237,0.0002136201534872321,0.00024607768123475517,9.065597120447439e-05,0.00031073973141882544,411.0313935879673,627.340832183444,749.4960302492511,1.5262601396629893,20969.0,56,8
gene_ko_441imported_2seeds,36,KO: EG10709,0.0001164622405369656,8.641118782371175e-05,9.439782033318683e-05,0.0005001317134796911,411.0385041526016,366.71409635059274,711.3589120536294,0.8921648279803173,32548.0,86,8
gene_ko_441imported_2seeds,37,KO: G7836,0.0002159525196113547,0.00023578954303928,9.205305465472167e-05,0.00036918950604792293,411.0699776741951,662.6998208582027,796.3668555694885,1.61213383815503,21431.0,58,8
gene_ko_441imported_2seeds,38,KO: EG11736,0.00022606958454479212,0.0002499976337613498,0.00010114227704847706,0.0005592570487723542,411.06570167965515,674.1042485198379,775.0190661913339,1.6398941720639335,20597.0,57,8
gene_ko_441imported_2seeds,39,KO: EG12078,0.00020351431560389926,0.00022884096006804214,8.368257497055728e-05,0.0003752254663403044,411.0462572755042,613.7325867297602,747.0008892530966,1.4930985889464146,22481.0,61,8
gene_ko_441imported_2seeds,40,KO: EG11663,0.000200719360460554,0.00022755287207071223,8.186959419760532e-05,0.00034696879188329745,411.080910936358,626.5355564677084,717.0457166622689,1.5241173691101075,22520.0,61,8
gene_ko_441imported_2seeds,41,KO: EG10904,0.0001120987872999365,7.044865737069068e-05,9.28822489547111e-05,0.0002885112675941354,411.0385041526016,190.6896076478776,693.3959994821257,0.463921520055655,25645.0,68,8
gene_ko_441imported_2seeds,42,KO: EG10532,0.00010875179019415513,7.342720569544981e-05,8.955804238906975e-05,0.00032296261606909633,411.0319646253902,324.18906864732924,719.8747124603856,0.7887198479631419,31549.0,82,8
gene_ko_441imported_2seeds,43,KO: EG10188,0.00021205083110639595,0.00024008309683969039,8.819521447753669e-05,0.00030098555710393534,411.1135564330399,656.9433506053683,756.0137576598274,1.5979608074840217,21659.0,59,8
gene_ko_441imported_2seeds,44,KO: EG10808,0.00018793275232371394,0.00021213700935668184,8.104911064741894e-05,0.0002691736735780102,411.0566904095216,497.16952327712465,692.0753447137727,1.209491378869936,22814.0,60,8
gene_ko_441imported_2seeds,45,KO: EG10052,0.00022458016523957763,0.0002580302856686861,0.00010365069767844301,0.0005851605451114752,411.0419605679559,649.3923159177798,751.8721238395049,1.5798686708784768,20638.0,56,8
gene_ko_441imported_2seeds,46,KO: EG10027,0.00019724655980872562,0.00021254495079513287,8.284710144624485e-05,0.000298707637372236,411.0164176396121,638.9665818861331,749.277254372126,1.5546011168011118,23162.0,62,8
gene_ko_441imported_2seeds,47,KO: EG12424,0.000196412532343967,0.00021743920504795308,7.857551497146724e-05,0.00027198182761007327,411.0382549043808,586.6527046717767,688.9989891389025,1.427245998814025,22906.0,61,8
gene_ko_441imported_2seeds,48,KO: EG10196,9.922236894846745e-05,5.619923013045207e-05,8.879727012708308e-05,0.00028758285077712387,411.0615737257293,278.39001487887685,691.3183476989066,0.677246506783983,26831.0,71,8
gene_ko_441imported_2seeds,49,KO: EG11112,0.000194807235654831,0.00022203118858596653,7.887236178979962e-05,0.0002753434287915934,411.09062810407136,565.3832469486715,701.5638349830335,1.375325070182674,22857.0,61,8
gene_ko_441imported_2seeds,50,KO: G6397,0.0002027124564144283,0.00022518726856169367,9.247160120756277e-05,0.000566547895810939,411.0199380515245,583.6463254145553,692.0163125588142,1.419995166612552,22528.0,60,8
gene_ko_441imported_2seeds,51,KO: EG10073,0.00019404779571823174,0.00021775548932784387,7.936957955301031e-05,0.0003375662045782337,411.03625201577324,660.1463968768076,700.6237165759801,1.6060539517849508,23895.0,63,8
gene_ko_441imported_2seeds,52,KO: EG10137,0.00019950684351543237,0.00022164635048588824,7.915722049579465e-05,0.0002777482019044447,411.014242590399,675.7512583517396,703.5482477818907,1.644106671566531,23269.0,62,8
gene_ko_441imported_2seeds,53,KO: EG10361,0.0001973486239549227,0.00021910149779938318,7.815687106204575e-05,0.00027509469704567566,411.0642912616413,614.8457201866502,694.7735390939654,1.4957410148654886,23146.0,62,8
gene_ko_441imported_2seeds,54,KO: EG10383,8.374468529740152e-05,6.946318475406212e-05,5.947563700712407e-05,0.0002929493738215629,411.13416945930896,324.5677861999076,676.2864100298855,0.7894449313876134,27698.0,72,8
gene_ko_441imported_2seeds,55,KO: EG10928,0.00018754506288216557,0.00020598916881163487,7.453208823108701e-05,0.0002876370425860197,411.06008839675656,608.0773976004787,712.9765569385077,1.479290777103031,24413.0,64,8
gene_ko_441imported_2seeds,56,KO: EG10036,0.00019821508932147614,0.0002263399731078358,7.810379151069394e-05,0.0002661699789545422,411.05688241307234,616.8212762795927,691.5635181790356,1.50057401461958,22771.0,61,8
gene_ko_441imported_2seeds,57,KO: EG10866,0.0003106116614547032,0.0002091399660337114,0.00034940145379575477,0.0015019378545594855,411.0385041526016,4171.436890284099,4171.436890284099,10.148530729217077,16914.0,45,8
gene_ko_441imported_2seeds,58,KO: EG10774,0.00021328337172305117,0.00023928917792113768,8.789306960105079e-05,0.000318190101110651,411.05991058479185,631.7741157969174,732.7876493605377,1.5369392624499134,21319.0,58,8
gene_ko_441imported_2seeds,59,KO: EG10914,0.00046532671819813156,0.0002770933773009581,0.0005347562265955673,0.002697111365901779,411.0385041526016,5574.054131584455,5574.054131584455,13.560905061865054,11251.0,31,8
gene_ko_441imported_2seeds,60,KO: EG11027,8.793707153070277e-05,6.986568580826732e-05,5.7395112884278946e-05,0.00026535795652341557,411.013585888094,317.8387190025677,667.0549316140962,0.7733046544332604,39530.0,102,8
gene_ko_441imported_2seeds,61,KO: EG10118,0.00021460913870219498,0.0002422825909855338,9.166448603558652e-05,0.0003438489609315517,411.0588264093001,619.3239434319628,756.7983219751677,1.5066552611019441,20841.0,56,8
gene_ko_441imported_2seeds,62,KO: EG11221,0.00018406609859898524,0.00020507021045287785,7.255676978613421e-05,0.00027018040353430793,411.02565721122414,567.241506481884,695.2955645154552,1.3800634985430638,24122.0,64,8
gene_ko_441imported_2seeds,63,KO: EG12713,0.0002102355334111234,0.0002400444742235244,8.654687127955277e-05,0.0003151218762579458,411.0792528586446,703.6925753590394,729.3323984866895,1.7118172967026726,22196.0,60,8
gene_ko_441imported_2seeds,64,KO: EG10095,0.00020684511518407424,0.00023847324789384803,8.498750803639083e-05,0.0002891880336012708,411.068539295091,650.6058138945791,737.4645678977745,1.5827185778076125,22432.0,59,8
gene_ko_441imported_2seeds,65,KO: EG10905,0.0003076329251028809,0.00023903893266515714,0.00030951165908813666,0.0013031588504149726,411.0385041526016,2827.283573828724,2827.283573828724,6.878391063770198,15040.0,41,8
gene_ko_441imported_2seeds,66,KO: G6775,0.00021262215465685838,0.0002386685929387744,8.767015051442057e-05,0.00030748898796064284,411.0792528586446,660.9043497914929,736.7401127575888,1.6077297630458478,21517.0,58,8
gene_ko_441imported_2seeds,67,KO: EG10759,0.0002149610667009727,0.0002453628977284182,8.904463924659242e-05,0.0003553346468118511,411.0189993729209,659.535360306588,707.5146646891731,1.604634728109457,21382.0,57,8
gene_ko_441imported_2seeds,68,KO: EG10791,0.0002215366053319404,0.00024521432596621794,9.53855525276739e-05,0.0003754708343485647,411.013585888094,616.2709069672339,814.4347822520076,1.4993930325578704,20429.0,56,8
gene_ko_441imported_2seeds,69,KO: G7859,0.00019555039366951412,0.0002169989878117344,8.099102072732555e-05,0.0003037833781942128,411.06499097200617,597.4801557420399,737.6525528977638,1.4534931674167522,22799.0,62,8
gene_ko_441imported_2seeds,70,KO: EG11692,0.00019299478146629165,0.00021570287764746478,7.867500746988719e-05,0.0002949480970830013,411.0518877619877,565.2060979812647,726.4112417765737,1.375023725249347,23152.0,62,8
gene_ko_441imported_2seeds,71,KO: EG10100,0.0002214352128482579,0.0002517597091161979,9.20853025468115e-05,0.0003075999640155194,411.05483066392844,676.2791077742233,743.7960814443136,1.6452284642462647,20805.0,56,8
gene_ko_441imported_2seeds,72,KO: EG11699,0.00020944549165536843,0.0002311210228609431,9.615119269974044e-05,0.0005572981379973207,411.0531379645504,669.1153073144792,720.0418160102172,1.627807321038343,22750.0,62,8
gene_ko_441imported_2seeds,73,KO: EG10770,0.00010125027044873236,7.433053840720034e-05,7.965700789633856e-05,0.0003279048688413233,411.05386752725803,309.288955687952,700.6891729237825,0.7524292559233547,39278.0,102,8
gene_ko_441imported_2seeds,74,KO: G7889,0.00019042561647361706,0.00021052334575209487,8.260028447245422e-05,0.00031918486235603914,411.06549395216064,538.9088294650899,724.9767320784413,1.31100478486722,22982.0,62,8
gene_ko_441imported_2seeds,75,KO: EG11008,0.00020335228913608344,0.00023111818958191857,8.435250787204826e-05,0.00028261439539195484,410.9999472340397,726.0348050161549,726.0348050161549,1.76650826819382,22842.0,60,8
gene_ko_441imported_2seeds,76,KO: EG10446,0.00010039886813638018,8.407768226362e-05,7.474519060841814e-05,0.00034727105055043706,411.04833631339613,352.5198452183108,726.3057588996135,0.8576116579864677,29145.0,76,8
gene_ko_441imported_2seeds,77,KO: EG10098,0.0002214352128482579,0.0002517597091161979,9.20853025468115e-05,0.0003075999640155194,411.05483066392844,676.2791077742233,743.7960814443136,1.6452284642462647,20805.0,56,8
gene_ko_441imported_2seeds,78,KO: EG10390,9.907858007416945e-05,5.456218165293732e-05,9.287156190634144e-05,0.0003581542497948564,411.06003592696516,260.643531879836,783.6186691363812,0.6340765559757449,38514.0,100,8
gene_ko_441imported_2seeds,79,KO: EG10710,0.0001164622405369656,8.641118782371175e-05,9.439782033318683e-05,0.0005001317134796911,411.0385041526016,366.71409635059274,711.3589120536294,0.8921648279803173,32548.0,86,8
gene_ko_441imported_2seeds,80,KO: G7868,0.00021182917947773513,0.00023435666004995983,8.89251770605709e-05,0.00032864912323963635,411.06549395216064,646.09945975295,731.8521616037956,1.5717676848549647,21654.0,58,8
gene_ko_441imported_2seeds,81,KO: EG10629,0.0001925988528150716,0.00020700346675893606,7.984681184408567e-05,0.0003639323949900994,411.0522096079202,576.9607925251655,726.3989586737721,1.4036192460210744,23141.0,62,8
gene_ko_441imported_2seeds,82,KO: G6662,0.00021968685142597597,0.0002512268377542828,9.141750199121048e-05,0.0003034409453269294,411.03053358268244,646.3673861871478,734.1271106197787,1.572553212904134,20790.0,56,8
gene_ko_441imported_2seeds,83,KO: EG10007,0.0002014317304930166,0.0002261017341898017,8.194017479006807e-05,0.00029628758409908876,411.00946182064024,643.281448300803,739.9012905723873,1.5651256432182177,22466.0,61,8
gene_ko_441imported_2seeds,84,KO: EG10876,0.0001120987872999365,7.044865737069068e-05,9.28822489547111e-05,0.0002885112675941354,411.0385041526016,190.6896076478776,693.3959994821257,0.463921520055655,25645.0,68,8
gene_ko_441imported_2seeds,85,KO: EG12144,0.00018283125227350457,0.00019826150646105984,7.326272025934397e-05,0.00029797528208136604,411.0681107807818,643.0662096211606,701.1526224395143,1.564378731300081,25289.0,67,8
gene_ko_441imported_2seeds,86,KO: EG10652,0.0001929329707370801,0.00021504657852325284,7.79956792009698e-05,0.0003780972152193232,411.0499626516288,622.0899760394179,700.255538357866,1.5134169384821203,23790.0,63,8
gene_ko_441imported_2seeds,87,KO: EG20049,0.00021499743805489485,0.0002453528793168915,9.080871466971513e-05,0.0003603808887658933,411.0667394021276,642.5904866489657,739.3798799794058,1.5632266614019312,21029.0,57,8
gene_ko_441imported_2seeds,88,KO: EG10445,9.562200284157749e-05,7.899840433951539e-05,7.287832787596259e-05,0.0003341547585995682,411.0596319305997,331.55472255658833,704.7929949931186,0.806585460604328,29809.0,78,8
gene_ko_441imported_2seeds,89,KO: EG11268,0.00020394809773636638,0.00022705601860496962,8.306646220758555e-05,0.0003301438060008414,411.04938870968897,703.8778736616996,703.8778736616996,1.7123924593860083,23177.0,62,8
gene_ko_441imported_2seeds,90,KO: EG10072,0.00021141920241150183,0.0002422724626879855,8.781395568313247e-05,0.00029773304950338566,411.00784929917677,706.7196169329261,724.6836317397258,1.7194796112482458,21815.0,57,8
gene_ko_441imported_2seeds,91,KO: EG11796,0.00020560062617890076,0.00023060653305611285,8.408112303799156e-05,0.0003312412679702681,411.05386752725803,655.6787603903651,716.2140048799395,1.59511638787071,22148.0,60,8
gene_ko_441imported_2seeds,92,KO: G0-10441,0.0001821524557402524,0.00019298328607085053,7.468049683407746e-05,0.00033622660914172487,411.0744103730332,570.6869718659711,691.9273282276652,1.3882814338846734,25189.0,68,8
gene_ko_441imported_2seeds,93,KO: EG10123,0.0002195933235648241,0.0002534412483858158,9.149104277923198e-05,0.0003409562328776846,411.0648769705663,727.281904961126,756.0678659487553,1.769263066990766,21340.0,57,8
gene_ko_441imported_2seeds,94,KO: EG12088,0.00020783032012656425,0.0002352325664630141,8.277612981365604e-05,0.0003001028747161062,411.06022891655095,627.1201135992337,698.3367332358503,1.5256161250436733,22145.0,61,8
gene_ko_441imported_2seeds,95,KO: EG10865,0.0003106116614547032,0.0002091399660337114,0.00034940145379575477,0.0015019378545594855,411.0385041526016,4171.436890284099,4171.436890284099,10.148530729217077,16914.0,45,8
gene_ko_441imported_2seeds,96,KO: EG12715,0.00019193656778356322,0.00020333950481527335,8.08774343548403e-05,0.00033356142514795066,411.06570167965515,576.9726003514468,716.5619849346845,1.4036019010924035,23677.0,63,8
gene_ko_441imported_2seeds,97,KO: G7833,0.0002138135460683979,0.00023688374932289688,9.953219170297758e-05,0.0005878704926990566,411.06059573400796,630.3508602878508,725.250569052009,1.5334743024012516,21390.0,57,8
gene_ko_441imported_2seeds,98,KO: EG10920,0.00039412011848022067,0.0002636810190621248,0.00047908162179378954,0.0026477101492131928,411.0385041526016,5033.56641608085,8101.340456553047,12.245972981188388,15575.0,43,8
gene_ko_441imported_2seeds,99,KO: EG12625,0.0001976554642375048,0.00021687886961150406,7.956431284563073e-05,0.0002926057653861721,411.0642912616413,674.8627959117944,708.2870068576301,1.6417451242006473,23843.0,64,8
gene_ko_441imported_2seeds,100,KO: EG10537,0.00019326000108514337,0.00021133028144863986,8.088783802616364e-05,0.00038214818421917975,411.0440811624586,594.3138122655039,723.6175367570156,1.4458639340694237,24106.0,64,8
gene_ko_441imported_2seeds,101,KO: EG10864,0.0003026443859779375,0.00019584290741090623,0.0003105822655744116,0.0014072237052957172,411.0385041526016,3578.3850691258995,3578.3850691258995,8.70571742786752,15526.0,42,8
gene_ko_441imported_2seeds,102,KO: G7542,0.00021461435237176942,0.00024555026896782325,8.972419992356931e-05,0.0002858806523229004,411.0442755473588,648.1057338536925,720.0874227033762,1.5767297403440437,21084.0,56,8
gene_ko_441imported_2seeds,103,KO: EG10115,0.00020700740698379494,0.00023545704018705836,8.570558482245688e-05,0.00031194323980248084,411.0587055857028,600.960623585056,698.4903948089136,1.461982474568368,21707.0,58,8
gene_ko_441imported_2seeds,104,KO: G6437,0.00019745686679472688,0.0002230404482806115,7.942496713085366e-05,0.00026978644534588245,411.09062810407136,603.177588143425,681.9740739200599,1.467261832081283,22986.0,61,8
gene_ko_441imported_2seeds,105,KO: G7158,0.00019657439271479103,0.0002120461260444487,8.0706214573533e-05,0.0003137503109655777,411.0219901364345,601.5753059613291,740.1393944662725,1.4636085669324954,23165.0,62,8
gene_ko_441imported_2seeds,106,KO: G7888,0.00019042561647361706,0.00021052334575209487,8.260028447245422e-05,0.00031918486235603914,411.06549395216064,538.9088294650899,724.9767320784413,1.31100478486722,22982.0,62,8
gene_ko_441imported_2seeds,107,KO: EG10661,0.00021165492570903195,0.00023961819419937276,8.483048149296152e-05,0.00028188968869595336,411.0394952081309,709.6359215700465,727.1316646376563,1.7264421785325532,22163.0,60,8
gene_ko_441imported_2seeds,108,KO: EG10330,0.00020297644715572513,0.00023397007294746587,8.030356056216015e-05,0.00027972747971716444,411.0587055857028,705.7419745414034,705.7419745414034,1.7168885245620014,23121.0,63,8
gene_ko_441imported_2seeds,109,KO: EG10192,0.00020112636414161152,0.0002209019352855211,8.51302410135526e-05,0.0003362702592877599,411.05880080956797,585.3090113110309,781.0201890549301,1.4239058016962107,22215.0,60,8
gene_ko_441imported_2seeds,110,KO: EG50006,0.00019368198167459726,0.0002114772198994943,8.058417869605215e-05,0.00029770916000776453,411.0744103730332,595.4044633701506,710.2114044897219,1.4484104297074718,23319.0,62,8
gene_ko_441imported_2seeds,111,KO: EG10356,0.00020622404466841217,0.00023116087871574123,8.465718772739342e-05,0.00034605826760336254,411.00443529541974,650.0106458158245,709.8430518776472,1.5815173511415104,22280.0,60,8
gene_ko_441imported_2seeds,112,KO: G6105,0.00019678399384429553,0.0002232257739559921,7.921085880279264e-05,0.0002840998647861632,411.0518877619877,564.9744094281834,691.5647093753666,1.3744600773012916,22669.0,61,8
gene_ko_441imported_2seeds,113,KO: EG11375,0.00020077196574416406,0.00022365392317548005,8.431362047920497e-05,0.0003195407238597434,411.0277554375184,584.2305813471271,731.3657607900366,1.4213896108432944,22576.0,60,8
gene_ko_441imported_2seeds,114,KO: EG10350,0.00020975970696630576,0.0002389846648169642,9.11082562161946e-05,0.0003222808272491657,411.04389071717105,566.6932342278665,789.5570216178605,1.3786684269631775,20942.0,56,8
gene_ko_441imported_2seeds,115,KO: EG11576,8.850332906996785e-05,6.984133774994842e-05,6.690337272833427e-05,0.00028815237149692,411.04648527016036,326.77491925766606,711.9208689259353,0.7949828814200739,25791.0,67,8
gene_ko_441imported_2seeds,116,KO: M004,0.00020143268007039126,0.00022921537566370124,8.215205609582557e-05,0.00027396807343275416,411.0287934722901,598.3759116170745,684.677949333693,1.4558004721813111,22234.0,59,8
gene_ko_441imported_2seeds,117,KO: EG50002,0.00030747791584737424,0.00021274548051736377,0.00028755621977550813,0.0011520283390354241,411.0385041526016,2901.4524454065295,4482.007564484315,7.058833700721478,14565.0,40,8
gene_ko_441imported_2seeds,118,KO: EG10464,0.00019808938652596407,0.00022317240737021574,8.024611518554084e-05,0.00028046541135661336,411.0646856247381,557.8670851630959,699.6411919262946,1.3571272470541875,22471.0,60,8
gene_ko_441imported_2seeds,119,KO: EG11934,0.00018970309991579127,0.00021319674779095594,7.995245468168459e-05,0.0002997491140308999,411.059700485196,538.5735444427614,712.8611522677754,1.3102076019786273,23069.0,61,8
gene_ko_441imported_2seeds,120,KO: EG10045,0.00019152143780209308,0.00020724906184203652,8.312491361908802e-05,0.0003226350155853684,411.0333280716676,548.5007475803957,777.136141547254,1.3344434869883819,22964.0,61,8
gene_ko_441imported_2seeds,121,KO: EG10637,0.00019289922926258576,0.00021207993590355387,7.537188179810741e-05,0.00028277530255379216,411.0765451910278,662.024502093722,682.8631643641688,1.6104652766945835,24456.0,66,8
gene_ko_441imported_2seeds,122,KO: EG10868,0.0001120987872999365,7.044865737069068e-05,9.28822489547111e-05,0.0002885112675941354,411.0385041526016,190.6896076478776,693.3959994821257,0.463921520055655,25645.0,68,8
gene_ko_441imported_2seeds,123,KO: EG10064,0.00020747131184417934,0.0002220093801045404,8.850435288392676e-05,0.00034579122987675107,411.0586003634712,603.6512634157307,787.2646386958747,1.468528484459303,21704.0,58,8
gene_ko_441imported_2seeds,124,KO: EG10707,0.0001468917893530037,9.248424707763934e-05,0.0001834002239052452,0.0010220056164745544,411.06012163362664,1840.999022738465,1840.999022738465,4.478661212432879,37422.0,97,8
gene_ko_441imported_2seeds,125,KO: EG10918,0.0003106116614547032,0.0002091399660337114,0.00034940145379575477,0.0015019378545594855,411.0385041526016,4171.436890284099,4171.436890284099,10.148530729217077,16914.0,45,8
gene_ko_441imported_2seeds,126,KO: EG10077,0.00019706288046584104,0.0002207425271267303,7.787260175675997e-05,0.0002802267475271167,411.0545893399062,638.3323835059277,699.0232730161308,1.5529138952833408,23460.0,63,8
gene_ko_441imported_2seeds,127,KO: EG11746,0.0001849392778786285,0.0002079251475019753,7.536577556978538e-05,0.00031752038593847563,411.0498029868437,521.0834983719628,689.7338932414204,1.2676894492725033,23860.0,64,8
gene_ko_441imported_2seeds,128,KO: EG10195,0.00020963697659104653,0.00023936996769511527,8.867242442225226e-05,0.0003023561633047124,411.0189993729209,585.3224582001603,731.15249471477,1.4240764030207091,21162.0,57,8
gene_ko_441imported_2seeds,129,KO: EG10079,0.00021675188153303393,0.00024458914767828944,9.043087917121224e-05,0.00033176289042840417,411.053227008819,746.7846079567078,747.5558897646492,1.8167588985761343,21491.0,58,8
gene_ko_441imported_2seeds,130,KO: EG11673,0.0002120631231317801,0.0002345384788811794,8.799508918387135e-05,0.0003451408163883571,411.0724295109487,706.2726780135681,738.7905919333411,1.7181222269122207,22063.0,60,8
gene_ko_441imported_2seeds,131,KO: G6710,0.00021000666013579948,0.00023781963307330958,8.750539425346955e-05,0.00030405947107651365,411.0114119368259,610.9144353188349,743.0992166128167,1.486368547384117,21319.0,58,8
gene_ko_441imported_2seeds,132,KO: EG10214,0.00020370624653897723,0.0002306864259726638,9.864458792075181e-05,0.000537452276937451,411.13416945930896,507.7095678917274,728.2290494574911,1.2348999562829495,22109.0,59,8
gene_ko_441imported_2seeds,133,KO: EG10883,0.0003106116614547032,0.0002091399660337114,0.00034940145379575477,0.0015019378545594855,411.0385041526016,4171.436890284099,4171.436890284099,10.148530729217077,16914.0,45,8
gene_ko_441imported_2seeds,134,KO: EG11867,0.00019163048770761435,0.00021417668294013568,7.793658519151072e-05,0.0002895555424010665,411.0419605679559,629.282399543343,709.0589712462827,1.530944428821413,23809.0,63,8
gene_ko_441imported_2seeds,135,KO: EG10906,0.00037424928829858374,0.00023932985008419714,0.00035458144952480814,0.0013395948397562753,411.0385041526016,5131.288901317819,5131.288901317819,12.483718312221143,12583.0,34,8
gene_ko_441imported_2seeds,136,KO: EG12026,0.00020689018423659892,0.00023069482207390267,8.344179218911428e-05,0.0003501010613614956,411.0646856247381,665.5231745239978,718.0349059402477,1.6190229854275426,22359.0,61,8
gene_ko_441imported_2seeds,137,KO: EG10200,0.00020618544422917174,0.00022587746037447295,8.592867350521324e-05,0.00032245499700145065,411.06499097200617,639.8155475743031,769.2974271422388,1.5564827013397378,22311.0,60,8
gene_ko_441imported_2seeds,138,KO: EG10793,0.00017806523831889753,0.00018841724085614926,7.111458277326641e-05,0.0002783386507006121,411.0496726665406,535.291879594067,689.6076361423368,1.302255944206326,25172.0,67,8
gene_ko_441imported_2seeds,139,KO: G7726,0.00018133295498673678,0.00018221153839032488,7.93548057937498e-05,0.0002945011132743238,411.0527880248238,514.2262738419322,713.7525089634705,1.2509981414135978,24298.0,65,8
gene_ko_441imported_2seeds,140,KO: EG10980,0.000213686418337772,0.00025123778315163016,8.83567735385834e-05,0.00028315986433751156,411.0346354156477,687.6068928632301,692.0152508527437,1.6728684972445356,21585.0,57,8
gene_ko_441imported_2seeds,141,KO: EG11428,0.00020371504292163238,0.00022439616322862866,8.427988335661776e-05,0.0002980563096495849,411.0433035053022,594.5434059160766,710.2223497772452,1.4464252326845348,22137.0,59,8
gene_ko_441imported_2seeds,142,KO: G6096,0.00020756815454455168,0.0002367681987281347,8.635289636667353e-05,0.0003032137980605565,411.06570167965515,574.9513014245103,754.9639449574508,1.3986846848939292,21343.0,59,8
gene_ko_441imported_2seeds,143,KO: EG11631,0.00018357126717378556,0.00020412518234215506,8.031028204551004e-05,0.00028295576757809477,411.0744103730332,531.9897014745347,710.5499223634665,1.2941445345424831,24023.0,64,8
gene_ko_441imported_2seeds,144,KO: EG10161,0.00021288615296922224,0.00023898257318775485,8.802638014786712e-05,0.0002912769175356,411.0806815443651,647.5483099923192,751.5683398036226,1.5752341062576394,21302.0,58,8
gene_ko_441imported_2seeds,145,KO: EG10877,0.0003106116614547032,0.0002091399660337114,0.00034940145379575477,0.0015019378545594855,411.0385041526016,4171.436890284099,4171.436890284099,10.148530729217077,16914.0,45,8
gene_ko_441imported_2seeds,146,KO: EG10012,0.0002115968327712229,0.0002443988082001683,8.712693056054433e-05,0.00030319179942740916,411.0333280716676,650.7515444950109,727.7780172879325,1.5832087085199722,21491.0,58,8
gene_ko_441imported_2seeds,147,KO: EG10066,0.0002014198628388788,0.0002295942936094897,8.14525635313458e-05,0.0003200100743805422,410.9875660889502,598.6825553314759,720.2884475324997,1.4566926221848346,22631.0,61,8
gene_ko_441imported_2seeds,148,KO: EG11082,0.00021263793232972607,0.0002351673540517581,0.00010103202115140374,0.0005966409479895267,411.0633314040423,611.4529354779838,713.4733990227742,1.4874908286990323,21619.0,57,8
gene_ko_441imported_2seeds,149,KO: EG12302,0.0001713153531477317,0.00017828760863761086,9.326704597964369e-05,0.000558735743930592,411.07481439628134,441.08849905053853,757.162885756889,1.0730127062110004,25944.0,70,8
gene_ko_441imported_2seeds,150,KO: G6711,0.00021000666013579948,0.00023781963307330958,8.750539425346955e-05,0.00030405947107651365,411.0114119368259,610.9144353188349,743.0992166128167,1.486368547384117,21319.0,58,8
gene_ko_441imported_2seeds,151,KO: EG10205,8.52162733473053e-05,5.630323129543486e-05,7.242972313982483e-05,0.0003210272914673444,411.0333280716676,290.32332082027915,727.1433113776486,0.7063254996433246,39945.0,103,8
gene_ko_441imported_2seeds,152,KO: EG11630,0.00018357126717378556,0.00020412518234215506,8.031028204551004e-05,0.00028295576757809477,411.0744103730332,531.9897014745347,710.5499223634665,1.2941445345424831,24023.0,64,8
gene_ko_441imported_2seeds,153,KO: EG10119,0.00021460913870219498,0.0002422825909855338,9.166448603558652e-05,0.0003438489609315517,411.0588264093001,619.3239434319628,756.7983219751677,1.5066552611019441,20841.0,56,8
gene_ko_441imported_2seeds,154,KO: EG10792,0.00021584462964647694,0.00025215248181346283,9.37937475059149e-05,0.00034503529320078965,411.05072392396085,574.9469158426796,766.4040304445457,1.3987249805915376,20812.0,56,8
gene_ko_441imported_2seeds,155,KO: EG10526,0.00020438428303259543,0.00023050574129163448,8.280575285125146e-05,0.0002834973098454118,411.0596922270246,666.7483550818124,708.2405866868896,1.6220231944161854,22555.0,60,8
gene_ko_441imported_2seeds,156,KO: EG10056,0.00020660136617207646,0.00023341667048317965,8.437877117311991e-05,0.00032047517776291026,411.04385540322403,694.0575753698129,694.0575753698129,1.688524390393719,22700.0,61,8
gene_ko_441imported_2seeds,157,KO: EG10901,0.00045006541694504217,0.00027528454976635667,0.0005375035347592155,0.002686364660504275,411.0385041526016,4950.92534360235,4950.92534360235,12.044918647729109,11152.0,30,8
gene_ko_441imported_2seeds,158,KO: EG10094,0.00015310775248368857,0.00012959996858069443,9.932670314575411e-05,0.0005458127639467501,411.07017354054676,386.37163968773586,721.3657649511003,0.9399165022359018,27962.0,74,8
gene_ko_441imported_2seeds,159,KO: G6879,0.00010962969215830996,7.290198191405136e-05,9.062096376998657e-05,0.0003347563042399367,411.0357659917636,315.9281562187364,725.4808437677764,0.7686147590014515,31147.0,81,8
gene_ko_441imported_2seeds,160,KO: EG10409,9.162850179691404e-05,6.941946697173101e-05,7.146288671536024e-05,0.0003119821024362074,411.0498029868437,281.2046041374581,705.4212154216668,0.6841132196004446,37012.0,96,8
gene_ko_441imported_2seeds,161,KO: EG10999,8.547752353028841e-05,6.421074833227764e-05,7.185003110943264e-05,0.00035327777118948053,411.0442725166291,264.7679068265933,693.6262853449864,0.6441347672978022,39271.0,102,8
gene_ko_441imported_2seeds,162,KO: EG11351,0.00020823646681064357,0.00022675523772388052,8.663918138486826e-05,0.00031746322452663034,411.0545893399062,679.5001631615801,772.6140470681892,1.653065507072329,22107.0,60,8
gene_ko_441imported_2seeds,163,KO: EG10565,0.00019718664397687925,0.00020904368518888703,8.26299507396964e-05,0.0003578562167522523,411.06499097200617,602.7844803080925,747.9087614607729,1.4663970261314287,23233.0,63,8
gene_ko_441imported_2seeds,164,KO: EG11102,0.0002052847799953688,0.00023146808332707836,8.44934302724737e-05,0.00032096538139799965,411.0518877619877,668.7291629116173,740.5378983640167,1.6268728664708945,22301.0,60,8
gene_ko_441imported_2seeds,165,KO: EG11971,0.00020692175667716978,0.00023055524139648284,8.751510347667634e-05,0.00036374392062359133,411.0385041526016,720.3308920899613,720.3308920899613,1.7524657296400927,22485.0,60,8
gene_ko_441imported_2seeds,166,KO: EG11318,0.00021810028978723052,0.00024153921687729792,9.142089028634897e-05,0.0003107441952489769,411.0869631550743,646.8339518038681,735.1741359099226,1.5734723058095692,21141.0,57,8
gene_ko_441imported_2seeds,167,KO: G6517,0.000199590398287346,0.00022456256880635232,8.214075975009705e-05,0.0002849660463730247,411.0203796729803,578.331405110268,694.6869798109853,1.4070626025171917,22555.0,60,8
gene_ko_441imported_2seeds,168,KO: EG10893,8.017923045186747e-05,5.576802940818285e-05,6.672458835772778e-05,0.00032311813450281357,411.0385041526016,291.9581908589464,696.662961554144,0.710294018466344,26693.0,69,8
gene_ko_441imported_2seeds,169,KO: EG10186,0.00018752305895901515,0.00020972097408332796,7.854088623869183e-05,0.0002971289387752163,411.0432808625467,585.4060961052216,703.7056705168327,1.4241957559232845,23415.0,63,8
gene_ko_441imported_2seeds,170,KO: EG11032,0.00018881111081376473,0.00020455684831918776,7.797415298179568e-05,0.0003090751863299255,411.07017354054676,684.4303349526874,693.3487514303552,1.6649963412759676,24689.0,65,8
gene_ko_441imported_2seeds,171,KO: EG10117,0.00022858218772731762,0.00026502888933502223,9.432405431481363e-05,0.00030183763490494584,411.0599184026711,749.0391560478788,756.8477036823097,1.8222140435354388,20521.0,56,8
gene_ko_441imported_2seeds,172,KO: EG10096,0.00013255082628202102,0.00011321831282465652,8.542334395715231e-05,0.00033048840469812526,411.03186756698153,364.47714193813204,761.120251171307,0.8867369435260078,31516.0,83,8
gene_ko_441imported_2seeds,173,KO: G6943,0.00020374296211809735,0.00022947878362367645,8.389487964630177e-05,0.00030809225635302853,411.0800553540482,639.1550125934057,715.2969266216637,1.5548188346012672,22313.0,59,8
gene_ko_441imported_2seeds,174,KO: EG11957,0.00020285561667675938,0.00022197339353680702,8.482127048082375e-05,0.0003629579356648087,411.1288087177858,702.2870626415163,728.9298054732233,1.7081922933880131,22989.0,61,8
gene_ko_441imported_2seeds,175,KO: G7454,0.00020613077350395607,0.0002344761878645629,8.504774222394775e-05,0.00034813468334628456,411.07486136280886,613.6716592206869,722.8261792782173,1.4928464785859747,22269.0,60,8
gene_ko_441imported_2seeds,176,KO: EG11810,0.00022122625091674882,0.0002526919436307954,9.230265349103578e-05,0.00032276988063635847,411.049220527843,736.0231359585603,746.0928034838907,1.7905961116126352,21098.0,57,8
gene_ko_441imported_2seeds,177,KO: G7579,0.00020395581864273134,0.00022794090800978595,8.57023598193307e-05,0.00034302893907033744,411.0724295109487,584.3926732415753,757.7797845284158,1.4216294533224352,21665.0,59,8
gene_ko_441imported_2seeds,178,KO: G7742,0.00018999745053357216,0.00020549034972285464,7.793471517314926e-05,0.00032126409820789725,411.080910936358,608.4141691059115,734.8095569588461,1.4800350804907696,23821.0,64,8
gene_ko_441imported_2seeds,179,KO: EG10076,0.0002179828999085376,0.0002448582252268861,9.158747124757464e-05,0.00033508247195148316,411.0588673052208,633.1625676205601,769.0709764480544,1.5403209077361226,20839.0,57,8
gene_ko_441imported_2seeds,180,KO: EG10104,0.0002214352128482579,0.0002517597091161979,9.20853025468115e-05,0.0003075999640155194,411.05483066392844,676.2791077742233,743.7960814443136,1.6452284642462647,20805.0,56,8
gene_ko_441imported_2seeds,181,KO: EG11866,0.00020346273025611438,0.00023197224136409486,8.356997926496903e-05,0.0003013741295276426,411.07775528762795,582.5179637205297,731.9184810437562,1.4170505609405848,22126.0,60,8
gene_ko_441imported_2seeds,182,KO: G7663,0.0001984751299514575,0.00021499009237163744,8.424782768139974e-05,0.0003344721665078328,411.1213922703929,605.3421095514168,761.6661629876942,1.4724169574549546,22639.0,60,8
gene_ko_441imported_2seeds,183,KO: EG10465,0.00018703891749571625,0.00020917251798405938,7.793688803516693e-05,0.0002958943564266786,411.0724295109487,547.2049706705034,696.577519520228,1.3311643676067282,24216.0,64,8
gene_ko_441imported_2seeds,184,KO: EG10772,0.00021241564856938736,0.00024079086170170901,8.82718372204583e-05,0.00029269072981859826,411.0682861595168,636.7134574635961,707.4789477995364,1.5489238136374177,21513.0,57,8
gene_ko_441imported_2seeds,185,KO: EG12319,0.00019022447817280944,0.00021013892124969427,7.851271941017807e-05,0.00029538564389157445,411.06076652637057,692.6186745104844,706.3353532751212,1.6849544663758398,24802.0,66,8
gene_ko_441imported_2seeds,186,KO: G6269,0.00020272459064330065,0.00021941478045090288,8.36612047152041e-05,0.0003312412679702681,411.05386752725803,608.8884733349594,716.8992057015791,1.4812863262856477,22221.0,60,8
gene_ko_441imported_2seeds,187,KO: G6364,0.00019878174131437515,0.00022200389520105767,8.130580211866604e-05,0.00030994386252270926,411.0360525788825,645.4792362309761,735.0205119025522,1.5703713389158271,23011.0,62,8
gene_ko_441imported_2seeds,188,KO: G7723,0.00018133295498673678,0.00018221153839032488,7.93548057937498e-05,0.0002945011132743238,411.0527880248238,514.2262738419322,713.7525089634705,1.2509981414135978,24298.0,65,8
gene_ko_441imported_2seeds,189,KO: EG10888,0.0001120987872999365,7.044865737069068e-05,9.28822489547111e-05,0.0002885112675941354,411.0385041526016,190.6896076478776,693.3959994821257,0.463921520055655,25645.0,68,8
gene_ko_441imported_2seeds,190,KO: EG10135,0.0002060803650332577,0.0002326190190980345,8.667035674736022e-05,0.0003142462359237774,411.0624767904959,584.8284316464931,719.4264842255566,1.4227239523605546,21548.0,58,8
gene_ko_441imported_2seeds,191,KO: EG10886,0.0003588487397683867,0.00022564562245150458,0.00044642880042225074,0.002520702464689347,411.0385041526016,5608.699449941769,5608.699449941769,13.645192343974399,16237.0,44,8
gene_ko_441imported_2seeds,192,KO: EG10209,0.00017824736889334597,0.00021009968209253864,9.004930484417293e-05,0.00030549821372520075,411.0557130647012,402.0613891544342,723.4667481564,0.9781189662997063,23159.0,63,8
gene_ko_441imported_2seeds,193,KO: EG10061,0.00017750220759937997,0.00019517317402790825,7.118087050983497e-05,0.0002806832859059196,411.0595355708808,607.9721584065771,690.8322734832775,1.4790367472250059,26104.0,68,8
gene_ko_441imported_2seeds,194,KO: EG10148,0.00019461000912297574,0.0002222549541516793,7.774224025343534e-05,0.0002853698884813734,411.05370318284827,562.018484376088,689.88971129127,1.367262914855888,23045.0,62,8
gene_ko_441imported_2seeds,195,KO: EG10881,0.0003712004345695261,0.00023160296678442682,0.00047384059136002324,0.0026999156827508396,411.0385041526016,4773.702641026226,4773.702641026226,11.613760250679453,15378.0,42,8
gene_ko_441imported_2seeds,196,KO: EG11539,0.00020946151140852727,0.00024211493378660536,9.058488770328802e-05,0.0003119396432483219,411.0157652124193,573.769730098406,721.4305319875655,1.3959798593172523,21333.0,57,8
gene_ko_441imported_2seeds,197,KO: G7501,0.00019483235955983336,0.00021567024744165189,7.866339225976535e-05,0.00029372262398940567,411.0701932224547,631.4716320014331,699.9819780642806,1.5361649723401523,23588.0,63,8
gene_ko_441imported_2seeds,198,KO: EG10183,0.00020963697659104653,0.00023936996769511527,8.867242442225226e-05,0.0003023561633047124,411.0189993729209,585.3224582001603,731.15249471477,1.4240764030207091,21162.0,57,8
gene_ko_441imported_2seeds,199,KO: EG10063,0.00010156513997865103,7.09542289029627e-05,8.101401601186499e-05,0.0003109727442499831,411.0663849279938,337.41130842070686,715.9930017968163,0.8208195094323049,28805.0,75,8
gene_ko_441imported_2seeds,200,KO: EG10902,0.0003106116614547032,0.0002091399660337114,0.00034940145379575477,0.0015019378545594855,411.0385041526016,4171.436890284099,4171.436890284099,10.148530729217077,16914.0,45,8
gene_ko_441imported_2seeds,201,KO: EG10164,0.00021659709313546198,0.00024665477440741353,8.960723040677329e-05,0.0002936792199724539,411.0597095184555,682.5743856334338,753.1912715604187,1.660523689935581,21173.0,57,8
gene_ko_441imported_2seeds,202,KO: EG11075,0.00020962535617915945,0.00023662538943946596,8.483428170951147e-05,0.0002867817842167494,411.0710153256348,712.7986251416085,720.1723790482674,1.7340036114610429,22093.0,59,8
gene_ko_441imported_2seeds,203,KO: EG11443,0.0002168205993121031,0.000244609993176739,8.915395960590994e-05,0.0003077848549356283,411.0433035053022,672.7937451059897,738.0071286939462,1.6367952947257078,21340.0,58,8
gene_ko_441imported_2seeds,204,KO: EG10795,0.00021584462964647694,0.00025215248181346283,9.37937475059149e-05,0.00034503529320078965,411.05072392396085,574.9469158426796,766.4040304445457,1.3987249805915376,20812.0,56,8
gene_ko_441imported_2seeds,205,KO: EG10262,0.00021380126535428163,0.00023985175049267868,8.647146208592003e-05,0.00029915899752759535,411.06144788646225,716.5471426737245,716.5471426737245,1.7431630875577495,21880.0,59,8
gene_ko_441imported_2seeds,206,KO: EG10221,0.0001995957733457294,0.00022109066765856012,8.525447172404936e-05,0.00031704937098966154,411.05335676884613,550.2736361858986,750.6077702041728,1.3386915034861089,22091.0,60,8
gene_ko_441imported_2seeds,207,KO: EG12563,0.0002025562028657858,0.0002242056178537097,8.290069920126348e-05,0.00033205950832965165,411.0587055857028,614.4038445547792,734.9637831657042,1.4946863701118729,22321.0,61,8
gene_ko_441imported_2seeds,208,KO: EG10450,9.562200284157749e-05,7.899840433951539e-05,7.287832787596259e-05,0.0003341547585995682,411.0596319305997,331.55472255658833,704.7929949931186,0.806585460604328,29809.0,78,8
gene_ko_441imported_2seeds,209,KO: EG10451,9.562200284157749e-05,7.899840433951539e-05,7.287832787596259e-05,0.0003341547585995682,411.0596319305997,331.55472255658833,704.7929949931186,0.806585460604328,29809.0,78,8
gene_ko_441imported_2seeds,210,KO: EG10193,0.00020963697659104653,0.00023936996769511527,8.867242442225226e-05,0.0003023561633047124,411.0189993729209,585.3224582001603,731.15249471477,1.4240764030207091,21162.0,57,8
gene_ko_441imported_2seeds,211,KO: EG11002,0.000192303235963342,0.00021330119916457085,8.145972096471484e-05,0.0002904402250915906,411.04889516493483,518.8180233397613,715.9131593964021,1.2621808000033274,22789.0,61,8
gene_ko_441imported_2seeds,212,KO: EG10913,0.0001120987872999365,7.044865737069068e-05,9.28822489547111e-05,0.0002885112675941354,411.0385041526016,190.6896076478776,693.3959994821257,0.463921520055655,25645.0,68,8
gene_ko_441imported_2seeds,213,KO: EG10867,0.0003106116614547032,0.0002091399660337114,0.00034940145379575477,0.0015019378545594855,411.0385041526016,4171.436890284099,4171.436890284099,10.148530729217077,16914.0,45,8
gene_ko_441imported_2seeds,214,KO: EG12419,0.0002071906188841377,0.0002357179305551284,8.3830933845267e-05,0.00029101012717058805,411.04577404506267,621.0816670607664,713.2242023294386,1.5109793270680303,21676.0,59,8
gene_ko_441imported_2seeds,215,KO: G7565,0.00019778309083659767,0.00022569185028800537,8.11737396805567e-05,0.00028123117284658135,411.0642370293983,570.7950746011672,696.5250138400529,1.3885787747581295,22672.0,60,8
gene_ko_441imported_2seeds,216,KO: G6199,0.00021356865057103075,0.00024193322748151434,9.17101452341041e-05,0.0003511910371645408,411.06008839675656,649.8402851759727,802.4171198736542,1.580888788572304,21416.0,58,8
gene_ko_441imported_2seeds,217,KO: EG11227,0.0002100815432142762,0.00023191950889273622,8.744804196974793e-05,0.0003553346468118511,411.0189993729209,607.0514755800116,728.3195853105533,1.4769426145900102,21599.0,59,8
gene_ko_441imported_2seeds,218,KO: EG10919,0.0003811855996482144,0.00026071675104949216,0.0003475946396365286,0.001360764027869051,411.0385041526016,4906.803124954295,4906.803124954295,11.937575374039902,12021.0,33,8
gene_ko_441imported_2seeds,219,KO: G6627,0.00020915445743224553,0.0002351207589444031,8.727611786069954e-05,0.0003261316432715036,411.0199380515245,607.7162322865865,756.7836991430154,1.4785565760325834,21292.0,57,8
gene_ko_441imported_2seeds,220,KO: EG10006,0.00021862483911996793,0.0002435385458152159,0.0001009446703902219,0.0005602895881538307,411.0587055857028,611.2134197421249,749.3992814438088,1.4869248879456982,20898.0,56,8
gene_ko_441imported_2seeds,221,KO: EG10585,0.00019445764833531126,0.00021120138473835825,7.89505914510452e-05,0.0003222929449705045,411.0419605679559,609.163593420496,726.1749978294033,1.4819985594141925,23827.0,64,8
gene_ko_441imported_2seeds,222,KO: EG10197,0.00020963697659104653,0.00023936996769511527,8.867242442225226e-05,0.0003023561633047124,411.0189993729209,585.3224582001603,731.15249471477,1.4240764030207091,21162.0,57,8
gene_ko_441imported_2seeds,223,KO: G7911,0.00020963243074412788,0.00023156015961379003,0.00010208404933807656,0.0006111893995545791,411.06549395216064,541.7928187233854,762.5448016547118,1.3180206723613699,21632.0,59,8
gene_ko_441imported_2seeds,224,KO: G6800,0.00021024368507567917,0.0002250025401070804,9.791902522960364e-05,0.0005750360832480314,411.0199380515245,577.1531425032692,749.657599458659,1.4041974344099062,22002.0,59,8
gene_ko_441imported_2seeds,225,KO: EG10110,0.00020401768510121748,0.0002296322025273219,8.17243177086368e-05,0.00027233123351859303,410.985293452835,650.9219441651449,702.3302545847632,1.5838083613564757,22423.0,60,8
gene_ko_441imported_2seeds,226,KO: EG10889,0.0003531500863859155,0.00026567809107775616,0.0003352974488506971,0.001376719404347546,411.0385041526016,5149.7093518567635,5149.7093518567635,12.528532728274257,13161.0,35,8
gene_ko_441imported_2seeds,227,KO: EG11463,0.000190052273194972,0.00021090187096076027,7.932694348050265e-05,0.0002830339332173875,411.02957853142914,581.2896279168554,698.5189932231071,1.4142282168445144,23497.0,63,8
gene_ko_441imported_2seeds,228,KO: EG12627,0.0001976554642375048,0.00021687886961150406,7.956431284563073e-05,0.0002926057653861721,411.0642912616413,674.8627959117944,708.2870068576301,1.6417451242006473,23843.0,64,8
gene_ko_441imported_2seeds,229,KO: EG10065,0.00020747131184417934,0.0002220093801045404,8.850435288392676e-05,0.00034579122987675107,411.0586003634712,603.6512634157307,787.2646386958747,1.468528484459303,21704.0,58,8
gene_ko_441imported_2seeds,230,KO: EG10916,0.0003106116614547032,0.0002091399660337114,0.00034940145379575477,0.0015019378545594855,411.0385041526016,4171.436890284099,4171.436890284099,10.148530729217077,16914.0,45,8
gene_ko_441imported_2seeds,231,KO: EG12663,0.00019276850628026067,0.00021104232921598695,8.119476384555077e-05,0.0002904721692182172,411.1079064161445,548.3385012681752,710.4286484639358,1.3338067517317918,22913.0,60,8
gene_ko_441imported_2seeds,232,KO: G7647,0.00022288117175606198,0.0002527582254173047,9.327641658913724e-05,0.0003419748590286179,411.06059573400796,665.986631126802,764.6138349287073,1.6201665594766796,20311.0,56,8
gene_ko_441imported_2seeds,233,KO: EG11039,8.544987555889951e-05,6.065880268045051e-05,7.281440738413036e-05,0.0003267528226822635,411.0455227461773,280.9437054725852,727.2891862801941,0.6834856236740214,39972.0,104,8
gene_ko_441imported_2seeds,234,KO: EG11490,0.00019105396218251043,0.0002023665925060779,8.152167393482835e-05,0.0003126730832135855,411.0713329485476,539.3635729666516,742.4272792553061,1.3120924027902523,23570.0,63,8
gene_ko_441imported_2seeds,235,KO: EG11198,0.00019835671007868,0.00022295254408757914,8.083610989417991e-05,0.00031187678156780624,411.0498029868437,592.1829551118763,710.9011406855889,1.4406598684851577,22963.0,62,8
gene_ko_441imported_2seeds,236,KO: EG10074,0.0001244130992813765,4.9850316549777336e-05,0.00011139060586749246,0.0003325427849465774,411.0394698394282,293.7352470731289,765.5680589069127,0.7146156722805137,26639.0,70,8
gene_ko_441imported_2seeds,237,KO: EG10807,0.0001854454977742368,0.00021491144091683164,9.347667181738307e-05,0.0003616234823314048,411.013585888094,438.0381526089835,704.6783190615706,1.0657510302548672,22740.0,61,8
gene_ko_441imported_2seeds,238,KO: EG10058,0.000194391015732756,0.0002046971775700138,0.0001000171210771537,0.0005565282273326482,411.0382549043808,566.2091370804969,699.9599897681555,1.3775095877930226,24045.0,63,8
gene_ko_441imported_2seeds,239,KO: EG10907,0.0001120987872999365,7.044865737069068e-05,9.28822489547111e-05,0.0002885112675941354,411.0385041526016,190.6896076478776,693.3959994821257,0.463921520055655,25645.0,68,8
gene_ko_441imported_2seeds,240,KO: EG10869,0.0001120987872999365,7.044865737069068e-05,9.28822489547111e-05,0.0002885112675941354,411.0385041526016,190.6896076478776,693.3959994821257,0.463921520055655,25645.0,68,8
gene_ko_441imported_2seeds,241,KO: EG10880,0.0003203892752245494,0.0002232637671815642,0.0003279835660784157,0.0013778177834071893,411.0385041526016,3008.25438230304,3008.25438230304,7.318668085621,15400.0,41,8
gene_ko_441imported_2seeds,242,KO: G7865,0.00018582366544081318,0.00019660222382990918,8.612845864983541e-05,0.0005620396351758293,411.0699776741951,596.2861006338451,698.8598637000125,1.4505707860437527,24923.0,66,8
gene_ko_441imported_2seeds,243,KO: EG10803,0.00018804257214554123,0.00020482348263718787,7.723711076731374e-05,0.0003202178689171946,411.04969636914313,595.7643269981538,714.3330350660283,1.4493729888639248,24240.0,65,8
gene_ko_441imported_2seeds,244,KO: EG10885,0.00042370907280444924,0.0002462632711665243,0.0005125120415653779,0.0027400366962193894,411.0385041526016,7554.00464206067,7554.00464206067,18.37785162641644,13219.0,36,8
gene_ko_441imported_2seeds,245,KO: EG50011,0.00021038562524064604,0.00023304767645552002,8.770756981786147e-05,0.00031928971223166167,411.080910936358,675.5419326491829,752.2736589400033,1.6433308253366397,21926.0,59,8
gene_ko_441imported_2seeds,246,KO: EG11232,0.0003209538841175816,0.0002349354506734357,0.00035075092741958166,0.001847968979103477,411.0385041526016,4706.586739139168,4902.641115054941,11.450476516408804,17031.0,45,8
gene_ko_441imported_2seeds,247,KO: G7826,0.0001983013352147165,0.00022221027610705535,8.622354711131584e-05,0.0003287356622222183,411.07680062951897,539.3422097548894,785.8196059633567,1.3120229819073856,21958.0,59,8
gene_ko_441imported_2seeds,248,KO: G7185,0.00021298218735543682,0.00022541903085981463,9.787762803238488e-05,0.0005630974980567008,411.0203796729803,602.5948161015019,754.3949865428285,1.4660947386135543,21651.0,59,8
gene_ko_441imported_2seeds,249,KO: EG11226,8.850332906996785e-05,6.984133774994842e-05,6.690337272833427e-05,0.00028815237149692,411.04648527016036,326.77491925766606,711.9208689259353,0.7949828814200739,25791.0,67,8
gene_ko_441imported_2seeds,250,KO: EG10358,0.00020393818153630045,0.00022718951788635878,8.499462092200842e-05,0.0003693055450759413,411.0391432302507,616.9171813494597,735.0440674423924,1.500872098217378,22340.0,60,8
gene_ko_441imported_2seeds,251,KO: EG10103,0.0002214352128482579,0.0002517597091161979,9.20853025468115e-05,0.0003075999640155194,411.05483066392844,676.2791077742233,743.7960814443136,1.6452284642462647,20805.0,56,8
gene_ko_441imported_2seeds,252,KO: G7325,0.0002105700858615373,0.00023397246430445596,8.589292011733479e-05,0.000339374098807157,411.059111732239,637.5073695418087,717.8548821750612,1.550889765842428,21884.0,59,8
gene_ko_441imported_2seeds,253,KO: G7293,0.00020187667756622167,0.0002199487311228228,8.374470177597848e-05,0.0003283030147901665,411.0744103730332,591.947149301581,727.3254093669104,1.4399999960211904,22253.0,60,8
gene_ko_441imported_2seeds,254,KO: EG10497,9.954034242277149e-05,8.781817984367944e-05,7.518968554958859e-05,0.0003287606158565872,411.0228182132082,279.36712918028184,711.5469382385406,0.6796876397148511,41054.0,107,8
gene_ko_441imported_2seeds,255,KO: EG10448,9.562200284157749e-05,7.899840433951539e-05,7.287832787596259e-05,0.0003341547585995682,411.0596319305997,331.55472255658833,704.7929949931186,0.806585460604328,29809.0,78,8
gene_ko_441imported_2seeds,256,KO: EG10782,0.00021514125594097774,0.00024978817746371167,8.9737112437624e-05,0.00034660049015080007,411.0682861595168,671.962809008111,742.2447452496178,1.6346744120935492,21369.0,57,8
gene_ko_441imported_2seeds,257,KO: G7406,0.0001995773520116871,0.00021540136325559422,8.023573736158601e-05,0.0002980360203876551,411.06766134825955,683.7090220185867,729.8541319901581,1.6632517862779368,23402.0,64,8
gene_ko_441imported_2seeds,258,KO: EG10755,0.0002137753038461738,0.00024092240846179195,8.70192404851379e-05,0.00028552651202046626,411.0598063690045,654.4916630029702,725.6104578036479,1.5922054476312366,21341.0,58,8
gene_ko_441imported_2seeds,259,KO: EG12030,0.0001842284206017106,0.0001968740729303343,7.060417939968854e-05,0.000273617179332113,411.014242590399,642.9201044870135,688.6760895127195,1.5642282866769728,25646.0,69,8
gene_ko_441imported_2seeds,260,KO: EG10134,0.00018844074890740756,0.00020119455922582732,7.981677692685961e-05,0.00035645337523864637,411.04757154370634,545.2856508062539,700.7219340920155,1.3265755317770418,23821.0,63,8
gene_ko_441imported_2seeds,261,KO: G6092,0.00020660070244561403,0.00023093615650667548,8.627894818236664e-05,0.0003649196611382278,411.06569473339914,687.7025282837587,723.9360311302587,1.672974750981775,22809.0,61,8
gene_ko_441imported_2seeds,262,KO: G7507,0.00019849811269531992,0.00021783948296601454,8.171717926080458e-05,0.0003482095865792443,411.0701932224547,661.8168108400312,703.6221625125186,1.6099849168141522,23286.0,62,8
gene_ko_441imported_2seeds,263,KO: EG10520,0.00020620978142468145,0.00023306843344285194,8.301100339121233e-05,0.00029750930233146976,411.06746719251544,676.1109480352445,701.1916907586105,1.6447688080326754,22342.0,60,8
gene_ko_441imported_2seeds,264,KO: EG10634,0.00020853476543470313,0.0002324374236285296,8.560873751568399e-05,0.0003447432462276979,411.03877234961055,677.3302866576071,705.0943522869852,1.6478501110389199,22146.0,60,8
gene_ko_441imported_2seeds,265,KO: EG10806,0.0002027649679818554,0.0002233833211476379,8.363059990786073e-05,0.00029679515036443003,411.013585888094,592.8853428822858,731.1827300720436,1.4424957306489372,22270.0,60,8
gene_ko_441imported_2seeds,266,KO: EG10121,0.00021460913870219498,0.0002422825909855338,9.166448603558652e-05,0.0003438489609315517,411.0588264093001,619.3239434319628,756.7983219751677,1.5066552611019441,20841.0,56,8
gene_ko_441imported_2seeds,267,KO: EG10911,0.00037424928829858374,0.00023932985008419714,0.00035458144952480814,0.0013395948397562753,411.0385041526016,5131.288901317819,5131.288901317819,12.483718312221143,12583.0,34,8
gene_ko_441imported_2seeds,268,KO: EG10198,0.00020963697659104653,0.00023936996769511527,8.867242442225226e-05,0.0003023561633047124,411.0189993729209,585.3224582001603,731.15249471477,1.4240764030207091,21162.0,57,8
gene_ko_441imported_2seeds,269,KO: EG10421,0.0001951978255106389,0.00022170359380894704,7.716678433449007e-05,0.0002717081813888759,411.03254367817556,645.7948180761157,683.7525558782768,1.5711525230998522,23575.0,62,8
gene_ko_441imported_2seeds,270,KO: EG12504,0.00020233532404036262,0.0002287164307433298,8.108586627168511e-05,0.00029773611464925737,411.06549395216064,598.1042885493348,688.916662132669,1.4550097182784736,22345.0,60,8
gene_ko_441imported_2seeds,271,KO: EG10055,0.00022458016523957763,0.0002580302856686861,0.00010365069767844301,0.0005851605451114752,411.0419605679559,649.3923159177798,751.8721238395049,1.5798686708784768,20638.0,56,8
gene_ko_441imported_2seeds,272,KO: EG11556,0.00021474148156581387,0.00024635740991251875,8.865857465054733e-05,0.0002927182572527311,411.0626084798556,669.7822973902123,715.0550450205594,1.6293924175373773,21398.0,57,8
gene_ko_441imported_2seeds,273,KO: EG10191,0.00020420855083045977,0.0002290137953133124,8.354799506325367e-05,0.00031181746457286367,411.04575859109946,687.3925492347107,719.988992791609,1.6723017690069777,22655.0,61,8
gene_ko_441imported_2seeds,274,KO: EG10081,0.0001244130992813765,4.9850316549777336e-05,0.00011139060586749246,0.0003325427849465774,411.0394698394282,293.7352470731289,765.5680589069127,0.7146156722805137,26639.0,70,8
gene_ko_441imported_2seeds,275,KO: EG11043,0.00010859594455286291,8.635148161461329e-05,7.658061842225369e-05,0.00028178783462316304,411.06147868851224,345.58118498158103,711.2401485965677,0.8407043785376206,39030.0,104,8
gene_ko_441imported_2seeds,276,KO: EG10190,0.00020420855083045977,0.0002290137953133124,8.354799506325367e-05,0.00031181746457286367,411.04575859109946,687.3925492347107,719.988992791609,1.6723017690069777,22655.0,61,8
gene_ko_441imported_2seeds,277,KO: EG10407,0.00013801695012394583,0.0001051834920772395,8.968269141983359e-05,0.00029573185530820374,411.03186756698153,371.11611376715825,713.1693447441382,0.902888907285714,29891.0,78,8
gene_ko_441imported_2seeds,278,KO: G7662,0.00019478069405849227,0.00021698283932081408,7.975774116103982e-05,0.0003129790736870854,411.0499626516288,568.6479533792017,708.7320986783532,1.3834034911739905,23079.0,62,8
gene_ko_441imported_2seeds,279,KO: EG11286,0.00019828478845175813,0.00022414383950779878,8.514719237749709e-05,0.0002968742673453193,411.0600387294918,536.2864291950061,701.4734063860797,1.304642579348178,22145.0,59,8
gene_ko_441imported_2seeds,280,KO: EG11632,0.00018357126717378556,0.00020412518234215506,8.031028204551004e-05,0.00028295576757809477,411.0744103730332,531.9897014745347,710.5499223634665,1.2941445345424831,24023.0,64,8
gene_ko_441imported_2seeds,281,KO: EG10048,0.0002023909418464825,0.00022357791919524952,8.372944660409566e-05,0.0003051329443641118,411.06768583345774,602.7589598350801,715.7029535313591,1.466325329399123,22659.0,62,8
gene_ko_441imported_2seeds,282,KO: G6941,0.00020374296211809735,0.00022947878362367645,8.389487964630177e-05,0.00030809225635302853,411.0800553540482,639.1550125934057,715.2969266216637,1.5548188346012672,22313.0,59,8
gene_ko_441imported_2seeds,283,KO: G7449,0.0001935570279451496,0.00021645340688999758,7.722177416731566e-05,0.000298795686286645,411.07486136280886,572.9994303481378,706.8803362671808,1.3939053058328872,23140.0,62,8
gene_ko_441imported_2seeds,284,KO: EG10890,0.0003020575608798301,0.00023773338942655113,0.00029664642069633873,0.001450480827573364,411.0385041526016,3213.2669145822038,3213.2669145822038,7.817435306229244,17971.0,48,8
gene_ko_441imported_2seeds,285,KO: G7533,0.00018879721969506156,0.00020778510355357307,7.316289881049253e-05,0.0002786609590436582,411.06072182959895,606.4367697849973,690.6204817063497,1.4752972920540666,24162.0,65,8
gene_ko_441imported_2seeds,286,KO: EG10917,0.0003076329251028809,0.00023903893266515714,0.00030951165908813666,0.0013031588504149726,411.0385041526016,2827.283573828724,2827.283573828724,6.878391063770198,15040.0,41,8
gene_ko_441imported_2seeds,287,KO: EG10189,0.0001990427242957435,0.00022346700640569187,7.917389542949274e-05,0.00029504390460826263,411.12222875944894,627.525384870517,701.0187363085554,1.5263718207698453,22945.0,62,8
gene_ko_441imported_2seeds,288,KO: EG11231,0.0003048465515781096,0.0002284059147018267,0.00027920368387484716,0.0011152662529574052,411.0385041526016,2528.940286028639,2528.940286028639,6.152562984925977,15628.0,42,8
gene_ko_441imported_2seeds,289,KO: EG11024,9.505479011612335e-05,8.451489816070069e-05,6.715081222203471e-05,0.00026146973056375957,410.99743752328857,301.2797836364059,664.1054527318752,0.7330454064432806,29817.0,79,8
gene_ko_441imported_2seeds,290,KO: EG10132,0.00019099645528778664,0.00021707590541946987,7.973580926054255e-05,0.00028270259136808717,411.0300876078478,543.8450745237012,692.327741844206,1.3231271649450842,22943.0,61,8
gene_ko_441imported_2seeds,291,KO: G6626,0.00020915445743224553,0.0002351207589444031,8.727611786069954e-05,0.0003261316432715036,411.0199380515245,607.7162322865865,756.7836991430154,1.4785565760325834,21292.0,57,8
gene_ko_441imported_2seeds,292,KO: G7677,0.0002031218350578395,0.00022407111752899313,8.595042238332298e-05,0.0003284331315858518,411.05334723791657,588.5797052375056,747.457117386014,1.4318815530696487,21928.0,59,8
gene_ko_441imported_2seeds,293,KO: EG10811,0.00020846799217895176,0.0002157651711028226,0.00010415459668905246,0.0006239727094871204,411.08285607374285,625.4294825649176,817.9317226116611,1.5214195224252403,21962.0,58,8
gene_ko_441imported_2seeds,294,KO: EG12286,0.00019998200220470243,0.00022347328193641377,8.244206656998754e-05,0.00033495334784451695,411.0522096079202,589.3108437373132,737.5588506301156,1.4336642157925,22688.0,62,8
gene_ko_441imported_2seeds,295,KO: EG12662,0.00021640732599027186,0.00024090345829328689,8.93692416996841e-05,0.0002968350192228882,411.1079064161445,774.3195725043984,774.3195725043984,1.8834947234524662,21758.0,58,8
gene_ko_441imported_2seeds,296,KO: EG10299,0.00023293054115752396,0.0002666755552879903,0.00010164902488487787,0.0003920716241698673,411.0198044087548,729.9303295517193,787.060760483658,1.7759006299020361,19932.0,53,8
gene_ko_441imported_2seeds,297,KO: EG10909,0.0003106116614547032,0.0002091399660337114,0.00034940145379575477,0.0015019378545594855,411.0385041526016,4171.436890284099,4171.436890284099,10.148530729217077,16914.0,45,8
gene_ko_441imported_2seeds,298,KO: G6239,0.00018538991124830064,0.00021371824386719104,7.604637142148886e-05,0.0002659393399750859,411.0642018510141,504.3835794217382,698.7120171033739,1.2270189842620904,23566.0,63,8
gene_ko_441imported_2seeds,299,KO: EG10053,0.00022458016523957763,0.0002580302856686861,0.00010365069767844301,0.0005851605451114752,411.0419605679559,649.3923159177798,751.8721238395049,1.5798686708784768,20638.0,56,8
gene_ko_441imported_2seeds,300,KO: EG11379,0.0001916400772743529,0.0002115451399185759,7.652033605385382e-05,0.0003027975049716415,411.0713329485476,646.9052936461696,707.1684695387505,1.573705685108284,24026.0,64,8
gene_ko_441imported_2seeds,301,KO: EG11508,0.00022844683368547408,0.000267192952170063,9.582931005365389e-05,0.00030279466508507203,410.99750925404487,677.4891855621217,773.2142863278723,1.6484021686451478,19865.0,55,8
gene_ko_441imported_2seeds,302,KO: EG11819,0.0002226522245893993,0.00025445282087742567,9.532175345893701e-05,0.0003737272154163425,411.06571811134665,632.5595756760174,752.8688138169314,1.5388283376739142,20561.0,56,8
gene_ko_441imported_2seeds,303,KO: EG10654,0.00019355265323784448,0.000210670085018739,8.050065817496614e-05,0.0003381164659069914,411.0476066500844,639.8597406002525,739.6901015967551,1.5566560423862308,23693.0,65,8
gene_ko_441imported_2seeds,304,KO: EG11647,0.00021231751501764282,0.0002397023597275691,8.573078694678285e-05,0.0002853839112746562,411.050838258666,676.529834602976,727.6369713060276,1.6458544093206533,21748.0,59,8
gene_ko_441imported_2seeds,305,KO: EG11963,0.00019902966285641573,0.0002272175622072844,8.306627944027506e-05,0.00028195513627330115,411.0595355708808,546.7923433550168,709.6210433305755,1.3302023090052633,22158.0,59,8
gene_ko_441imported_2seeds,306,KO: EG10805,0.00020846799217895176,0.0002157651711028226,0.00010415459668905246,0.0006239727094871204,411.08285607374285,625.4294825649176,817.9317226116611,1.5214195224252403,21962.0,58,8
gene_ko_441imported_2seeds,307,KO: G6442,0.00020378635622260162,0.00022705261817413094,8.113389415420422e-05,0.0002878482933062514,411.09062810407136,665.8158933404457,702.2684708404922,1.6196328688181338,22397.0,61,8
gene_ko_441imported_2seeds,308,KO: EG11850,0.00018726281881781476,0.0002057258298172529,7.645212677722178e-05,0.00028808265760336895,411.0648769705663,629.6539197840209,709.1693027561128,1.531762879923955,24630.0,66,8
gene_ko_441imported_2seeds,309,KO: EG10162,0.00021288615296922224,0.00023898257318775485,8.802638014786712e-05,0.0002912769175356,411.0806815443651,647.5483099923192,751.5683398036226,1.5752341062576394,21302.0,58,8
gene_ko_441imported_2seeds,310,KO: EG10069,0.00021769589306746244,0.00024001265805953542,0.00010236537172448968,0.000600573059738045,411.0605306391079,616.0388093931374,735.0182683903458,1.4986571647619238,20979.0,57,8
gene_ko_441imported_2seeds,311,KO: EG10495,0.00019216105902443613,0.0002160169485093342,7.747928574331134e-05,0.00029612892114429376,411.05243427865696,612.055573720545,704.5120602112347,1.4889963485914446,23804.0,64,8
gene_ko_441imported_2seeds,312,KO: G6283,0.00020023983040956224,0.00022499902890121205,8.087410490929276e-05,0.0003121793675015009,411.0803587215204,602.3118858849475,718.5826361384122,1.4651925666265504,22748.0,61,8
gene_ko_441imported_2seeds,313,KO: G6234,0.00020439090470550462,0.00021738787010686764,8.639779574332642e-05,0.00037589936524314764,411.05588618803233,623.3510699164478,755.1148020548023,1.5164630670957082,22485.0,61,8
gene_ko_441imported_2seeds,314,KO: G6731,0.0002074714719743488,0.00023397271142320476,8.417713825361676e-05,0.00031819745171580245,411.0382549043808,619.6961687676858,715.0653044197536,1.5076362391423757,22012.0,60,8
gene_ko_441imported_2seeds,315,KO: EG10092,0.00017891619772047258,0.00017719105519275457,9.055191664002763e-05,0.0005362735387384294,411.0713329485476,523.526543923258,725.5404641581624,1.273566172002527,25822.0,69,8
gene_ko_441imported_2seeds,316,KO: EG12384,0.00019474139913869894,0.00021823401762199432,7.874186880860904e-05,0.0003532862169015776,411.0811268753139,607.2382399582339,705.3896995165837,1.477173726203239,23489.0,63,8
gene_ko_441imported_2seeds,317,KO: EG10875,0.0001120987872999365,7.044865737069068e-05,9.28822489547111e-05,0.0002885112675941354,411.0385041526016,190.6896076478776,693.3959994821257,0.463921520055655,25645.0,68,8
gene_ko_441imported_2seeds,318,KO: EG12666,0.0001948483281819724,0.00021424272098233952,8.029361298403327e-05,0.0002908887626911131,411.0811268753139,563.7220098707355,695.8559240434013,1.371315716086668,22937.0,61,8
gene_ko_441imported_2seeds,319,KO: G58,0.00019951685898636325,0.00021386378478545904,8.243371153422167e-05,0.0003150903025534243,411.0642018510141,586.4190604933501,743.5092383670419,1.4265875205204357,22384.0,61,8
gene_ko_441imported_2seeds,320,KO: EG10798,0.00020829149107602974,0.00023656621917643195,8.60487894916559e-05,0.0003402878790302949,411.04575859109946,617.707070645713,717.7392011977031,1.502769601036551,22095.0,60,8
gene_ko_441imported_2seeds,321,KO: EG10496,9.954034242277149e-05,8.781817984367944e-05,7.518968554958859e-05,0.0003287606158565872,411.0228182132082,279.36712918028184,711.5469382385406,0.6796876397148511,41054.0,107,8
gene_ko_441imported_2seeds,322,KO: EG10912,8.017923045186747e-05,5.576802940818285e-05,6.672458835772778e-05,0.00032311813450281357,411.0385041526016,291.9581908589464,696.662961554144,0.710294018466344,26693.0,69,8
gene_ko_441imported_2seeds,323,KO: EG10447,0.00010039886813638018,8.407768226362e-05,7.474519060841814e-05,0.00034727105055043706,411.04833631339613,352.5198452183108,726.3057588996135,0.8576116579864677,29145.0,76,8
gene_ko_441imported_2seeds,324,KO: EG10671,0.00020666225842697633,0.00023242065914543035,8.610363240535576e-05,0.0002957286795352031,411.0620811398204,590.3449457901108,728.8892893560349,1.4361454701760934,21629.0,58,8
gene_ko_441imported_2seeds,325,KO: EG10809,0.00020757511842661855,0.00023389993991192352,8.442768191182091e-05,0.0003052204807951347,411.02048350359235,649.2101814391604,723.0869190316848,1.5795080963002328,22015.0,59,8
gene_ko_441imported_2seeds,326,KO: EG10879,0.0001120987872999365,7.044865737069068e-05,9.28822489547111e-05,0.0002885112675941354,411.0385041526016,190.6896076478776,693.3959994821257,0.463921520055655,25645.0,68,8
gene_ko_441imported_2seeds,327,KO: EG10982,0.00021078121569590843,0.0002360733077523683,8.732469563837872e-05,0.0003026170167164995,411.1079064161445,641.6067997186158,770.1732981843552,1.5606773543030537,21388.0,58,8
gene_ko_441imported_2seeds,328,KO: EG12633,0.00020395581864273134,0.00022794090800978595,8.57023598193307e-05,0.00034302893907033744,411.0724295109487,584.3926732415753,757.7797845284158,1.4216294533224352,21665.0,59,8
gene_ko_441imported_2seeds,329,KO: EG10870,0.0003076329251028809,0.00023903893266515714,0.00030951165908813666,0.0013031588504149726,411.0385041526016,2827.283573828724,2827.283573828724,6.878391063770198,15040.0,41,8
gene_ko_441imported_2seeds,330,KO: EG11030,0.00014573181381784337,0.00014895269524927576,8.727099737006303e-05,0.00028042546481231245,411.07287260698956,358.0055765206539,682.5336647154959,0.870905380474787,28234.0,75,8
gene_ko_441imported_2seeds,331,KO: EG10070,0.0002075912521704316,0.00023319403136438173,8.285048832284881e-05,0.00027537154373233574,411.06008839675656,658.3595324519329,685.5531623355648,1.6016138541197462,22474.0,60,8
gene_ko_441imported_2seeds,332,KO: EG10750,0.00022790324871035312,0.00026666011418503843,9.535048231227194e-05,0.00030086288806873204,411.05534465733433,710.5433947910296,795.0573868679285,1.7285832772308454,20225.0,56,8
gene_ko_441imported_2seeds,333,KO: EG10187,9.451068220712796e-05,4.1241030616967105e-05,9.429117201930232e-05,0.0002897422226380721,411.0543724014915,221.58130739938065,711.3189681541469,0.5390559553103458,32672.0,85,8
gene_ko_441imported_2seeds,334,KO: EG10049,0.0002066174873199197,0.0002342789878732287,8.898338734370111e-05,0.00031160182137148157,411.1259982307819,754.3004554943395,754.3004554943395,1.8347184530785128,22613.0,60,8
gene_ko_441imported_2seeds,335,KO: EG10492,0.0001014073229251481,7.309934428455558e-05,7.888068754883864e-05,0.0002779709486464353,411.0490483688694,304.53004236632114,687.9213048765716,0.7408605945562008,33869.0,89,8
gene_ko_441imported_2seeds,336,KO: EG10838,0.00020348157215144212,0.00022621497745323635,8.35052379626746e-05,0.00031321617713390694,411.09786187201485,594.1907913761138,716.8981274796658,1.4453755333835825,22058.0,59,8
gene_ko_441imported_2seeds,337,KO: EG11620,0.00018325483493058915,0.00019446461733052075,7.935752083284034e-05,0.00029510270102856207,411.05466404949334,525.911254383637,747.3952236281564,1.279419260695493,24054.0,64,8
gene_ko_441imported_2seeds,338,KO: EG10903,8.017923045186747e-05,5.576802940818285e-05,6.672458835772778e-05,0.00032311813450281357,411.0385041526016,291.9581908589464,696.662961554144,0.710294018466344,26693.0,69,8
gene_ko_441imported_2seeds,339,KO: EG11028,8.793707153070277e-05,6.986568580826732e-05,5.7395112884278946e-05,0.00026535795652341557,411.013585888094,317.8387190025677,667.0549316140962,0.7733046544332604,39530.0,102,8
gene_ko_441imported_2seeds,340,KO: EG10947,0.00012211741469062655,0.00010247557345020147,7.965487371994373e-05,0.0003420848808709956,411.07017354054676,352.3064096311492,703.6308453267807,0.857046879847143,34940.0,92,8
gene_ko_441imported_2seeds,341,KO: EG10650,0.0002106795613175568,0.0002378765297283636,8.618573620702793e-05,0.00035006758670597587,411.0749222805364,654.5625524708578,717.0958690807297,1.592319348598342,21962.0,59,8
gene_ko_441imported_2seeds,342,KO: EG10453,0.00019111060261462783,0.00012698264875588583,0.00021496315604366931,0.0011378697065110425,411.0716328620406,2014.7293747946278,2014.7293747946278,4.901163723624757,31886.0,83,8
gene_ko_441imported_2seeds,343,KO: G7676,0.0002031218350578395,0.00022407111752899313,8.595042238332298e-05,0.0003284331315858518,411.05334723791657,588.5797052375056,747.457117386014,1.4318815530696487,21928.0,59,8
gene_ko_441imported_2seeds,344,KO: EG10208,0.0001902703306856891,0.0002095213705812652,7.495538607362965e-05,0.0002887269488579635,411.0549649210692,591.1216029734435,701.5743773571824,1.4380597570131544,23948.0,65,8
gene_ko_441imported_2seeds,345,KO: G6709,0.00021000666013579948,0.00023781963307330958,8.750539425346955e-05,0.00030405947107651365,411.0114119368259,610.9144353188349,743.0992166128167,1.486368547384117,21319.0,58,8
gene_ko_441imported_2seeds,346,KO: EG12245,0.00020319763992467972,0.00022865053476137478,8.286741555289215e-05,0.00029209221833004185,411.0527880248238,640.1605052947048,751.4257537771039,1.5573681141314748,21999.0,60,8
gene_ko_441imported_2seeds,347,KO: EG11470,0.0002225885856266981,0.0002533969337879169,9.340824635221436e-05,0.0003560265216237673,411.0648769705663,707.261155478835,739.5986814092503,1.7205584692400695,20825.0,56,8
gene_ko_441imported_2seeds,348,KO: EG10178,0.00021042558454278893,0.0002377010020755197,8.747317720447095e-05,0.0003336162399903849,411.04705768671056,629.55584751641,733.0923646390877,1.5315906919743512,21597.0,59,8
gene_ko_441imported_2seeds,349,KO: G6643,0.0001961111149819289,0.0002244913771944624,7.884946862085633e-05,0.00029928476081137037,411.05776021132397,591.244750873158,706.1241428310698,1.4383495656892604,22982.0,61,8
gene_ko_441imported_2seeds,350,KO: EG10386,0.00020215481770697078,0.00022865065742214616,8.130904097273069e-05,0.0002952443466573029,411.042754942535,649.5101916765057,708.5427336515395,1.580152390150531,22690.0,60,8
gene_ko_441imported_2seeds,351,KO: EG11546,0.0002078326653609983,0.00023181204015107801,8.62127883189958e-05,0.0003188204688450393,411.0662976751894,678.3439513650292,725.5782924293801,1.650205709398812,22497.0,60,8
gene_ko_441imported_2seeds,352,KO: G7486,0.00021652027446488097,0.00024367960629321855,9.104675123804132e-05,0.0003652888181526432,411.0462572755042,672.4428197005741,765.813744179869,1.635929795730675,21382.0,58,8
gene_ko_441imported_2seeds,353,KO: EG10797,0.00018750593379895637,0.0002148066126803799,8.328353203930002e-05,0.00033848865516384745,411.0503574713423,351.22696191499995,694.2960617706569,0.8544621249708726,17924.0,48,8
gene_ko_441imported_2seeds,354,KO: EG11314,0.00021124430363531397,0.00023286296812382755,9.69289383173663e-05,0.0005752912389089477,411.013585888094,646.9109033449961,712.5144762403711,1.5739404378743078,21924.0,58,8
gene_ko_441imported_2seeds,355,KO: EG10024,0.00020766953222724834,0.00023416494502703287,8.52514780323903e-05,0.0002908043884872065,411.0615620149521,586.5791896323547,707.3866664012319,1.4269862323225888,21682.0,59,8
gene_ko_441imported_2seeds,356,KO: EG11026,9.505479011612335e-05,8.451489816070069e-05,6.715081222203471e-05,0.00026146973056375957,410.99743752328857,301.2797836364059,664.1054527318752,0.7330454064432806,29817.0,79,8
gene_ko_441imported_2seeds,357,KO: EG10908,0.00026842125602444196,0.0001562747823957274,0.0003065250111636364,0.001329719484164445,411.0385041526016,3867.149405670327,3867.149405670327,9.408241239206665,19918.0,53,8
gene_ko_441imported_2seeds,358,KO: G7716,0.0001897805369333593,0.0002064219035677642,8.16773736634289e-05,0.0003305484082276717,411.06363506268667,543.1924048155761,706.1950743297009,1.3214314244380676,23540.0,63,8
gene_ko_441imported_2seeds,359,KO: EG10207,0.00021339207339066542,0.0002341697670692014,9.821963576347532e-05,0.00059447589046402,411.0818359455071,607.6390693341466,732.5019640925418,1.478146238051479,21682.0,59,8
gene_ko_441imported_2seeds,360,KO: EG10613,0.00020642289710543938,0.00022818194893521683,8.597499729434849e-05,0.00028777040759175697,411.09062810407136,598.3369638237682,758.2277209769918,1.4554867538169558,21605.0,58,8
gene_ko_441imported_2seeds,361,KO: EG12437,0.00019277254069537505,0.00020764013602268596,7.991618588496864e-05,0.0002984195812446985,411.0663372721116,561.8835157464532,726.4017553674721,1.3668925543141859,23273.0,62,8
gene_ko_441imported_2seeds,362,KO: EG10068,0.00020624937701594267,0.0002304763012998348,8.561116858116689e-05,0.0003144977246151182,411.06499097200617,590.4835952216879,767.131702058113,1.4364725972538495,21704.0,59,8
gene_ko_441imported_2seeds,363,KO: EG10097,9.75919069765145e-05,7.080226595495916e-05,7.545307436828217e-05,0.0003162268217036928,411.0351235891404,317.7910426950134,720.1454419056556,0.7731481434483656,36098.0,94,8
gene_ko_441imported_2seeds,364,KO: EG10059,0.000194391015732756,0.0002046971775700138,0.0001000171210771537,0.0005565282273326482,411.0382549043808,566.2091370804969,699.9599897681555,1.3775095877930226,24045.0,63,8
gene_ko_441imported_2seeds,365,KO: EG10139,0.00020904925462206144,0.00023920136940765247,8.509075376222119e-05,0.00027473319210767323,411.09024437640176,674.0064036746894,721.863179549289,1.639558254896355,21883.0,58,8
gene_ko_441imported_2seeds,366,KO: EG10194,0.00018752305895901515,0.00020972097408332796,7.854088623869183e-05,0.0002971289387752163,411.0432808625467,585.4060961052216,703.7056705168327,1.4241957559232845,23415.0,63,8
gene_ko_441imported_2seeds,367,KO: EG10566,0.00019782610011633987,0.00022036833363895384,7.990461192032348e-05,0.00028236403520944295,411.03186756698153,641.714057450348,694.5106095084566,1.5612270193278255,23225.0,61,8
gene_ko_441imported_2seeds,368,KO: EG50001,0.00030747791584737424,0.00021274548051736377,0.00028755621977550813,0.0011520283390354241,411.0385041526016,2901.4524454065295,4482.007564484315,7.058833700721478,14565.0,40,8
gene_ko_441imported_2seeds,369,KO: G7399,0.00019146202785407703,0.00020507481658575178,8.193211800996806e-05,0.0003449475608928845,411.05024039289344,588.3216450981179,744.0793022867304,1.4312645688657994,23614.0,63,8
gene_ko_441imported_2seeds,370,KO: EG10915,0.0003203892752245494,0.0002232637671815642,0.0003279835660784157,0.0013778177834071893,411.0385041526016,3008.25438230304,3008.25438230304,7.318668085621,15400.0,41,8
gene_ko_441imported_2seeds,371,KO: G7664,0.0001984751299514575,0.00021499009237163744,8.424782768139974e-05,0.0003344721665078328,411.1213922703929,605.3421095514168,761.6661629876942,1.4724169574549546,22639.0,60,8
gene_ko_441imported_2seeds,372,KO: EG10769,0.0001317444393144308,8.168253959746725e-05,0.00010154452925911485,0.0003266290542783382,411.0615737257293,312.5173855743783,712.5907883280843,0.7602690340082671,30512.0,80,8
gene_ko_441imported_2seeds,373,KO: EG10675,0.0001821268756275723,0.00018679532301396577,8.132610409644754e-05,0.0003038517092119814,411.0333280716676,553.0357825082071,757.6290962869705,1.3454767405425092,24214.0,64,8
gene_ko_441imported_2seeds,374,KO: EG10873,8.863293557776728e-05,6.353280672347745e-05,7.563057882725986e-05,0.0003003715402408108,411.0385041526016,275.61754990041777,706.519033428269,0.6705394923247686,30354.0,79,8
gene_ko_441imported_2seeds,375,KO: EG11169,0.00018737482158297458,0.00020494509113404708,7.244812727284883e-05,0.0002739651159977108,411.03744257786866,629.9230682223472,693.2460757322699,1.5325199190412244,24710.0,66,8
gene_ko_441imported_2seeds,376,KO: EG10810,0.00020610808230453798,0.00022462989485787913,8.588834067461971e-05,0.00031223435265636347,411.02420339995706,772.3893037110051,772.3893037110051,1.8791820465117792,22946.0,61,8
gene_ko_441imported_2seeds,377,KO: EG10102,0.0002214352128482579,0.0002517597091161979,9.20853025468115e-05,0.0003075999640155194,411.05483066392844,676.2791077742233,743.7960814443136,1.6452284642462647,20805.0,56,8
gene_ko_441imported_2seeds,378,KO: EG10025,0.00020766953222724834,0.00023416494502703287,8.52514780323903e-05,0.0002908043884872065,411.0615620149521,586.5791896323547,707.3866664012319,1.4269862323225888,21682.0,59,8
gene_ko_441imported_2seeds,379,KO: G6503,0.00021276442623120669,0.00023809727277331614,8.783849152039416e-05,0.00031826673464519574,411.0755262994153,652.5018084998699,713.1600235466533,1.587303954516151,21932.0,58,8
gene_ko_441imported_2seeds,380,KO: EG11577,8.850332906996785e-05,6.984133774994842e-05,6.690337272833427e-05,0.00028815237149692,411.04648527016036,326.77491925766606,711.9208689259353,0.7949828814200739,25791.0,67,8
gene_ko_441imported_2seeds,381,KO: EG11223,0.00019014070537835416,0.000232304495899126,9.358883830860149e-05,0.0003434093634879976,411.05530292091373,412.8076833942122,712.5574441075535,1.0042631258150576,22226.0,61,8
gene_ko_441imported_2seeds,382,KO: EG10206,0.0002182293126962442,0.0002470097213630577,9.131232589477273e-05,0.00031827893795882093,411.05340253830946,669.5136239586425,805.5156241329591,1.6287752876495043,20936.0,57,8
gene_ko_441imported_2seeds,383,KO: EG10220,0.0002117776059903102,0.00023901194400094335,8.980902344364748e-05,0.0003474973214652119,411.107549109885,587.5589520673377,786.463058385913,1.4292098341163981,20957.0,58,8
gene_ko_441imported_2seeds,384,KO: EG10022,0.00021561649182158958,0.0002451217620835371,9.484902204606579e-05,0.00031461889221445533,411.06107981410094,589.1490263017417,790.1854362349588,1.4332396211487102,20478.0,54,8
gene_ko_441imported_2seeds,385,KO: G6468,0.0001945436839852769,0.0002157787205735717,7.665576296640958e-05,0.0002885247427435712,411.09062810407136,630.103084814298,710.5843311990652,1.5327595467702602,23528.0,63,8
gene_ko_441imported_2seeds,386,KO: EG10402,0.00021423125989013768,0.0002447209130068015,8.976125042823777e-05,0.0003072431258946506,411.0166607730739,593.2400301869243,775.7134412383652,1.4433478902561023,20931.0,57,8
gene_ko_441imported_2seeds,387,KO: EG11041,0.00020633309981112812,0.00023380184138085941,8.541179097659045e-05,0.00034365485178309814,411.042754942535,605.1599700122374,714.9966809019998,1.4722555323882076,21878.0,58,8
gene_ko_441imported_2seeds,388,KO: EG10075,0.0001382737099423763,0.00013753210189690066,9.920012135835849e-05,0.00029697651546757575,411.06208957943215,346.50835825234003,718.7358849544589,0.8429586844334426,29462.0,78,8
gene_ko_441imported_2seeds,389,KO: G7893,0.00020554656331918744,0.00022567458474602543,8.419875139010597e-05,0.000318318111321631,411.0587055857028,704.5562779154668,704.5562779154668,1.714004029939154,22942.0,62,8
gene_ko_441imported_2seeds,390,KO: G7860,0.00019555039366951412,0.0002169989878117344,8.099102072732555e-05,0.0003037833781942128,411.06499097200617,597.4801557420399,737.6525528977638,1.4534931674167522,22799.0,62,8
gene_ko_441imported_2seeds,391,KO: EG11005,0.00020695186280160138,0.00023113353127439634,8.684156818999868e-05,0.00030156424443031577,411.04822425253315,763.2496395697351,763.2496395697351,1.856837214070586,22842.0,60,8
gene_ko_441imported_2seeds,392,KO: EG10700,0.00019633188172403626,0.00021823952125264774,7.830956310260408e-05,0.00028601821400238176,411.03186756698153,594.6791038216616,690.47348607515,1.4467956154877772,22922.0,61,8
gene_ko_441imported_2seeds,393,KO: G7858,0.00019555039366951412,0.0002169989878117344,8.099102072732555e-05,0.0003037833781942128,411.06499097200617,597.4801557420399,737.6525528977638,1.4534931674167522,22799.0,62,8
gene_ko_441imported_2seeds,394,KO: EG10910,8.017923045186747e-05,5.576802940818285e-05,6.672458835772778e-05,0.00032311813450281357,411.0385041526016,291.9581908589464,696.662961554144,0.710294018466344,26693.0,69,8
gene_ko_441imported_2seeds,395,KO: G7530,0.00019892293329131,0.00022777633411432085,8.400830431975104e-05,0.00032325340882782583,411.0724295109487,604.5014897080935,740.9388110218754,1.470547393380934,22494.0,61,8
gene_ko_441imported_2seeds,396,KO: EG11335,0.0002100201583955129,0.0002331126155072074,8.837860120283174e-05,0.0003377018377817566,411.06549395216064,595.4626137141108,731.7494164747184,1.4485833096548117,21529.0,58,8
gene_ko_441imported_2seeds,397,KO: G7423,0.00022048519979274138,0.00024620208790094645,9.267252548232395e-05,0.0003263252876867803,411.0508135492156,641.5126312267084,786.9383480013039,1.560665032353474,20492.0,56,8
gene_ko_441imported_2seeds,398,KO: G7842,0.00018495241088097023,0.00020439129124716566,7.223371826842279e-05,0.0002781960652327444,411.0699776741951,562.9126217155256,703.2017780022913,1.369383930445238,24321.0,65,8
gene_ko_441imported_2seeds,399,KO: EG10057,0.000194391015732756,0.0002046971775700138,0.0001000171210771537,0.0005565282273326482,411.0382549043808,566.2091370804969,699.9599897681555,1.3775095877930226,24045.0,63,8
gene_ko_441imported_2seeds,400,KO: EG10874,0.00029800719893332764,0.00018000715030960508,0.00039366413934525463,0.0023693282040860974,411.0385041526016,2951.3814357021456,2951.3814357021456,7.180304049098086,17769.0,48,8
gene_ko_441imported_2seeds,401,KO: EG10091,0.00020014830767619456,0.00023000309106292128,9.636447811132831e-05,0.0005080457975207804,410.9875660889502,498.40403235272447,758.6066541116152,1.2126985667611527,22181.0,60,8
gene_ko_441imported_2seeds,402,KO: G6497,0.00019275367120822603,0.00021802044464612453,8.00899624344917e-05,0.0002816880411151583,411.07481439628134,539.8808911751605,702.7811107212833,1.3133397431999045,23087.0,62,8
gene_ko_441imported_2seeds,403,KO: EG11333,0.0002049022713465575,0.00022655892750244748,8.517686551162949e-05,0.0003291034849926674,411.06873739500065,622.0269841611589,751.1504622605453,1.5131945769046553,22360.0,60,8
gene_ko_441imported_2seeds,404,KO: G7665,0.00021545433570325926,0.00023994119909012253,8.905698061049523e-05,0.00031323296118492553,411.073675783349,656.1470958915547,752.6291795660056,1.5961788227893445,21318.0,58,8
gene_ko_441imported_2seeds,405,KO: G7516,0.0002290655060383024,0.0002509207843643161,0.00010648831904503667,0.0005840932172131246,411.0527880248238,748.4384313457992,785.2585311621838,1.8207842232190392,20829.0,56,8
gene_ko_441imported_2seeds,406,KO: EG12957,0.00019152262388333582,0.00021183896154707748,7.480188666228177e-05,0.0002990164611082415,411.07705304650017,604.4750397714051,681.0684071177172,1.470466510576615,23660.0,64,8
gene_ko_441imported_2seeds,407,KO: EG10871,8.863293557776728e-05,6.353280672347745e-05,7.563057882725986e-05,0.0003003715402408108,411.0385041526016,275.61754990041777,706.519033428269,0.6705394923247686,30354.0,79,8
gene_ko_441imported_2seeds,408,KO: EG12312,0.0002217343925371261,0.00025267516527014615,9.411659067044583e-05,0.0003121864138341954,411.0662976751894,635.0193643602345,787.422299989589,1.5448100901281019,20429.0,56,8
gene_ko_441imported_2seeds,409,KO: EG10790,0.00018939326471657756,0.00021174428774533153,7.414547441586917e-05,0.0002902658256969028,411.04046595832506,599.4467696470383,684.6251679305287,1.458364368698958,23863.0,63,8
gene_ko_441imported_2seeds,410,KO: EG12040,0.00021299278269779238,0.00024024999407695177,8.733083448567551e-05,0.0003031231272765666,411.03107426583153,666.632364297428,755.4416280079995,1.6218539327911936,21385.0,58,8
gene_ko_441imported_2seeds,411,KO: EG10080,0.00020651196311143028,0.0002287433682750531,8.539017649140112e-05,0.00036708057371470957,411.06208957943215,598.3521017480036,737.1767309045244,1.4556246292626804,22037.0,60,8
gene_ko_441imported_2seeds,412,KO: EG10560,0.00019450409327166857,0.00021521760373267014,7.859948817963461e-05,0.0003660350408841157,411.04158344609357,559.0652613884608,697.0408980018974,1.3601184987206532,23130.0,63,8
gene_ko_441imported_2seeds,413,KO: EG10101,0.0002214352128482579,0.0002517597091161979,9.20853025468115e-05,0.0003075999640155194,411.05483066392844,676.2791077742233,743.7960814443136,1.6452284642462647,20805.0,56,8
gene_ko_441imported_2seeds,414,KO: EG10185,0.00018752305895901515,0.00020972097408332796,7.854088623869183e-05,0.0002971289387752163,411.0432808625467,585.4060961052216,703.7056705168327,1.4241957559232845,23415.0,63,8
gene_ko_441imported_2seeds,415,KO: EG11000,8.547752353028841e-05,6.421074833227764e-05,7.185003110943264e-05,0.00035327777118948053,411.0442725166291,264.7679068265933,693.6262853449864,0.6441347672978022,39271.0,102,8
gene_ko_441imported_2seeds,416,KO: EG10744,0.00020256113273629727,0.00022480744852460048,7.892515884300512e-05,0.00027466441731286594,411.0488251464353,627.8339621079895,679.9130982638405,1.5273951017481315,22929.0,63,8
gene_ko_441imported_2seeds,417,KO: G6877,0.00018301709973516406,0.00018823767590304713,7.719609703655349e-05,0.0003322396834306446,411.0199380515245,589.9743569375955,724.812258514281,1.4353910901121243,24896.0,67,8
gene_ko_441imported_2seeds,418,KO: EG11067,0.00010699663385231878,6.49837622296016e-05,0.00010143267111997997,0.0005419674585749074,411.1234925959835,279.3527414086516,758.01342940569,0.6794862041201212,38829.0,101,8
gene_ko_441imported_2seeds,419,KO: EG10884,0.0001120987872999365,7.044865737069068e-05,9.28822489547111e-05,0.0002885112675941354,411.0385041526016,190.6896076478776,693.3959994821257,0.463921520055655,25645.0,68,8
gene_ko_441imported_2seeds,420,KO: G7138,0.0001816362502321328,0.0001935768945797783,7.461874030848376e-05,0.0003082289220407084,411.0736725201174,564.0646297242047,726.2792193076118,1.372174058888678,24946.0,67,8
gene_ko_441imported_2seeds,421,KO: EG10449,0.00010039886813638018,8.407768226362e-05,7.474519060841814e-05,0.00034727105055043706,411.04833631339613,352.5198452183108,726.3057588996135,0.8576116579864677,29145.0,76,8
gene_ko_441imported_2seeds,422,KO: EG10946,0.00019087671138127743,0.00020751175759166986,7.833853371731444e-05,0.00028659437010403367,411.00889174011786,601.7532113052735,728.122257676223,1.4640880608630817,23808.0,64,8
gene_ko_441imported_2seeds,423,KO: G7948,0.00021693215589105392,0.00024248578499496022,8.882805346024072e-05,0.00031179699302986584,411.0537190485518,726.2738281010993,726.2738281010993,1.766858671859663,21901.0,59,8
gene_ko_441imported_2seeds,424,KO: G7544,0.00022419595726048784,0.00025617614225756976,9.498154024772094e-05,0.0003007344030801871,411.05334723791657,699.9299538956893,787.2629456269844,1.7027715711327653,20496.0,55,8
gene_ko_441imported_2seeds,425,KO: G6261,0.0001861002784590427,0.00021253663012050497,8.005119889475763e-05,0.00030218448092714136,411.06008839675656,493.29322823135703,702.443329811922,1.2000513845927772,23341.0,63,8
gene_ko_441imported_2seeds,426,KO: EG10586,0.00011110028899913908,7.448964504921056e-05,8.041060860999985e-05,0.00027886272969814615,411.0366647928553,322.7289587449893,704.3051516269245,0.7851585670772966,36778.0,96,8
gene_ko_441imported_2seeds,427,KO: EG10965,0.000207400334587969,0.00022231826994490776,9.658118265105397e-05,0.000554303217269025,411.0620469880996,587.7758856492803,739.7480238154117,1.4298957784012998,22267.0,61,8
gene_ko_441imported_2seeds,428,KO: EG10444,9.562200284157749e-05,7.899840433951539e-05,7.287832787596259e-05,0.0003341547585995682,411.0596319305997,331.55472255658833,704.7929949931186,0.806585460604328,29809.0,78,8
gene_ko_441imported_2seeds,429,KO: EG11121,0.0002048257611759719,0.00023052582369338832,8.150146041341847e-05,0.00030686243144020824,411.07074398706004,618.9711123692675,686.7895984951872,1.5057532588326255,22371.0,61,8
gene_ko_441imported_2seeds,430,KO: EG11074,0.00020962535617915945,0.00023662538943946596,8.483428170951147e-05,0.0002867817842167494,411.0710153256348,712.7986251416085,720.1723790482674,1.7340036114610429,22093.0,59,8
gene_ko_441imported_2seeds,431,KO: G7892,0.00020554656331918744,0.00022567458474602543,8.419875139010597e-05,0.000318318111321631,411.0587055857028,704.5562779154668,704.5562779154668,1.714004029939154,22942.0,62,8
gene_ko_441imported_2seeds,432,KO: EG10408,0.00018022373755581636,0.00019825409195268118,7.589598918428844e-05,0.0003105989557338574,411.05896379600574,495.1832710631538,718.3352096918643,1.2046526524814967,24166.0,64,8
gene_ko_441imported_2seeds,433,KO: EG10882,0.0003106116614547032,0.0002091399660337114,0.00034940145379575477,0.0015019378545594855,411.0385041526016,4171.436890284099,4171.436890284099,10.148530729217077,16914.0,45,8
gene_ko_441imported_2seeds,434,KO: EG11621,0.0002098351631653435,0.00023732839887871562,8.564091226819205e-05,0.00029776179740454795,411.06008839675656,666.4970141366025,705.9366873075301,1.6214101853967817,21826.0,58,8
gene_ko_441imported_2seeds,435,KO: EG10082,0.00020281926843541655,0.00022084878439255224,8.347228043159046e-05,0.0003096404885773856,411.04385540322403,628.6737108416314,736.2961961589083,1.5294565350573548,22602.0,61,8
gene_ko_441imported_2seeds,436,KO: EG10900,0.00048103344391404367,0.00026085511351717325,0.0006510002566508458,0.0035287571060138565,411.0385041526016,10360.268596211467,10360.268596211467,25.205104854033642,11695.0,32,8
gene_ko_441imported_2seeds,437,KO: EG11001,9.325065055810876e-05,6.638610631412502e-05,7.442050501491993e-05,0.00025815369349032393,411.02344166343914,258.1442421978908,683.1178062825365,0.6280523591383593,41028.0,106,8
gene_ko_441imported_2seeds,438,KO: EG10023,0.00021561649182158958,0.0002451217620835371,9.484902204606579e-05,0.00031461889221445533,411.06107981410094,589.1490263017417,790.1854362349588,1.4332396211487102,20478.0,54,8
gene_ko_441imported_2seeds,439,KO: G6770,0.00020377288067992998,0.00023233412108743088,8.250294703450838e-05,0.0002791122008002849,411.0646856247381,756.6389507928875,756.6389507928875,1.8406809858719533,22949.0,61,8
gene_ko_441imported_2seeds,440,KO: EG10131,0.00020534498125355114,0.00023773895711960984,8.396227049001642e-05,0.00028993203578592486,411.0478176967904,701.1737287641581,701.1737287641581,1.7058203415189501,22429.0,59,8
gene_ko_441imported_2seeds,441,KO: EG10088,0.00018374145871533548,0.0001990583707565404,7.242041797911791e-05,0.0002722367968144273,411.0743045318309,576.6450626492019,683.9713803581535,1.4027757422248472,24571.0,65,8
