gene_id,gene_name,gene_symbol,RNA ID,overall_label_death,label_death_bool,Rousset_all_strains_M9,rousset_bool,expected_category,criteria_match,n_simulations
16,alr,alr,EG10001_RNA,not_deadly,False,0,False,expected_nonessential,True,2
19,dfp,dfp,EG10004_RNA,not_deadly,False,1,True,expected_essential,False,2
20,dcuB,dcub,EG10006_RNA,not_deadly,False,0,False,expected_nonessential,True,2
21,hisM,hism,EG10007_RNA,not_deadly,False,0,False,expected_nonessential,True,2
25,cydC,cydc,EG10012_RNA,not_deadly,False,0,False,expected_nonessential,True,2
29,garL,garl,EG10016_RNA,not_deadly,False,0,False,expected_nonessential,True,2
30,ispB,ispb,EG10017_RNA,not_deadly,False,1,True,expected_essential,False,2
34,aceA,acea,EG10022_RNA,not_deadly,False,0,False,expected_nonessential,True,2
35,aceB,aceb,EG10023_RNA,not_deadly,False,0,False,expected_nonessential,True,2
36,aceE,acee,EG10024_RNA,not_deadly,False,0,False,expected_nonessential,True,2
37,aceF,acef,EG10025_RNA,not_deadly,False,0,False,expected_nonessential,True,2
39,ackA,acka,EG10027_RNA,not_deadly,False,0,False,expected_nonessential,True,2
42,add,add,EG10030_RNA,not_deadly,False,0,False,expected_nonessential,True,2
43,adhE,adhe,EG10031_RNA,not_deadly,False,0,False,expected_nonessential,True,2
44,adk,adk,EG10032_RNA,deadly_gene,True,1,True,expected_essential,True,2
46,alaS,alas,EG10034_RNA,deadly_gene,True,1,True,expected_essential,True,2
47,aldA,alda,EG10035_RNA,deadly_gene,True,0,False,expected_nonessential,False,2
48,puuC,puuc,EG10036_RNA,not_deadly,False,0,False,expected_nonessential,True,2
50,amn,amn,EG10039_RNA,not_deadly,False,0,False,expected_nonessential,True,2
54,cysQ,cysq,EG10043_RNA,deadly_gene,True,0,False,expected_nonessential,False,2
56,ansA,ansa,EG10045_RNA,not_deadly,False,0,False,expected_nonessential,True,2
57,ansB,ansb,EG10046_RNA,not_deadly,False,0,False,expected_nonessential,True,2
59,apaH,apah,EG10048_RNA,not_deadly,False,0,False,expected_nonessential,True,2
60,appA,appa,EG10049_RNA,not_deadly,False,0,False,expected_nonessential,True,2
62,apt,apt,EG10051_RNA,not_deadly,False,0,False,expected_nonessential,True,2
63,araA,araa,EG10052_RNA,not_deadly,False,0,False,expected_nonessential,True,2
64,araB,arab,EG10053_RNA,not_deadly,False,0,False,expected_nonessential,True,2
65,araC,arac,EG10054_RNA,not_deadly,False,0,False,expected_nonessential,True,2
66,araD,arad,EG10055_RNA,not_deadly,False,0,False,expected_nonessential,True,2
67,araE,arae,EG10056_RNA,not_deadly,False,0,False,expected_nonessential,True,2
68,araF,araf,EG10057_RNA,not_deadly,False,0,False,expected_nonessential,True,2
69,araG,arag,EG10058_RNA,not_deadly,False,0,False,expected_nonessential,True,2
70,araH,arah,EG10059_RNA,not_deadly,False,0,False,expected_nonessential,True,2
72,arcA,arca,EG10061_RNA,not_deadly,False,0,False,expected_nonessential,True,2
74,argA,arga,EG10063_RNA,deadly_gene,True,0,False,expected_nonessential,False,2
75,argB,argb,EG10064_RNA,deadly_gene,True,1,True,expected_essential,True,2
76,argC,argc,EG10065_RNA,deadly_gene,True,1,True,expected_essential,True,2
77,argD,argd,EG10066_RNA,not_deadly,False,0,False,expected_nonessential,True,2
79,argG,argg,EG10068_RNA,deadly_gene,True,1,True,expected_essential,True,2
80,argI,argi,EG10069_RNA,not_deadly,False,0,False,expected_nonessential,True,2
81,argR,argr,EG10070_RNA,not_deadly,False,0,False,expected_nonessential,True,2
82,argS,args,EG10071_RNA,deadly_gene,True,1,True,expected_essential,True,2
83,argT,argt,EG10072_RNA,not_deadly,False,0,False,expected_nonessential,True,2
84,aroA,aroa,EG10073_RNA,deadly_gene,True,1,True,expected_essential,True,2
85,aroB,arob,EG10074_RNA,deadly_gene,True,1,True,expected_essential,True,2
86,aroC,aroc,EG10075_RNA,deadly_gene,True,1,True,expected_essential,True,2
87,aroD,arod,EG10076_RNA,deadly_gene,True,1,True,expected_essential,True,2
88,aroE,aroe,EG10077_RNA,deadly_gene,True,1,True,expected_essential,True,2
89,aroF,arof,EG10078_RNA,not_deadly,False,0,False,expected_nonessential,True,2
90,aroG,arog,EG10079_RNA,not_deadly,False,0,False,expected_nonessential,True,2
91,aroH,aroh,EG10080_RNA,not_deadly,False,0,False,expected_nonessential,True,2
92,aroK,arok,EG10081_RNA,not_deadly,False,1,True,expected_essential,False,2
93,aroL,arol,EG10082_RNA,not_deadly,False,0,False,expected_nonessential,True,2
95,aroP,arop,EG10084_RNA,deadly_gene,True,0,False,expected_nonessential,False,2
99,asd,asd,EG10088_RNA,deadly_gene,True,0,False,expected_nonessential,False,2
102,asnA,asna,EG10091_RNA,not_deadly,False,0,False,expected_nonessential,True,2
103,asnB,asnb,EG10092_RNA,not_deadly,False,0,False,expected_nonessential,True,2
105,asnS,asns,EG10094_RNA,deadly_gene,True,1,True,expected_essential,True,2
106,aspA,aspa,EG10095_RNA,not_deadly,False,0,False,expected_nonessential,True,2
107,aspC,aspc,EG10096_RNA,not_deadly,False,0,False,expected_nonessential,True,2
108,aspS,asps,EG10097_RNA,deadly_gene,True,1,True,expected_essential,True,2
109,atpA,atpa,EG10098_RNA,not_deadly,False,0,False,expected_nonessential,True,2
110,atpB,atpb,EG10099_RNA,deadly_gene,True,0,False,expected_nonessential,False,2
111,atpC,atpc,EG10100_RNA,deadly_gene,True,0,False,expected_nonessential,False,2
112,atpD,atpd,EG10101_RNA,deadly_gene,True,0,False,expected_nonessential,False,2
113,atpE,atpe,EG10102_RNA,not_deadly,False,0,False,expected_nonessential,True,2
114,atpF,atpf,EG10103_RNA,not_deadly,False,0,False,expected_nonessential,True,2
115,atpG,atpg,EG10104_RNA,deadly_gene,True,0,False,expected_nonessential,False,2
116,atpH,atph,EG10105_RNA,deadly_gene,True,0,False,expected_nonessential,False,2
118,avtA,avta,EG10107_RNA,not_deadly,False,0,False,expected_nonessential,True,2
120,betA,beta,EG10109_RNA,not_deadly,False,0,False,expected_nonessential,True,2
121,betB,betb,EG10110_RNA,not_deadly,False,0,False,expected_nonessential,True,2
123,betT,bett,EG10112_RNA,not_deadly,False,0,False,expected_nonessential,True,2
126,bglF,bglf,EG10115_RNA,not_deadly,False,0,False,expected_nonessential,True,2
128,bioA,bioa,EG10117_RNA,not_deadly,False,0,False,expected_nonessential,True,2
129,bioB,biob,EG10118_RNA,not_deadly,False,0,False,expected_nonessential,True,2
130,bioC,bioc,EG10119_RNA,not_deadly,False,0,False,expected_nonessential,True,2
131,bioD,biod,EG10120_RNA,not_deadly,False,0,False,expected_nonessential,True,2
132,bioF,biof,EG10121_RNA,not_deadly,False,0,False,expected_nonessential,True,2
133,bioH,bioh,EG10122_RNA,not_deadly,False,0,False,expected_nonessential,True,2
134,birA,bira,EG10123_RNA,not_deadly,False,0,False,expected_nonessential,True,2
135,bisC,bisc,EG10124_RNA,not_deadly,False,0,False,expected_nonessential,True,2
142,cadA,cada,EG10131_RNA,not_deadly,False,0,False,expected_nonessential,True,2
143,cadB,cadb,EG10132_RNA,not_deadly,False,0,False,expected_nonessential,True,2
145,carA,cara,EG10134_RNA,deadly_gene,True,1,True,expected_essential,True,2
146,carB,carb,EG10135_RNA,deadly_gene,True,1,True,expected_essential,True,2
148,cdd,cdd,EG10137_RNA,not_deadly,False,0,False,expected_nonessential,True,2
149,cdh,cdh,EG10138_RNA,not_deadly,False,0,False,expected_nonessential,True,2
150,cdsA,cdsa,EG10139_RNA,not_deadly,False,1,True,expected_essential,False,2
159,cheR,cher,EG10148_RNA,not_deadly,False,0,False,expected_nonessential,True,2
172,cpsB,cpsb,EG10161_RNA,not_deadly,False,0,False,expected_nonessential,True,2
173,cpsG,cpsg,EG10162_RNA,not_deadly,False,0,False,expected_nonessential,True,2
175,crp,crp,EG10164_RNA,not_deadly,False,0,False,expected_nonessential,True,2
188,cyoA,cyoa,EG10178_RNA,not_deadly,False,0,False,expected_nonessential,True,2
192,cyoE,cyoe,EG10182_RNA,deadly_gene,True,0,False,expected_nonessential,False,2
193,cysA,cysa,EG10183_RNA,deadly_gene,True,0,False,expected_nonessential,False,2
195,cysC,cysc,EG10185_RNA,deadly_gene,True,1,True,expected_essential,True,2
196,cysD,cysd,EG10186_RNA,deadly_gene,True,1,True,expected_essential,True,2
197,cysE,cyse,EG10187_RNA,deadly_gene,True,1,True,expected_essential,True,2
198,cysG,cysg,EG10188_RNA,not_deadly,False,1,True,expected_essential,False,2
199,cysH,cysh,EG10189_RNA,deadly_gene,True,1,True,expected_essential,True,2
200,cysI,cysi,EG10190_RNA,deadly_gene,True,1,True,expected_essential,True,2
201,cysJ,cysj,EG10191_RNA,deadly_gene,True,1,True,expected_essential,True,2
202,cysK,cysk,EG10192_RNA,not_deadly,False,0,False,expected_nonessential,True,2
203,cysM,cysm,EG10193_RNA,not_deadly,False,0,False,expected_nonessential,True,2
204,cysN,cysn,EG10194_RNA,deadly_gene,True,1,True,expected_essential,True,2
205,cysP,cysp,EG10195_RNA,not_deadly,False,0,False,expected_nonessential,True,2
206,cysS,cyss,EG10196_RNA,deadly_gene,True,1,True,expected_essential,True,2
207,cysU,cysu,EG10197_RNA,deadly_gene,True,0,False,expected_nonessential,False,2
208,cysW,cysw,EG10198_RNA,deadly_gene,True,0,False,expected_nonessential,False,2
209,cytR,cytr,EG10200_RNA,not_deadly,False,0,False,expected_nonessential,True,2
214,dapA,dapa,EG10205_RNA,deadly_gene,True,0,False,expected_nonessential,False,2
215,dapB,dapb,EG10206_RNA,deadly_gene,True,0,False,expected_nonessential,False,2
216,dapD,dapd,EG10207_RNA,deadly_gene,True,1,True,expected_essential,True,2
217,dapE,dape,EG10208_RNA,deadly_gene,True,1,True,expected_essential,True,2
218,dapF,dapf,EG10209_RNA,deadly_gene,True,0,False,expected_nonessential,False,2
223,ddlB,ddlb,EG10214_RNA,not_deadly,False,1,True,expected_essential,False,2
229,deoB,deob,EG10220_RNA,not_deadly,False,0,False,expected_nonessential,True,2
230,deoC,deoc,EG10221_RNA,not_deadly,False,0,False,expected_nonessential,True,2
271,entD,entd,EG10262_RNA,not_deadly,False,0,False,expected_nonessential,True,2
308,fes,fes,EG10299_RNA,not_deadly,False,0,False,expected_nonessential,True,2
339,frdA,frda,EG10330_RNA,not_deadly,False,0,False,expected_nonessential,True,2
359,fucK,fuck,EG10350_RNA,not_deadly,False,0,False,expected_nonessential,True,2
364,fumA,fuma,EG10356_RNA,not_deadly,False,0,False,expected_nonessential,True,2
366,fumC,fumc,EG10358_RNA,not_deadly,False,0,False,expected_nonessential,True,2
369,gabT,gabt,EG10361_RNA,not_deadly,False,0,False,expected_nonessential,True,2
391,glnA,glna,EG10383_RNA,deadly_gene,True,0,False,expected_nonessential,False,2
394,glnH,glnh,EG10386_RNA,not_deadly,False,0,False,expected_nonessential,True,2
398,glnS,glns,EG10390_RNA,deadly_gene,True,0,False,expected_nonessential,False,2
410,gltA,glta,EG10402_RNA,deadly_gene,True,0,False,expected_nonessential,False,2
415,gltX,gltx,EG10407_RNA,deadly_gene,True,1,True,expected_essential,True,2
416,glyA,glya,EG10408_RNA,not_deadly,False,0,False,expected_nonessential,True,2
417,glyQ,glyq,EG10409_RNA,deadly_gene,True,1,True,expected_essential,True,2
418,glyS,glys,EG10410_RNA,deadly_gene,True,1,True,expected_essential,True,2
428,guaA,guaa,EG10420_RNA,deadly_gene,True,1,True,expected_essential,True,2
429,guaB,guab,EG10421_RNA,deadly_gene,True,1,True,expected_essential,True,2
452,hisA,hisa,EG10444_RNA,deadly_gene,True,0,False,expected_nonessential,False,2
453,hisB,hisb,EG10445_RNA,deadly_gene,True,1,True,expected_essential,True,2
454,hisC,hisc,EG10446_RNA,deadly_gene,True,1,True,expected_essential,True,2
455,hisD,hisd,EG10447_RNA,deadly_gene,True,1,True,expected_essential,True,2
456,hisF,hisf,EG10448_RNA,deadly_gene,True,0,False,expected_nonessential,False,2
457,hisG,hisg,EG10449_RNA,deadly_gene,True,0,False,expected_nonessential,False,2
458,hisH,hish,EG10450_RNA,deadly_gene,True,0,False,expected_nonessential,False,2
459,hisI,hisi,EG10451_RNA,deadly_gene,True,0,False,expected_nonessential,False,2
461,hisS,hiss,EG10453_RNA,deadly_gene,True,1,True,expected_essential,True,2
472,lpxL,lpxl,EG10464_RNA,deadly_gene,True,0,False,expected_nonessential,False,2
473,ribB,ribb,EG10465_RNA,deadly_gene,True,0,False,expected_nonessential,False,2
500,ileS,iles,EG10492_RNA,deadly_gene,True,1,True,expected_essential,True,2
503,ilvC,ilvc,EG10495_RNA,deadly_gene,True,1,True,expected_essential,True,2
504,ilvD,ilvd,EG10496_RNA,deadly_gene,True,1,True,expected_essential,True,2
505,ilvE,ilve,EG10497_RNA,deadly_gene,True,1,True,expected_essential,True,2
528,waaA,waaa,EG10520_RNA,not_deadly,False,1,True,expected_essential,False,2
534,lacY,lacy,EG10526_RNA,not_deadly,False,0,False,expected_nonessential,True,2
540,leuS,leus,EG10532_RNA,deadly_gene,True,1,True,expected_essential,True,2
545,livG,livg,EG10537_RNA,deadly_gene,True,0,False,expected_nonessential,False,2
547,livJ,livj,EG10539_RNA,deadly_gene,True,0,False,expected_nonessential,False,2
557,lysA,lysa,EG10549_RNA,deadly_gene,True,0,False,expected_nonessential,False,2
568,malP,malp,EG10560_RNA,not_deadly,False,0,False,expected_nonessential,True,2
573,malZ,malz,EG10565_RNA,not_deadly,False,0,False,expected_nonessential,True,2
574,manA,mana,EG10566_RNA,not_deadly,False,0,False,expected_nonessential,True,2
589,metA,meta,EG10581_RNA,deadly_gene,True,0,False,expected_nonessential,False,2
590,metB,metb,EG10582_RNA,deadly_gene,True,0,False,expected_nonessential,False,2
593,metF,metf,EG10585_RNA,deadly_gene,True,1,True,expected_essential,True,2
594,metG,metg,EG10586_RNA,deadly_gene,True,1,True,expected_essential,True,2
621,msbA,msba,EG10613_RNA,not_deadly,False,1,True,expected_essential,False,2
637,emrE,emre,EG10629_RNA,deadly_gene,True,0,False,expected_nonessential,False,2
642,nagD,nagd,EG10634_RNA,not_deadly,False,0,False,expected_nonessential,True,2
645,nanA,nana,EG10637_RNA,not_deadly,False,0,False,expected_nonessential,True,2
658,ndk,ndk,EG10650_RNA,deadly_gene,True,0,False,expected_nonessential,False,2
660,nhaA,nhaa,EG10652_RNA,deadly_gene,True,0,False,expected_nonessential,False,2
662,nirC,nirc,EG10654_RNA,not_deadly,False,0,False,expected_nonessential,True,2
669,nrdB,nrdb,EG10661_RNA,not_deadly,False,0,False,expected_nonessential,True,2
679,ompF,ompf,EG10671_RNA,not_deadly,False,0,False,expected_nonessential,True,2
683,oppB,oppb,EG10675_RNA,not_deadly,False,0,False,expected_nonessential,True,2
707,pfkB,pfkb,EG10700_RNA,deadly_gene,True,0,False,expected_nonessential,False,2
714,pheA,phea,EG10707_RNA,deadly_gene,True,0,False,expected_nonessential,False,2
716,pheS,phes,EG10709_RNA,deadly_gene,True,1,True,expected_essential,True,2
717,pheT,phet,EG10710_RNA,deadly_gene,True,1,True,expected_essential,True,2
750,pntA,pnta,EG10744_RNA,not_deadly,False,0,False,expected_nonessential,True,2
756,potB,potb,EG10750_RNA,deadly_gene,True,0,False,expected_nonessential,False,2
761,ppa,ppa,EG10755_RNA,deadly_gene,True,1,True,expected_essential,True,2
765,ppsA,ppsa,EG10759_RNA,not_deadly,False,0,False,expected_nonessential,True,2
775,proC,proc,EG10769_RNA,deadly_gene,True,0,False,expected_nonessential,False,2
776,proS,pros,EG10770_RNA,deadly_gene,True,1,True,expected_essential,True,2
778,proW,prow,EG10772_RNA,not_deadly,False,0,False,expected_nonessential,True,2
780,prs,prs,EG10774_RNA,deadly_gene,True,1,True,expected_essential,True,2
788,pstA,psta,EG10782_RNA,not_deadly,False,0,False,expected_nonessential,True,2
796,purA,pura,EG10790_RNA,deadly_gene,True,1,True,expected_essential,True,2
797,purC,purc,EG10791_RNA,deadly_gene,True,1,True,expected_essential,True,2
798,purD,purd,EG10792_RNA,deadly_gene,True,1,True,expected_essential,True,2
799,purE,pure,EG10793_RNA,deadly_gene,True,1,True,expected_essential,True,2
800,purF,purf,EG10794_RNA,deadly_gene,True,1,True,expected_essential,True,2
801,purH,purh,EG10795_RNA,deadly_gene,True,1,True,expected_essential,True,2
802,purK,purk,EG10796_RNA,deadly_gene,True,1,True,expected_essential,True,2
803,purL,purl,EG10797_RNA,deadly_gene,True,1,True,expected_essential,True,2
804,purM,purm,EG10798_RNA,deadly_gene,True,1,True,expected_essential,True,2
809,pykA,pyka,EG10803_RNA,not_deadly,False,0,False,expected_nonessential,True,2
811,pyrB,pyrb,EG10805_RNA,deadly_gene,True,0,False,expected_nonessential,False,2
812,pyrC,pyrc,EG10806_RNA,deadly_gene,True,1,True,expected_essential,True,2
813,pyrD,pyrd,EG10807_RNA,deadly_gene,True,1,True,expected_essential,True,2
814,pyrE,pyre,EG10808_RNA,deadly_gene,True,0,False,expected_nonessential,False,2
815,pyrF,pyrf,EG10809_RNA,deadly_gene,True,1,True,expected_essential,True,2
816,pyrG,pyrg,EG10810_RNA,deadly_gene,True,1,True,expected_essential,True,2
817,pyrI,pyri,EG10811_RNA,deadly_gene,True,0,False,expected_nonessential,False,2
844,rfaD,rfad,EG10838_RNA,deadly_gene,True,0,False,expected_nonessential,False,2
870,rplA,rpla,EG10864_RNA,deadly_gene,True,1,True,expected_essential,True,2
871,rplB,rplb,EG10865_RNA,deadly_gene,True,1,True,expected_essential,True,2
872,rplC,rplc,EG10866_RNA,deadly_gene,True,1,True,expected_essential,True,2
873,rplD,rpld,EG10867_RNA,deadly_gene,True,1,True,expected_essential,True,2
874,rplE,rple,EG10868_RNA,deadly_gene,True,1,True,expected_essential,True,2
875,rplF,rplf,EG10869_RNA,deadly_gene,True,1,True,expected_essential,True,2
876,rplI,rpli,EG10870_RNA,deadly_gene,True,0,False,expected_nonessential,False,2
877,rplJ,rplj,EG10871_RNA,deadly_gene,True,1,True,expected_essential,True,2
878,rplK,rplk,EG10872_RNA,deadly_gene,True,1,True,expected_essential,True,2
879,rplL,rpll,EG10873_RNA,deadly_gene,True,1,True,expected_essential,True,2
880,rplM,rplm,EG10874_RNA,deadly_gene,True,1,True,expected_essential,True,2
881,rplN,rpln,EG10875_RNA,deadly_gene,True,1,True,expected_essential,True,2
882,rplO,rplo,EG10876_RNA,deadly_gene,True,1,True,expected_essential,True,2
883,rplP,rplp,EG10877_RNA,deadly_gene,True,1,True,expected_essential,True,2
884,rplQ,rplq,EG10878_RNA,deadly_gene,True,1,True,expected_essential,True,2
885,rplR,rplr,EG10879_RNA,deadly_gene,True,1,True,expected_essential,True,2
886,rplS,rpls,EG10880_RNA,deadly_gene,True,1,True,expected_essential,True,2
887,rplT,rplt,EG10881_RNA,deadly_gene,True,1,True,expected_essential,True,2
888,rplV,rplv,EG10882_RNA,deadly_gene,True,1,True,expected_essential,True,2
889,rplW,rplw,EG10883_RNA,deadly_gene,True,1,True,expected_essential,True,2
890,rplX,rplx,EG10884_RNA,deadly_gene,True,1,True,expected_essential,True,2
891,rplY,rply,EG10885_RNA,deadly_gene,True,1,True,expected_essential,True,2
892,rpmB,rpmb,EG10886_RNA,deadly_gene,True,1,True,expected_essential,True,2
893,rpmC,rpmc,EG10887_RNA,deadly_gene,True,0,False,expected_nonessential,False,2
894,rpmD,rpmd,EG10888_RNA,deadly_gene,True,1,True,expected_essential,True,2
895,rpmE,rpme,EG10889_RNA,deadly_gene,True,0,False,expected_nonessential,False,2
896,rpmF,rpmf,EG10890_RNA,deadly_gene,True,0,False,expected_nonessential,False,2
897,rpmG,rpmg,EG10891_RNA,deadly_gene,True,0,False,expected_nonessential,False,2
898,rpmH,rpmh,EG10892_RNA,deadly_gene,True,1,True,expected_essential,True,2
899,rpoA,rpoa,EG10893_RNA,deadly_gene,True,1,True,expected_essential,True,2
900,rpoB,rpob,EG10894_RNA,deadly_gene,True,0,False,expected_nonessential,False,2
901,rpoC,rpoc,EG10895_RNA,deadly_gene,True,0,False,expected_nonessential,False,2
906,rpsA,rpsa,EG10900_RNA,deadly_gene,True,1,True,expected_essential,True,2
907,rpsB,rpsb,EG10901_RNA,deadly_gene,True,1,True,expected_essential,True,2
908,rpsC,rpsc,EG10902_RNA,deadly_gene,True,1,True,expected_essential,True,2
909,rpsD,rpsd,EG10903_RNA,deadly_gene,True,0,False,expected_nonessential,False,2
910,rpsE,rpse,EG10904_RNA,deadly_gene,True,1,True,expected_essential,True,2
911,rpsF,rpsf,EG10905_RNA,deadly_gene,True,1,True,expected_essential,True,2
912,rpsG,rpsg,EG10906_RNA,deadly_gene,True,1,True,expected_essential,True,2
913,rpsH,rpsh,EG10907_RNA,deadly_gene,True,1,True,expected_essential,True,2
914,rpsI,rpsi,EG10908_RNA,deadly_gene,True,0,False,expected_nonessential,False,2
915,rpsJ,rpsj,EG10909_RNA,deadly_gene,True,1,True,expected_essential,True,2
916,rpsK,rpsk,EG10910_RNA,deadly_gene,True,1,True,expected_essential,True,2
917,rpsL,rpsl,EG10911_RNA,deadly_gene,True,1,True,expected_essential,True,2
918,rpsM,rpsm,EG10912_RNA,deadly_gene,True,1,True,expected_essential,True,2
919,rpsN,rpsn,EG10913_RNA,deadly_gene,True,1,True,expected_essential,True,2
920,rpsO,rpso,EG10914_RNA,deadly_gene,True,1,True,expected_essential,True,2
921,rpsP,rpsp,EG10915_RNA,deadly_gene,True,0,False,expected_nonessential,False,2
922,rpsQ,rpsq,EG10916_RNA,deadly_gene,True,1,True,expected_essential,True,2
923,rpsR,rpsr,EG10917_RNA,deadly_gene,True,1,True,expected_essential,True,2
924,rpsS,rpss,EG10918_RNA,deadly_gene,True,1,True,expected_essential,True,2
925,rpsT,rpst,EG10919_RNA,deadly_gene,True,1,True,expected_essential,True,2
926,rpsU,rpsu,EG10920_RNA,deadly_gene,True,1,True,expected_essential,True,2
932,sbmA,sbma,EG10928_RNA,not_deadly,False,0,False,expected_nonessential,True,2
950,serC,serc,EG10946_RNA,not_deadly,False,1,True,expected_essential,False,2
951,serS,sers,EG10947_RNA,deadly_gene,True,1,True,expected_essential,True,2
969,gmk,gmk,EG10965_RNA,deadly_gene,True,1,True,expected_essential,True,2
984,sucB,sucb,EG10980_RNA,not_deadly,False,1,True,expected_essential,False,2
986,sucD,sucd,EG10982_RNA,not_deadly,False,0,False,expected_nonessential,True,2
1003,thrB,thrb,EG10999_RNA,deadly_gene,True,1,True,expected_essential,True,2
1004,thrC,thrc,EG11000_RNA,deadly_gene,True,1,True,expected_essential,True,2
1005,thrS,thrs,EG11001_RNA,deadly_gene,True,1,True,expected_essential,True,2
1006,thyA,thya,EG11002_RNA,deadly_gene,True,0,False,expected_nonessential,False,2
1009,tnaA,tnaa,EG11005_RNA,not_deadly,False,0,False,expected_nonessential,True,2
1012,tolB,tolb,EG11008_RNA,not_deadly,False,0,False,expected_nonessential,True,2
1028,trpA,trpa,EG11024_RNA,deadly_gene,True,0,False,expected_nonessential,False,2
1030,trpC,trpc,EG11026_RNA,deadly_gene,True,0,False,expected_nonessential,False,2
1031,trpD,trpd,EG11027_RNA,deadly_gene,True,0,False,expected_nonessential,False,2
1032,trpE,trpe,EG11028_RNA,deadly_gene,True,0,False,expected_nonessential,False,2
1033,trpR,trpr,EG11029_RNA,not_deadly,False,0,False,expected_nonessential,True,2
1034,trpS,trps,EG11030_RNA,deadly_gene,True,1,True,expected_essential,True,2
1036,trxB,trxb,EG11032_RNA,deadly_gene,True,0,False,expected_nonessential,False,2
1043,tyrA,tyra,EG11039_RNA,deadly_gene,True,0,False,expected_nonessential,False,2
1044,tyrB,tyrb,EG11040_RNA,not_deadly,False,0,False,expected_nonessential,True,2
1045,tyrP,tyrp,EG11041_RNA,not_deadly,False,0,False,expected_nonessential,True,2
1047,tyrS,tyrs,EG11043_RNA,deadly_gene,True,1,True,expected_essential,True,2
1054,ugpQ,ugpq,EG11050_RNA,not_deadly,False,0,False,expected_nonessential,True,2
1071,valS,vals,EG11067_RNA,deadly_gene,True,1,True,expected_essential,True,2
1078,xylA,xyla,EG11074_RNA,not_deadly,False,0,False,expected_nonessential,True,2
1079,xylB,xylb,EG11075_RNA,not_deadly,False,0,False,expected_nonessential,True,2
1085,rihC,rihc,EG11082_RNA,not_deadly,False,0,False,expected_nonessential,True,2
1105,gsk,gsk,EG11102_RNA,not_deadly,False,0,False,expected_nonessential,True,2
1113,aat,aat,EG11112_RNA,not_deadly,False,0,False,expected_nonessential,True,2
1120,yciA,ycia,EG11121_RNA,not_deadly,False,0,False,expected_nonessential,True,2
1167,ttdB,ttdb,EG11169_RNA,not_deadly,False,0,False,expected_nonessential,True,2
1194,glmU,glmu,EG11198_RNA,not_deadly,False,1,True,expected_essential,False,2
1214,zwf,zwf,EG11221_RNA,not_deadly,False,0,False,expected_nonessential,True,2
1216,argH,argh,EG11223_RNA,deadly_gene,True,1,True,expected_essential,True,2
1219,leuA,leua,EG11226_RNA,deadly_gene,True,1,True,expected_essential,True,2
1220,fdnG,fdng,EG11227_RNA,not_deadly,False,0,False,expected_nonessential,True,2
1224,rpmI,rpmi,EG11231_RNA,deadly_gene,True,0,False,expected_nonessential,False,2
1225,rpmJ,rpmj,EG11232_RNA,deadly_gene,True,0,False,expected_nonessential,False,2
1257,fmt,fmt,EG11268_RNA,not_deadly,False,0,False,expected_nonessential,True,2
1273,argE,arge,EG11286_RNA,deadly_gene,True,0,False,expected_nonessential,False,2
1275,mak,mak,EG11288_RNA,not_deadly,False,0,False,expected_nonessential,True,2
1299,purB,purb,EG11314_RNA,deadly_gene,True,1,True,expected_essential,True,2
1303,fabG,fabg,EG11318_RNA,not_deadly,False,1,True,expected_essential,False,2
1318,visC,visc,EG11333_RNA,not_deadly,False,0,False,expected_nonessential,True,2
1320,nadR,nadr,EG11335_RNA,not_deadly,False,0,False,expected_nonessential,True,2
1334,waaB,waab,EG11351_RNA,not_deadly,False,0,False,expected_nonessential,True,2
1357,folE,fole,EG11375_RNA,not_deadly,False,1,True,expected_essential,False,2
1361,appB,appb,EG11379_RNA,not_deadly,False,0,False,expected_nonessential,True,2
1406,sthA,stha,EG11428_RNA,not_deadly,False,0,False,expected_nonessential,True,2
1421,rpiA,rpia,EG11443_RNA,deadly_gene,True,0,False,expected_nonessential,False,2
1439,corA,cora,EG11463_RNA,not_deadly,False,0,False,expected_nonessential,True,2
1446,yigL,yigl,EG11470_RNA,not_deadly,False,0,False,expected_nonessential,True,2
1460,gadB,gadb,EG11490_RNA,not_deadly,False,0,False,expected_nonessential,True,2
1478,sra,sra,EG11508_RNA,deadly_gene,True,0,False,expected_nonessential,False,2
1507,pyrH,pyrh,EG11539_RNA,deadly_gene,True,1,True,expected_essential,True,2
1514,nadC,nadc,EG11546_RNA,not_deadly,False,1,True,expected_essential,False,2
1523,talB,talb,EG11556_RNA,not_deadly,False,0,False,expected_nonessential,True,2
1541,leuD,leud,EG11575_RNA,deadly_gene,True,0,False,expected_nonessential,False,2
1542,leuC,leuc,EG11576_RNA,deadly_gene,True,1,True,expected_essential,True,2
1543,leuB,leub,EG11577_RNA,not_deadly,False,1,True,expected_essential,False,2
1582,rnb,rnb,EG11620_RNA,not_deadly,False,0,False,expected_nonessential,True,2
1583,metN,metn,EG11621_RNA,not_deadly,False,0,False,expected_nonessential,True,2
1592,potG,potg,EG11630_RNA,not_deadly,False,0,False,expected_nonessential,True,2
1593,potH,poth,EG11631_RNA,not_deadly,False,0,False,expected_nonessential,True,2
1594,potI,poti,EG11632_RNA,not_deadly,False,0,False,expected_nonessential,True,2
1605,accA,acca,EG11647_RNA,not_deadly,False,1,True,expected_essential,False,2
1620,slyD,slyd,EG11663_RNA,not_deadly,False,0,False,expected_nonessential,True,2
1630,folB,folb,EG11673_RNA,not_deadly,False,1,True,expected_essential,False,2
1649,ade,ade,EG11692_RNA,not_deadly,False,0,False,expected_nonessential,True,2
1656,gpmA,gpma,EG11699_RNA,not_deadly,False,0,False,expected_nonessential,True,2
1689,gmhB,gmhb,EG11736_RNA,not_deadly,False,0,False,expected_nonessential,True,2
1698,panC,panc,EG11746_RNA,not_deadly,False,0,False,expected_nonessential,True,2
1744,lplA,lpla,EG11796_RNA,not_deadly,False,0,False,expected_nonessential,True,2
1758,gcvP,gcvp,EG11810_RNA,not_deadly,False,0,False,expected_nonessential,True,2
1765,purU,puru,EG11819_RNA,not_deadly,False,0,False,expected_nonessential,True,2
1795,yihX,yihx,EG11850_RNA,not_deadly,False,0,False,expected_nonessential,True,2
1811,rhaD,rhad,EG11866_RNA,not_deadly,False,0,False,expected_nonessential,True,2
1812,rhaA,rhaa,EG11867_RNA,not_deadly,False,0,False,expected_nonessential,True,2
1876,aphA,apha,EG11934_RNA,not_deadly,False,0,False,expected_nonessential,True,2
1898,alsE,alse,EG11957_RNA,not_deadly,False,0,False,expected_nonessential,True,2
1903,lldD,lldd,EG11963_RNA,not_deadly,False,0,False,expected_nonessential,True,2
1910,nupC,nupc,EG11971_RNA,not_deadly,False,0,False,expected_nonessential,True,2
1957,yeiG,yeig,EG12026_RNA,not_deadly,False,0,False,expected_nonessential,True,2
1961,rihB,rihb,EG12030_RNA,not_deadly,False,0,False,expected_nonessential,True,2
1970,yejE,yeje,EG12040_RNA,not_deadly,False,0,False,expected_nonessential,True,2
1995,nikA,nika,EG12075_RNA,not_deadly,False,0,False,expected_nonessential,True,2
1998,nikD,nikd,EG12078_RNA,not_deadly,False,0,False,expected_nonessential,True,2
2006,nuoG,nuog,EG12087_RNA,not_deadly,False,0,False,expected_nonessential,True,2
2007,nuoH,nuoh,EG12088_RNA,not_deadly,False,0,False,expected_nonessential,True,2
2059,pgm,pgm,EG12144_RNA,not_deadly,False,0,False,expected_nonessential,True,2
2143,treF,tref,EG12245_RNA,not_deadly,False,0,False,expected_nonessential,True,2
2182,sgbU,sgbu,EG12286_RNA,not_deadly,False,0,False,expected_nonessential,True,2
2189,yiaY,yiay,EG12293_RNA,not_deadly,False,0,False,expected_nonessential,True,2
2196,tmk,tmk,EG12302_RNA,deadly_gene,True,1,True,expected_essential,True,2
2204,coaE,coae,EG12312_RNA,not_deadly,False,0,False,expected_nonessential,True,2
2210,can,can,EG12319_RNA,not_deadly,False,1,True,expected_essential,False,2
2264,ybcF,ybcf,EG12384_RNA,not_deadly,False,0,False,expected_nonessential,True,2
2293,gatY,gaty,EG12419_RNA,not_deadly,False,0,False,expected_nonessential,True,2
2297,prmC,prmc,EG12424_RNA,not_deadly,False,0,False,expected_nonessential,True,2
2306,menE,mene,EG12437_RNA,not_deadly,False,0,False,expected_nonessential,True,2
2326,cycA,cyca,EG12504_RNA,not_deadly,False,0,False,expected_nonessential,True,2
2338,gntP,gntp,EG12563_RNA,not_deadly,False,0,False,expected_nonessential,True,2
2352,dppB,dppb,EG12625_RNA,not_deadly,False,0,False,expected_nonessential,True,2
2354,dppD,dppd,EG12627_RNA,not_deadly,False,0,False,expected_nonessential,True,2
2359,nudF,nudf,EG12633_RNA,not_deadly,False,0,False,expected_nonessential,True,2
2365,gltK,gltk,EG12662_RNA,not_deadly,False,0,False,expected_nonessential,True,2
2366,gltL,gltl,EG12663_RNA,not_deadly,False,0,False,expected_nonessential,True,2
2367,lpxH,lpxh,EG12666_RNA,not_deadly,False,1,True,expected_essential,False,2
2384,luxS,luxs,EG12712_RNA,not_deadly,False,0,False,expected_nonessential,True,2
2385,yddG,yddg,EG12713_RNA,not_deadly,False,0,False,expected_nonessential,True,2
2386,dxr,dxr,EG12715_RNA,not_deadly,False,0,False,expected_nonessential,True,2
2441,glk,glk,EG12957_RNA,not_deadly,False,0,False,expected_nonessential,True,2
2453,dgoA,dgoa,EG20049_RNA,not_deadly,False,0,False,expected_nonessential,True,2
2461,uxuB,uxub,EG20248_RNA,not_deadly,False,0,False,expected_nonessential,True,2
2466,rplU,rplu,EG50001_RNA,deadly_gene,True,0,False,expected_nonessential,False,2
2467,rpmA,rpma,EG50002_RNA,deadly_gene,True,1,True,expected_essential,True,2
2471,eutB,eutb,EG50006_RNA,not_deadly,False,0,False,expected_nonessential,True,2
2476,folP,folp,EG50011_RNA,not_deadly,False,0,False,expected_nonessential,True,2
2491,ybgT,ybgt,G0-10441_RNA,not_deadly,False,0,False,expected_nonessential,True,2
2647,maa,maa,G58_RNA,not_deadly,False,0,False,expected_nonessential,True,2
2656,ispU,ispu,G6092_RNA,not_deadly,False,1,True,expected_essential,False,2
2660,tilS,tils,G6096_RNA,not_deadly,False,0,False,expected_nonessential,True,2
2669,fadE,fade,G6105_RNA,not_deadly,False,0,False,expected_nonessential,True,2
2758,prpD,prpd,G6199_RNA,not_deadly,False,0,False,expected_nonessential,True,2
2786,thiL,thil,G6234_RNA,deadly_gene,True,0,False,expected_nonessential,False,2
2788,dxs,dxs,G6237_RNA,not_deadly,False,1,True,expected_essential,False,2
2790,panE,pane,G6239_RNA,not_deadly,False,0,False,expected_nonessential,True,2
2809,ybaS,ybas,G6261_RNA,not_deadly,False,0,False,expected_nonessential,True,2
2817,ybbO,ybbo,G6269_RNA,not_deadly,False,0,False,expected_nonessential,True,2
2829,glxK,glxk,G6283_RNA,not_deadly,False,0,False,expected_nonessential,True,2
2905,miaB,miab,G6364_RNA,not_deadly,False,0,False,expected_nonessential,True,2
2926,pgl,pgl,G6397_RNA,not_deadly,False,0,False,expected_nonessential,True,2
2965,yliI,ylii,G6437_RNA,not_deadly,False,0,False,expected_nonessential,True,2
2970,ybjI,ybji,G6442_RNA,not_deadly,False,0,False,expected_nonessential,True,2
2996,ycaO,ycao,G6468_RNA,not_deadly,False,0,False,expected_nonessential,True,2
3025,mgsA,mgsa,G6497_RNA,not_deadly,False,0,False,expected_nonessential,True,2
3031,etp,etp,G6503_RNA,not_deadly,False,0,False,expected_nonessential,True,2
3044,rutG,rutg,G6517_RNA,not_deadly,False,0,False,expected_nonessential,True,2
3082,murJ,murj,G6561_RNA,deadly_gene,True,1,True,expected_essential,True,2
3146,dhaL,dhal,G6626_RNA,not_deadly,False,0,False,expected_nonessential,True,2
3147,dhaK,dhak,G6627_RNA,not_deadly,False,0,False,expected_nonessential,True,2
3163,puuP,puup,G6643_RNA,not_deadly,False,0,False,expected_nonessential,True,2
3182,mpaA,mpaa,G6662_RNA,not_deadly,False,0,False,expected_nonessential,True,2
3218,ydbK,ydbk,G6701_RNA,not_deadly,False,0,False,expected_nonessential,True,2
3225,paaA,paaa,G6709_RNA,not_deadly,False,0,False,expected_nonessential,True,2
3226,paaB,paab,G6710_RNA,not_deadly,False,0,False,expected_nonessential,True,2
3227,paaC,paac,G6711_RNA,not_deadly,False,0,False,expected_nonessential,True,2
3245,azoR,azor,G6731_RNA,not_deadly,False,0,False,expected_nonessential,True,2
3278,nhoA,nhoa,G6770_RNA,not_deadly,False,0,False,expected_nonessential,True,2
3283,adhP,adhp,G6775_RNA,not_deadly,False,0,False,expected_nonessential,True,2
3308,lsrA,lsra,G6800_RNA,not_deadly,False,0,False,expected_nonessential,True,2
3350,speG,speg,G6842_RNA,not_deadly,False,0,False,expected_nonessential,True,2
3385,tppB,tppb,G6877_RNA,not_deadly,False,0,False,expected_nonessential,True,2
3387,pdxY,pdxy,G6879_RNA,not_deadly,False,0,False,expected_nonessential,True,2
3448,astB,astb,G6941_RNA,not_deadly,False,0,False,expected_nonessential,True,2
3450,astA,asta,G6943_RNA,not_deadly,False,0,False,expected_nonessential,True,2
3632,rcnA,rcna,G7138_RNA,deadly_gene,True,0,False,expected_nonessential,False,2
3645,yfaU,yfau,G7158_RNA,not_deadly,False,0,False,expected_nonessential,True,2
3671,yfbR,yfbr,G7185_RNA,not_deadly,False,0,False,expected_nonessential,True,2
3778,maeB,maeb,G7293_RNA,not_deadly,False,0,False,expected_nonessential,True,2
3808,iscS,iscs,G7325_RNA,not_deadly,False,0,False,expected_nonessential,True,2
3873,alaE,alae,G7399_RNA,not_deadly,False,0,False,expected_nonessential,True,2
3880,ygaH,ygah,G7406_RNA,not_deadly,False,0,False,expected_nonessential,True,2
3895,ispD,ispd,G7423_RNA,not_deadly,False,1,True,expected_essential,False,2
3919,truC,truc,G7449_RNA,not_deadly,False,0,False,expected_nonessential,True,2
3924,csdA,csda,G7454_RNA,deadly_gene,True,0,False,expected_nonessential,False,2
3955,xdhB,xdhb,G7486_RNA,not_deadly,False,0,False,expected_nonessential,True,2
3970,xanQ,xanq,G7501_RNA,deadly_gene,True,0,False,expected_nonessential,False,2
3975,uacT,uact,G7507_RNA,not_deadly,False,0,False,expected_nonessential,True,2
3984,scpB,scpb,G7516_RNA,not_deadly,False,0,False,expected_nonessential,True,2
3997,rdgB,rdgb,G7530_RNA,not_deadly,False,0,False,expected_nonessential,True,2
4000,mltC,mltc,G7533_RNA,deadly_gene,True,0,False,expected_nonessential,False,2
4008,glcA,glca,G7542_RNA,not_deadly,False,0,False,expected_nonessential,True,2
4010,glcE,glce,G7544_RNA,deadly_gene,True,0,False,expected_nonessential,False,2
4028,dkgA,dkga,G7565_RNA,not_deadly,False,0,False,expected_nonessential,True,2
4040,cpdA,cpda,G7579_RNA,deadly_gene,True,0,False,expected_nonessential,False,2
4100,yhbO,yhbo,G7647_RNA,not_deadly,False,0,False,expected_nonessential,True,2
4113,kdsD,kdsd,G7662_RNA,not_deadly,False,0,False,expected_nonessential,True,2
4114,kdsC,kdsc,G7663_RNA,not_deadly,False,1,True,expected_essential,False,2
4115,lptC,lptc,G7664_RNA,not_deadly,False,0,False,expected_nonessential,True,2
4116,lptA,lpta,G7665_RNA,not_deadly,False,1,True,expected_essential,False,2
4126,nanK,nank,G7676_RNA,not_deadly,False,0,False,expected_nonessential,True,2
4127,nanE,nane,G7677_RNA,not_deadly,False,0,False,expected_nonessential,True,2
4163,fkpA,fkpa,G7716_RNA,not_deadly,False,0,False,expected_nonessential,True,2
4169,frlB,frlb,G7723_RNA,not_deadly,False,0,False,expected_nonessential,True,2
4171,frlD,frld,G7726_RNA,not_deadly,False,0,False,expected_nonessential,True,2
4187,yrfG,yrfg,G7742_RNA,not_deadly,False,0,False,expected_nonessential,True,2
4223,dcuR,dcur,G7826_RNA,not_deadly,False,0,False,expected_nonessential,True,2
4229,yjeH,yjeh,G7833_RNA,not_deadly,False,0,False,expected_nonessential,True,2
4232,epmB,epmb,G7836_RNA,not_deadly,False,0,False,expected_nonessential,True,2
4238,orn,orn,G7842_RNA,not_deadly,False,1,True,expected_essential,False,2
4253,ulaD,ulad,G7858_RNA,not_deadly,False,0,False,expected_nonessential,True,2
4254,ulaE,ulae,G7859_RNA,not_deadly,False,0,False,expected_nonessential,True,2
4255,ulaF,ulaf,G7860_RNA,not_deadly,False,0,False,expected_nonessential,True,2
4260,fklB,fklb,G7865_RNA,not_deadly,False,0,False,expected_nonessential,True,2
4263,ytfG,ytfg,G7868_RNA,not_deadly,False,0,False,expected_nonessential,True,2
4281,lptF,lptf,G7888_RNA,not_deadly,False,1,True,expected_essential,False,2
4282,lptG,lptg,G7889_RNA,not_deadly,False,1,True,expected_essential,False,2
4285,idnO,idno,G7892_RNA,not_deadly,False,0,False,expected_nonessential,True,2
4286,idnD,idnd,G7893_RNA,not_deadly,False,0,False,expected_nonessential,True,2
4303,yjhH,yjhh,G7911_RNA,not_deadly,False,0,False,expected_nonessential,True,2
4338,bglJ,bglj,G7948_RNA,not_deadly,False,0,False,expected_nonessential,True,2
4365,rpe,rpe,M004_RNA,not_deadly,False,0,False,expected_nonessential,True,2
